-- phpMyAdmin SQL Dump
-- version 4.8.5
-- https://www.phpmyadmin.net/
--
-- Host: localhost
-- Generation Time: Dec 05, 2019 at 05:56 PM
-- Server version: 10.1.38-MariaDB
-- PHP Version: 7.3.3

SET SQL_MODE = "NO_AUTO_VALUE_ON_ZERO";
SET AUTOCOMMIT = 0;
START TRANSACTION;
SET time_zone = "+00:00";


/*!40101 SET @OLD_CHARACTER_SET_CLIENT=@@CHARACTER_SET_CLIENT */;
/*!40101 SET @OLD_CHARACTER_SET_RESULTS=@@CHARACTER_SET_RESULTS */;
/*!40101 SET @OLD_COLLATION_CONNECTION=@@COLLATION_CONNECTION */;
/*!40101 SET NAMES utf8mb4 */;

--
-- Database: `manajemen_data`
--

-- --------------------------------------------------------

--
-- Table structure for table `access_category`
--

CREATE TABLE `access_category` (
  `id` int(11) NOT NULL,
  `kategori` varchar(45) DEFAULT NULL
) ENGINE=InnoDB DEFAULT CHARSET=latin1;

--
-- Dumping data for table `access_category`
--

INSERT INTO `access_category` (`id`, `kategori`) VALUES
(1, 'READ'),
(2, 'WRITE');

-- --------------------------------------------------------

--
-- Table structure for table `dokumen_detail_form_body_input`
--

CREATE TABLE `dokumen_detail_form_body_input` (
  `id` int(11) NOT NULL,
  `dokumen_room_body_form` int(11) NOT NULL,
  `isi` text,
  `createddate` date DEFAULT NULL,
  `createdby` int(11) DEFAULT NULL,
  `updateddate` datetime DEFAULT NULL,
  `updatedby` int(11) DEFAULT NULL,
  `deleted` int(11) DEFAULT '0'
) ENGINE=InnoDB DEFAULT CHARSET=latin1;

-- --------------------------------------------------------

--
-- Table structure for table `dokumen_room_body_form`
--

CREATE TABLE `dokumen_room_body_form` (
  `id` int(11) NOT NULL,
  `no_input` varchar(150) DEFAULT NULL,
  `room_body` int(11) NOT NULL,
  `createddate` date DEFAULT NULL,
  `createdby` int(11) DEFAULT NULL,
  `updateddate` datetime DEFAULT NULL,
  `updatedby` int(11) DEFAULT NULL,
  `deleted` int(11) DEFAULT '0'
) ENGINE=InnoDB DEFAULT CHARSET=latin1;

-- --------------------------------------------------------

--
-- Table structure for table `feature`
--

CREATE TABLE `feature` (
  `id` int(11) NOT NULL,
  `parent` int(11) DEFAULT NULL,
  `name` varchar(150) DEFAULT NULL,
  `url` text,
  `description` text,
  `visible` int(11) DEFAULT '1',
  `icon` varchar(150) DEFAULT NULL,
  `row` int(11) DEFAULT NULL,
  `createddate` date DEFAULT NULL,
  `createdby` int(11) DEFAULT NULL,
  `updateddate` datetime DEFAULT NULL,
  `updatedby` int(11) DEFAULT NULL,
  `deleted` int(11) DEFAULT '0'
) ENGINE=InnoDB DEFAULT CHARSET=latin1;

--
-- Dumping data for table `feature`
--

INSERT INTO `feature` (`id`, `parent`, `name`, `url`, `description`, `visible`, `icon`, `row`, `createddate`, `createdby`, `updateddate`, `updatedby`, `deleted`) VALUES
(1, NULL, 'Dashboard', 'dashboard', NULL, 1, 'fa fa-inbox', 1, NULL, NULL, NULL, NULL, 0),
(2, NULL, 'Organisasi', NULL, NULL, 1, 'fa fa-folder-o', 2, NULL, NULL, NULL, NULL, 0),
(3, 2, 'Pegawai', 'pegawai', NULL, 1, 'fa fa-file-text-o', NULL, NULL, NULL, NULL, NULL, 0),
(4, 2, 'Jabatan', 'jabatan', NULL, 1, 'fa fa-file-text-o', NULL, NULL, NULL, NULL, NULL, 0),
(5, 2, 'Struktur Jabatan', 'strukturorg', NULL, 1, 'fa fa-file-text-o', NULL, NULL, NULL, NULL, NULL, 0),
(6, 2, 'ULTG', 'ultg', NULL, 1, 'fa fa-file-text-o', NULL, NULL, NULL, NULL, NULL, 0),
(7, 11, 'Dailytask', 'dailytask', NULL, 1, 'fa fa-file-text-o', NULL, NULL, NULL, NULL, NULL, 0),
(8, 9, 'User', 'user', NULL, 1, 'fa fa-file-text-o', NULL, NULL, NULL, NULL, NULL, 0),
(9, NULL, 'Master', NULL, 'Master Data', 1, 'fa fa-folder-o', 3, NULL, NULL, NULL, NULL, 0),
(10, 9, 'Fitur', 'fitur', 'Fitur Aplikasi', 1, 'fa fa-file-text-o', NULL, NULL, NULL, NULL, NULL, 0),
(11, NULL, 'Task', NULL, 'Task Pegawai', 1, 'fa fa-folder-o', 4, NULL, NULL, NULL, NULL, 0),
(12, 11, 'History Dailytask', 'historydaily', 'Histori Dailitask', 1, 'fa fa-file-text-o', NULL, NULL, NULL, NULL, NULL, 0),
(13, 11, 'Daily Task Bawahan', 'dailytaskbawahan', 'Daily Task Bawahan', 1, 'fa fa-file-text-o', NULL, NULL, NULL, NULL, NULL, 0),
(14, 11, 'Grafik Daily Task', 'grafikdaily', 'Grafik Daily Task', 1, 'fa fa-file-text-o', NULL, NULL, NULL, NULL, NULL, 0),
(15, NULL, 'Database', 'basedata', 'Database ', 1, 'fa fa-folder-o', 5, NULL, NULL, NULL, NULL, 0),
(16, 15, 'Table', 'basedata', NULL, 1, 'fa fa-file-text-o', NULL, NULL, NULL, NULL, NULL, 0),
(17, NULL, 'Inbox', 'inbox', 'Kotak Masuk ', 1, 'fa fa-comment', 8, NULL, NULL, NULL, NULL, 0),
(18, NULL, 'Workplan', NULL, 'Workplan Data', 1, 'fa fa-folder-o', 6, NULL, NULL, NULL, NULL, 0),
(19, 18, 'Plan', 'plan', 'Membuat Workplan', 1, 'fa fa-file-text-o', NULL, NULL, NULL, NULL, NULL, 0),
(20, 18, 'Plan Permission', 'plan_permission', 'Modul yang input pegawai tertentu', 1, 'fa fa-file-text-o', NULL, NULL, NULL, NULL, NULL, 0),
(21, NULL, 'Laporan', NULL, NULL, 1, 'fa fa-folder-o', 7, NULL, NULL, NULL, NULL, 0),
(22, 21, 'Rekap Permission User', 'rekapuser', 'Laporan Rekapan Permission User', 1, 'fa fa-file-text-o', NULL, NULL, NULL, NULL, NULL, 0);

-- --------------------------------------------------------

--
-- Table structure for table `feature_set`
--

CREATE TABLE `feature_set` (
  `id` int(11) NOT NULL,
  `feature` int(11) NOT NULL,
  `user` int(11) NOT NULL,
  `createddate` date DEFAULT NULL,
  `createdby` int(11) DEFAULT NULL,
  `updateddate` datetime DEFAULT NULL,
  `updatedby` int(11) DEFAULT NULL,
  `deleted` int(11) DEFAULT '0'
) ENGINE=InnoDB DEFAULT CHARSET=latin1;

--
-- Dumping data for table `feature_set`
--

INSERT INTO `feature_set` (`id`, `feature`, `user`, `createddate`, `createdby`, `updateddate`, `updatedby`, `deleted`) VALUES
(1, 1, 1, NULL, NULL, NULL, NULL, 0),
(2, 2, 1, NULL, NULL, NULL, NULL, 0),
(3, 3, 1, NULL, NULL, NULL, NULL, 0),
(5, 5, 1, NULL, NULL, NULL, NULL, 0),
(7, 7, 1, NULL, NULL, NULL, NULL, 0),
(8, 8, 1, NULL, NULL, NULL, NULL, 0),
(9, 9, 1, NULL, NULL, NULL, NULL, 0),
(10, 10, 1, NULL, NULL, NULL, NULL, 0),
(13, 11, 1, NULL, NULL, NULL, NULL, 0),
(15, 12, 1, NULL, NULL, NULL, NULL, 0),
(26, 13, 1, NULL, NULL, NULL, NULL, 0),
(27, 14, 1, NULL, NULL, NULL, NULL, 0),
(46, 1, 3, '2019-09-03', 1, NULL, NULL, 0),
(47, 7, 3, '2019-09-03', 1, NULL, NULL, 0),
(48, 11, 3, '2019-09-03', 1, NULL, NULL, 0),
(49, 12, 3, '2019-09-03', 1, NULL, NULL, 0),
(50, 13, 3, '2019-09-03', 1, NULL, NULL, 0),
(51, 14, 3, '2019-09-03', 1, NULL, NULL, 0),
(52, 1, 4, '2019-09-03', 1, NULL, NULL, 0),
(53, 1, 5, '2019-09-03', 1, NULL, NULL, 0),
(54, 1, 6, '2019-09-03', 1, NULL, NULL, 0),
(55, 1, 7, '2019-09-03', 1, NULL, NULL, 0),
(56, 1, 8, '2019-09-03', 1, NULL, NULL, 0),
(57, 1, 9, '2019-09-03', 1, NULL, NULL, 0),
(58, 1, 10, '2019-09-03', 1, NULL, NULL, 0),
(59, 1, 11, '2019-09-03', 1, NULL, NULL, 0),
(60, 1, 12, '2019-09-03', 1, NULL, NULL, 0),
(61, 1, 13, '2019-09-03', 1, NULL, NULL, 0),
(62, 1, 14, '2019-09-03', 1, NULL, NULL, 0),
(63, 1, 15, '2019-09-03', 1, NULL, NULL, 0),
(64, 1, 16, '2019-09-03', 1, NULL, NULL, 0),
(65, 1, 17, '2019-09-03', 1, NULL, NULL, 0),
(66, 1, 18, '2019-09-03', 1, NULL, NULL, 0),
(67, 1, 19, '2019-09-03', 1, NULL, NULL, 0),
(68, 1, 20, '2019-09-03', 1, NULL, NULL, 0),
(69, 1, 21, '2019-09-03', 1, NULL, NULL, 0),
(70, 1, 22, '2019-09-03', 1, NULL, NULL, 0),
(71, 1, 23, '2019-09-03', 1, NULL, NULL, 0),
(72, 1, 24, '2019-09-03', 1, NULL, NULL, 0),
(73, 1, 25, '2019-09-03', 1, NULL, NULL, 0),
(74, 1, 26, '2019-09-03', 1, NULL, NULL, 0),
(75, 1, 27, '2019-09-03', 1, NULL, NULL, 0),
(76, 1, 28, '2019-09-03', 1, NULL, NULL, 0),
(77, 1, 29, '2019-09-03', 1, NULL, NULL, 0),
(78, 1, 30, '2019-09-03', 1, NULL, NULL, 0),
(79, 1, 31, '2019-09-03', 1, NULL, NULL, 0),
(80, 1, 32, '2019-09-03', 1, NULL, NULL, 0),
(81, 1, 33, '2019-09-03', 1, NULL, NULL, 0),
(82, 1, 34, '2019-09-03', 1, NULL, NULL, 0),
(83, 1, 35, '2019-09-03', 1, NULL, NULL, 0),
(84, 1, 36, '2019-09-03', 1, NULL, NULL, 0),
(85, 1, 37, '2019-09-03', 1, NULL, NULL, 0),
(86, 1, 38, '2019-09-03', 1, NULL, NULL, 0),
(87, 1, 39, '2019-09-03', 1, NULL, NULL, 0),
(88, 1, 40, '2019-09-03', 1, NULL, NULL, 0),
(89, 1, 41, '2019-09-03', 1, NULL, NULL, 0),
(90, 1, 42, '2019-09-03', 1, NULL, NULL, 0),
(91, 1, 43, '2019-09-03', 1, NULL, NULL, 0),
(92, 1, 44, '2019-09-03', 1, NULL, NULL, 0),
(93, 1, 45, '2019-09-03', 1, NULL, NULL, 0),
(94, 1, 46, '2019-09-03', 1, NULL, NULL, 0),
(95, 1, 47, '2019-09-03', 1, NULL, NULL, 0),
(96, 1, 48, '2019-09-03', 1, NULL, NULL, 0),
(97, 1, 49, '2019-09-03', 1, NULL, NULL, 0),
(98, 1, 50, '2019-09-03', 1, NULL, NULL, 0),
(99, 1, 51, '2019-09-03', 1, NULL, NULL, 0),
(100, 1, 52, '2019-09-03', 1, NULL, NULL, 0),
(101, 1, 53, '2019-09-03', 1, NULL, NULL, 0),
(102, 1, 54, '2019-09-03', 1, NULL, NULL, 0),
(103, 1, 55, '2019-09-03', 1, NULL, NULL, 0),
(104, 1, 56, '2019-09-03', 1, NULL, NULL, 0),
(105, 1, 57, '2019-09-03', 1, NULL, NULL, 0),
(106, 1, 58, '2019-09-03', 1, NULL, NULL, 0),
(107, 1, 59, '2019-09-03', 1, NULL, NULL, 0),
(108, 1, 60, '2019-09-03', 1, NULL, NULL, 0),
(109, 1, 61, '2019-09-03', 1, NULL, NULL, 0),
(110, 1, 62, '2019-09-03', 1, NULL, NULL, 0),
(111, 1, 63, '2019-09-03', 1, NULL, NULL, 0),
(112, 1, 64, '2019-09-03', 1, NULL, NULL, 0),
(113, 1, 65, '2019-09-03', 1, NULL, NULL, 0),
(114, 1, 66, '2019-09-03', 1, NULL, NULL, 0),
(115, 1, 67, '2019-09-03', 1, NULL, NULL, 0),
(116, 1, 68, '2019-09-03', 1, NULL, NULL, 0),
(117, 1, 69, '2019-09-03', 1, NULL, NULL, 0),
(118, 1, 70, '2019-09-03', 1, NULL, NULL, 0),
(119, 1, 71, '2019-09-03', 1, NULL, NULL, 0),
(120, 1, 72, '2019-09-03', 1, NULL, NULL, 0),
(121, 1, 73, '2019-09-03', 1, NULL, NULL, 0),
(122, 1, 74, '2019-09-03', 1, NULL, NULL, 0),
(123, 1, 75, '2019-09-03', 1, NULL, NULL, 0),
(124, 1, 76, '2019-09-03', 1, NULL, NULL, 0),
(125, 1, 77, '2019-09-03', 1, NULL, NULL, 0),
(126, 1, 78, '2019-09-03', 1, NULL, NULL, 0),
(127, 1, 79, '2019-09-03', 1, NULL, NULL, 0),
(128, 1, 80, '2019-09-03', 1, NULL, NULL, 0),
(129, 1, 81, '2019-09-03', 1, NULL, NULL, 0),
(130, 1, 82, '2019-09-03', 1, NULL, NULL, 0),
(131, 1, 83, '2019-09-03', 1, NULL, NULL, 0),
(132, 1, 84, '2019-09-03', 1, NULL, NULL, 0),
(133, 1, 85, '2019-09-03', 1, NULL, NULL, 0),
(134, 1, 86, '2019-09-03', 1, NULL, NULL, 0),
(135, 1, 87, '2019-09-03', 1, NULL, NULL, 0),
(136, 1, 88, '2019-09-03', 1, NULL, NULL, 0),
(137, 1, 89, '2019-09-03', 1, NULL, NULL, 0),
(138, 1, 90, '2019-09-03', 1, NULL, NULL, 0),
(139, 1, 91, '2019-09-03', 1, NULL, NULL, 0),
(140, 1, 92, '2019-09-03', 1, NULL, NULL, 0),
(141, 1, 93, '2019-09-03', 1, NULL, NULL, 0),
(142, 1, 94, '2019-09-03', 1, NULL, NULL, 0),
(143, 1, 95, '2019-09-03', 1, NULL, NULL, 0),
(144, 1, 96, '2019-09-03', 1, NULL, NULL, 0),
(145, 1, 97, '2019-09-03', 1, NULL, NULL, 0),
(146, 1, 98, '2019-09-03', 1, NULL, NULL, 0),
(147, 1, 99, '2019-09-03', 1, NULL, NULL, 0),
(148, 1, 100, '2019-09-03', 1, NULL, NULL, 0),
(149, 1, 101, '2019-09-03', 1, NULL, NULL, 0),
(150, 1, 102, '2019-09-03', 1, NULL, NULL, 0),
(151, 1, 103, '2019-09-03', 1, NULL, NULL, 0),
(152, 1, 104, '2019-09-03', 1, NULL, NULL, 0),
(153, 1, 105, '2019-09-03', 1, NULL, NULL, 0),
(154, 1, 106, '2019-09-03', 1, NULL, NULL, 0),
(155, 1, 107, '2019-09-03', 1, NULL, NULL, 0),
(156, 1, 108, '2019-09-03', 1, NULL, NULL, 0),
(157, 1, 109, '2019-09-03', 1, NULL, NULL, 0),
(158, 1, 110, '2019-09-03', 1, NULL, NULL, 0),
(159, 1, 111, '2019-09-03', 1, NULL, NULL, 0),
(160, 1, 112, '2019-09-03', 1, NULL, NULL, 0),
(161, 1, 113, '2019-09-03', 1, NULL, NULL, 0),
(162, 1, 114, '2019-09-03', 1, NULL, NULL, 0),
(163, 1, 115, '2019-09-03', 1, NULL, NULL, 0),
(164, 1, 116, '2019-09-03', 1, NULL, NULL, 0),
(165, 1, 117, '2019-09-03', 1, NULL, NULL, 0),
(166, 1, 118, '2019-09-03', 1, NULL, NULL, 0),
(167, 1, 119, '2019-09-03', 1, NULL, NULL, 0),
(168, 1, 120, '2019-09-03', 1, NULL, NULL, 0),
(169, 1, 121, '2019-09-03', 1, NULL, NULL, 0),
(170, 1, 122, '2019-09-03', 1, NULL, NULL, 0),
(171, 1, 123, '2019-09-03', 1, NULL, NULL, 0),
(172, 1, 124, '2019-09-03', 1, NULL, NULL, 0),
(173, 1, 125, '2019-09-03', 1, NULL, NULL, 0),
(174, 1, 126, '2019-09-03', 1, NULL, NULL, 0),
(175, 1, 127, '2019-09-03', 1, NULL, NULL, 0),
(176, 1, 128, '2019-09-03', 1, NULL, NULL, 0),
(177, 1, 129, '2019-09-03', 1, NULL, NULL, 0),
(178, 1, 130, '2019-09-03', 1, NULL, NULL, 0),
(179, 1, 131, '2019-09-03', 1, NULL, NULL, 0),
(180, 1, 132, '2019-09-03', 1, NULL, NULL, 0),
(181, 1, 133, '2019-09-03', 1, NULL, NULL, 0),
(182, 1, 134, '2019-09-03', 1, NULL, NULL, 0),
(183, 1, 135, '2019-09-03', 1, NULL, NULL, 0),
(184, 1, 136, '2019-09-03', 1, NULL, NULL, 0),
(185, 1, 137, '2019-09-03', 1, NULL, NULL, 0),
(186, 1, 138, '2019-09-03', 1, NULL, NULL, 0),
(187, 1, 139, '2019-09-03', 1, NULL, NULL, 0),
(188, 1, 140, '2019-09-03', 1, NULL, NULL, 0),
(189, 1, 141, '2019-09-03', 1, NULL, NULL, 0),
(190, 1, 142, '2019-09-03', 1, NULL, NULL, 0),
(191, 1, 143, '2019-09-03', 1, NULL, NULL, 0),
(192, 1, 144, '2019-09-03', 1, NULL, NULL, 0),
(193, 1, 145, '2019-09-03', 1, NULL, NULL, 0),
(194, 1, 146, '2019-09-03', 1, NULL, NULL, 0),
(195, 1, 147, '2019-09-03', 1, NULL, NULL, 0),
(196, 1, 148, '2019-09-03', 1, NULL, NULL, 0),
(197, 1, 149, '2019-09-03', 1, NULL, NULL, 0),
(198, 1, 150, '2019-09-03', 1, NULL, NULL, 0),
(199, 1, 151, '2019-09-03', 1, NULL, NULL, 0),
(200, 1, 152, '2019-09-03', 1, NULL, NULL, 0),
(201, 1, 153, '2019-09-03', 1, NULL, NULL, 0),
(202, 1, 154, '2019-09-03', 1, NULL, NULL, 0),
(203, 1, 155, '2019-09-03', 1, NULL, NULL, 0),
(204, 1, 156, '2019-09-03', 1, NULL, NULL, 0),
(205, 1, 157, '2019-09-03', 1, NULL, NULL, 0),
(206, 1, 158, '2019-09-03', 1, NULL, NULL, 0),
(207, 1, 159, '2019-09-03', 1, NULL, NULL, 0),
(208, 1, 160, '2019-09-03', 1, NULL, NULL, 0),
(209, 1, 161, '2019-09-03', 1, NULL, NULL, 0),
(210, 1, 162, '2019-09-03', 1, NULL, NULL, 0),
(211, 1, 163, '2019-09-03', 1, NULL, NULL, 0),
(212, 1, 164, '2019-09-03', 1, NULL, NULL, 0),
(213, 1, 165, '2019-09-03', 1, NULL, NULL, 0),
(214, 1, 166, '2019-09-03', 1, NULL, NULL, 0),
(215, 1, 167, '2019-09-03', 1, NULL, NULL, 0),
(216, 1, 168, '2019-09-03', 1, NULL, NULL, 0),
(217, 1, 169, '2019-09-03', 1, NULL, NULL, 0),
(218, 1, 170, '2019-09-03', 1, NULL, NULL, 0),
(219, 1, 171, '2019-09-03', 1, NULL, NULL, 0),
(220, 1, 172, '2019-09-03', 1, NULL, NULL, 0),
(221, 1, 173, '2019-09-03', 1, NULL, NULL, 0),
(222, 1, 174, '2019-09-03', 1, NULL, NULL, 0),
(223, 1, 175, '2019-09-03', 1, NULL, NULL, 0),
(224, 1, 176, '2019-09-03', 1, NULL, NULL, 0),
(225, 1, 177, '2019-09-03', 1, NULL, NULL, 0),
(226, 1, 178, '2019-09-03', 1, NULL, NULL, 0),
(227, 1, 179, '2019-09-03', 1, NULL, NULL, 0),
(228, 1, 180, '2019-09-03', 1, NULL, NULL, 0),
(229, 1, 181, '2019-09-03', 1, NULL, NULL, 0),
(230, 1, 182, '2019-09-03', 1, NULL, NULL, 0),
(231, 1, 183, '2019-09-03', 1, NULL, NULL, 0),
(232, 1, 184, '2019-09-03', 1, NULL, NULL, 0),
(233, 1, 185, '2019-09-03', 1, NULL, NULL, 0),
(234, 1, 186, '2019-09-03', 1, NULL, NULL, 0),
(235, 1, 187, '2019-09-03', 1, NULL, NULL, 0),
(236, 1, 188, '2019-09-03', 1, NULL, NULL, 0),
(237, 1, 189, '2019-09-03', 1, NULL, NULL, 0),
(238, 1, 190, '2019-09-03', 1, NULL, NULL, 0),
(239, 1, 191, '2019-09-03', 1, NULL, NULL, 0),
(240, 1, 192, '2019-09-03', 1, NULL, NULL, 0),
(241, 1, 193, '2019-09-03', 1, NULL, NULL, 0),
(242, 1, 194, '2019-09-03', 1, NULL, NULL, 0),
(243, 1, 195, '2019-09-03', 1, NULL, NULL, 0),
(244, 1, 196, '2019-09-03', 1, NULL, NULL, 0),
(245, 1, 197, '2019-09-03', 1, NULL, NULL, 0),
(246, 1, 198, '2019-09-03', 1, NULL, NULL, 0),
(247, 1, 199, '2019-09-03', 1, NULL, NULL, 0),
(248, 1, 200, '2019-09-03', 1, NULL, NULL, 0),
(249, 1, 201, '2019-09-03', 1, NULL, NULL, 0),
(250, 1, 202, '2019-09-03', 1, NULL, NULL, 0),
(251, 1, 203, '2019-09-03', 1, NULL, NULL, 0),
(252, 1, 204, '2019-09-03', 1, NULL, NULL, 0),
(253, 1, 205, '2019-09-03', 1, NULL, NULL, 0),
(254, 1, 206, '2019-09-03', 1, NULL, NULL, 0),
(255, 1, 207, '2019-09-03', 1, NULL, NULL, 0),
(256, 1, 208, '2019-09-03', 1, NULL, NULL, 0),
(257, 1, 209, '2019-09-03', 1, NULL, NULL, 0),
(258, 1, 210, '2019-09-03', 1, NULL, NULL, 0),
(259, 1, 211, '2019-09-03', 1, NULL, NULL, 0),
(260, 1, 212, '2019-09-03', 1, NULL, NULL, 0),
(261, 1, 213, '2019-09-03', 1, NULL, NULL, 0),
(262, 1, 214, '2019-09-03', 1, NULL, NULL, 0),
(263, 1, 215, '2019-09-03', 1, NULL, NULL, 0),
(264, 1, 216, '2019-09-03', 1, NULL, NULL, 0),
(265, 1, 217, '2019-09-03', 1, NULL, NULL, 0),
(266, 1, 218, '2019-09-03', 1, NULL, NULL, 0),
(267, 1, 219, '2019-09-03', 1, NULL, NULL, 0),
(268, 1, 220, '2019-09-03', 1, NULL, NULL, 0),
(269, 1, 221, '2019-09-03', 1, NULL, NULL, 0),
(270, 1, 222, '2019-09-03', 1, NULL, NULL, 0),
(271, 1, 223, '2019-09-03', 1, NULL, NULL, 0),
(272, 1, 224, '2019-09-03', 1, NULL, NULL, 0),
(273, 1, 225, '2019-09-03', 1, NULL, NULL, 0),
(274, 1, 226, '2019-09-03', 1, NULL, NULL, 0),
(275, 1, 227, '2019-09-03', 1, NULL, NULL, 0),
(276, 1, 228, '2019-09-03', 1, NULL, NULL, 0),
(277, 1, 229, '2019-09-03', 1, NULL, NULL, 0),
(278, 1, 230, '2019-09-03', 1, NULL, NULL, 0),
(279, 1, 231, '2019-09-03', 1, NULL, NULL, 0),
(280, 1, 232, '2019-09-03', 1, NULL, NULL, 0),
(281, 1, 233, '2019-09-03', 1, NULL, NULL, 0),
(282, 1, 234, '2019-09-03', 1, NULL, NULL, 0),
(283, 1, 235, '2019-09-03', 1, NULL, NULL, 0),
(284, 1, 236, '2019-09-03', 1, NULL, NULL, 0),
(285, 1, 237, '2019-09-03', 1, NULL, NULL, 0),
(286, 1, 238, '2019-09-03', 1, NULL, NULL, 0),
(287, 1, 239, '2019-09-03', 1, NULL, NULL, 0),
(288, 1, 240, '2019-09-03', 1, NULL, NULL, 0),
(289, 1, 241, '2019-09-03', 1, NULL, NULL, 0),
(290, 1, 242, '2019-09-03', 1, NULL, NULL, 0),
(291, 1, 243, '2019-09-03', 1, NULL, NULL, 0),
(292, 1, 244, '2019-09-03', 1, NULL, NULL, 0),
(293, 1, 245, '2019-09-03', 1, NULL, NULL, 0),
(294, 1, 246, '2019-09-03', 1, NULL, NULL, 0),
(295, 1, 247, '2019-09-03', 1, NULL, NULL, 0),
(296, 1, 248, '2019-09-03', 1, NULL, NULL, 0),
(297, 1, 249, '2019-09-03', 1, NULL, NULL, 0),
(298, 1, 250, '2019-09-03', 1, NULL, NULL, 0),
(299, 1, 251, '2019-09-03', 1, NULL, NULL, 0),
(300, 1, 252, '2019-09-03', 1, NULL, NULL, 0),
(301, 1, 253, '2019-09-03', 1, NULL, NULL, 0),
(302, 1, 254, '2019-09-03', 1, NULL, NULL, 0),
(303, 1, 255, '2019-09-03', 1, NULL, NULL, 0),
(304, 1, 256, '2019-09-03', 1, NULL, NULL, 0),
(305, 1, 257, '2019-09-03', 1, NULL, NULL, 0),
(306, 1, 258, '2019-09-03', 1, NULL, NULL, 0),
(307, 1, 259, '2019-09-03', 1, NULL, NULL, 0),
(308, 1, 260, '2019-09-03', 1, NULL, NULL, 0),
(309, 1, 261, '2019-09-03', 1, NULL, NULL, 0),
(310, 1, 262, '2019-09-03', 1, NULL, NULL, 0),
(311, 1, 263, '2019-09-03', 1, NULL, NULL, 0),
(312, 1, 264, '2019-09-03', 1, NULL, NULL, 0),
(313, 1, 265, '2019-09-03', 1, NULL, NULL, 0),
(314, 1, 266, '2019-09-03', 1, NULL, NULL, 0),
(315, 1, 267, '2019-09-03', 1, NULL, NULL, 0),
(316, 1, 268, '2019-09-03', 1, NULL, NULL, 0),
(317, 1, 269, '2019-09-03', 1, NULL, NULL, 0),
(318, 1, 270, '2019-09-03', 1, NULL, NULL, 0),
(319, 1, 271, '2019-09-03', 1, NULL, NULL, 0),
(320, 1, 272, '2019-09-03', 1, NULL, NULL, 0),
(321, 1, 273, '2019-09-03', 1, NULL, NULL, 0),
(322, 1, 274, '2019-09-03', 1, NULL, NULL, 0),
(323, 1, 275, '2019-09-03', 1, NULL, NULL, 0),
(324, 1, 276, '2019-09-03', 1, NULL, NULL, 0),
(325, 1, 277, '2019-09-03', 1, NULL, NULL, 0),
(326, 1, 278, '2019-09-03', 1, NULL, NULL, 0),
(327, 1, 279, '2019-09-03', 1, NULL, NULL, 0),
(328, 1, 280, '2019-09-03', 1, NULL, NULL, 0),
(329, 1, 281, '2019-09-03', 1, NULL, NULL, 0),
(330, 1, 282, '2019-09-03', 1, NULL, NULL, 0),
(331, 1, 283, '2019-09-03', 1, NULL, NULL, 0),
(332, 1, 284, '2019-09-03', 1, NULL, NULL, 0),
(333, 1, 285, '2019-09-03', 1, NULL, NULL, 0),
(334, 1, 286, '2019-09-03', 1, NULL, NULL, 0),
(335, 1, 287, '2019-09-03', 1, NULL, NULL, 0),
(336, 1, 288, '2019-09-03', 1, NULL, NULL, 0),
(337, 1, 289, '2019-09-03', 1, NULL, NULL, 0),
(338, 1, 290, '2019-09-03', 1, NULL, NULL, 0),
(339, 1, 291, '2019-09-03', 1, NULL, NULL, 0),
(340, 1, 292, '2019-09-03', 1, NULL, NULL, 0),
(341, 1, 293, '2019-09-03', 1, NULL, NULL, 0),
(342, 1, 294, '2019-09-03', 1, NULL, NULL, 0),
(343, 1, 295, '2019-09-03', 1, NULL, NULL, 0),
(344, 1, 296, '2019-09-03', 1, NULL, NULL, 0),
(345, 1, 297, '2019-09-03', 1, NULL, NULL, 0),
(346, 1, 298, '2019-09-03', 1, NULL, NULL, 0),
(347, 1, 299, '2019-09-03', 1, NULL, NULL, 0),
(348, 1, 300, '2019-09-03', 1, NULL, NULL, 0),
(349, 1, 301, '2019-09-03', 1, NULL, NULL, 0),
(350, 1, 302, '2019-09-03', 1, NULL, NULL, 0),
(351, 1, 303, '2019-09-03', 1, NULL, NULL, 0),
(352, 1, 304, '2019-09-03', 1, NULL, NULL, 0),
(353, 1, 305, '2019-09-03', 1, NULL, NULL, 0),
(354, 1, 306, '2019-09-03', 1, NULL, NULL, 0),
(355, 1, 307, '2019-09-03', 1, NULL, NULL, 0),
(356, 1, 308, '2019-09-03', 1, NULL, NULL, 0),
(357, 1, 309, '2019-09-03', 1, NULL, NULL, 0),
(358, 1, 310, '2019-09-03', 1, NULL, NULL, 0),
(359, 1, 311, '2019-09-03', 1, NULL, NULL, 0),
(360, 1, 312, '2019-09-03', 1, NULL, NULL, 0),
(361, 1, 313, '2019-09-03', 1, NULL, NULL, 0),
(362, 1, 314, '2019-09-03', 1, NULL, NULL, 0),
(363, 1, 315, '2019-09-03', 1, NULL, NULL, 0),
(364, 1, 316, '2019-09-03', 1, NULL, NULL, 0),
(365, 1, 317, '2019-09-03', 1, NULL, NULL, 0),
(366, 1, 318, '2019-09-03', 1, NULL, NULL, 0),
(367, 1, 319, '2019-09-03', 1, NULL, NULL, 0),
(368, 1, 320, '2019-09-03', 1, NULL, NULL, 0),
(369, 1, 321, '2019-09-03', 1, NULL, NULL, 0),
(370, 1, 322, '2019-09-03', 1, NULL, NULL, 0),
(371, 1, 323, '2019-09-03', 1, NULL, NULL, 0),
(372, 1, 324, '2019-09-03', 1, NULL, NULL, 0),
(373, 1, 325, '2019-09-03', 1, NULL, NULL, 0),
(374, 1, 326, '2019-09-03', 1, NULL, NULL, 0),
(375, 1, 327, '2019-09-03', 1, NULL, NULL, 0),
(376, 1, 328, '2019-09-03', 1, NULL, NULL, 0),
(377, 1, 329, '2019-09-03', 1, NULL, NULL, 0),
(378, 1, 330, '2019-09-03', 1, NULL, NULL, 0),
(379, 1, 331, '2019-09-03', 1, NULL, NULL, 0),
(380, 1, 332, '2019-09-03', 1, NULL, NULL, 0),
(381, 1, 333, '2019-09-03', 1, NULL, NULL, 0),
(382, 1, 334, '2019-09-03', 1, NULL, NULL, 0),
(383, 1, 335, '2019-09-03', 1, NULL, NULL, 0),
(384, 1, 336, '2019-09-03', 1, NULL, NULL, 0),
(385, 1, 337, '2019-09-03', 1, NULL, NULL, 0),
(386, 1, 338, '2019-09-03', 1, NULL, NULL, 0),
(387, 1, 339, '2019-09-03', 1, NULL, NULL, 0),
(388, 1, 340, '2019-09-03', 1, NULL, NULL, 0),
(389, 1, 341, '2019-09-03', 1, NULL, NULL, 0),
(390, 1, 342, '2019-09-03', 1, NULL, NULL, 0),
(391, 1, 343, '2019-09-03', 1, NULL, NULL, 0),
(392, 1, 344, '2019-09-03', 1, NULL, NULL, 0),
(393, 1, 345, '2019-09-03', 1, NULL, NULL, 0),
(394, 1, 346, '2019-09-03', 1, NULL, NULL, 0),
(395, 1, 347, '2019-09-03', 1, NULL, NULL, 0),
(396, 1, 348, '2019-09-03', 1, NULL, NULL, 0),
(397, 1, 349, '2019-09-03', 1, NULL, NULL, 0),
(398, 1, 350, '2019-09-03', 1, NULL, NULL, 0),
(399, 1, 351, '2019-09-03', 1, NULL, NULL, 0),
(400, 1, 352, '2019-09-03', 1, NULL, NULL, 0),
(401, 1, 353, '2019-09-03', 1, NULL, NULL, 0),
(402, 1, 354, '2019-09-03', 1, NULL, NULL, 0),
(403, 1, 355, '2019-09-03', 1, NULL, NULL, 0),
(404, 1, 356, '2019-09-03', 1, NULL, NULL, 0),
(405, 1, 357, '2019-09-03', 1, NULL, NULL, 0),
(406, 1, 358, '2019-09-03', 1, NULL, NULL, 0),
(407, 1, 359, '2019-09-03', 1, NULL, NULL, 0),
(408, 1, 360, '2019-09-03', 1, NULL, NULL, 0),
(409, 1, 361, '2019-09-03', 1, NULL, NULL, 0),
(410, 1, 362, '2019-09-03', 1, NULL, NULL, 0),
(411, 1, 363, '2019-09-03', 1, NULL, NULL, 0),
(412, 1, 364, '2019-09-03', 1, NULL, NULL, 0),
(413, 1, 365, '2019-09-03', 1, NULL, NULL, 0),
(414, 1, 366, '2019-09-03', 1, NULL, NULL, 0),
(415, 1, 367, '2019-09-03', 1, NULL, NULL, 0),
(416, 1, 368, '2019-09-03', 1, NULL, NULL, 0),
(417, 1, 369, '2019-09-03', 1, NULL, NULL, 0),
(418, 1, 370, '2019-09-03', 1, NULL, NULL, 0),
(419, 1, 371, '2019-09-03', 1, NULL, NULL, 0),
(420, 1, 372, '2019-09-03', 1, NULL, NULL, 0),
(421, 1, 373, '2019-09-03', 1, NULL, NULL, 0),
(422, 1, 374, '2019-09-03', 1, NULL, NULL, 0),
(423, 1, 375, '2019-09-03', 1, NULL, NULL, 0),
(424, 1, 376, '2019-09-03', 1, NULL, NULL, 0),
(425, 1, 377, '2019-09-03', 1, NULL, NULL, 0),
(426, 1, 378, '2019-09-03', 1, NULL, NULL, 0),
(427, 1, 379, '2019-09-03', 1, NULL, NULL, 0),
(428, 1, 380, '2019-09-03', 1, NULL, NULL, 0),
(429, 1, 381, '2019-09-03', 1, NULL, NULL, 0),
(430, 1, 382, '2019-09-03', 1, NULL, NULL, 0),
(431, 1, 383, '2019-09-03', 1, NULL, NULL, 0),
(432, 1, 384, '2019-09-03', 1, NULL, NULL, 0),
(433, 1, 385, '2019-09-03', 1, NULL, NULL, 0),
(434, 1, 386, '2019-09-03', 1, NULL, NULL, 0),
(435, 1, 387, '2019-09-03', 1, NULL, NULL, 0),
(436, 1, 388, '2019-09-03', 1, NULL, NULL, 0),
(437, 1, 389, '2019-09-03', 1, NULL, NULL, 0),
(438, 1, 390, '2019-09-03', 1, NULL, NULL, 0),
(439, 1, 391, '2019-09-03', 1, NULL, NULL, 0),
(440, 1, 392, '2019-09-03', 1, NULL, NULL, 0),
(441, 1, 393, '2019-09-03', 1, NULL, NULL, 0),
(442, 1, 394, '2019-09-03', 1, NULL, NULL, 0),
(443, 1, 395, '2019-09-03', 1, NULL, NULL, 0),
(444, 1, 396, '2019-09-03', 1, NULL, NULL, 0),
(445, 1, 397, '2019-09-03', 1, NULL, NULL, 0),
(446, 1, 398, '2019-09-03', 1, NULL, NULL, 0),
(447, 1, 399, '2019-09-03', 1, NULL, NULL, 0),
(448, 1, 400, '2019-09-03', 1, NULL, NULL, 0),
(449, 1, 401, '2019-09-03', 1, NULL, NULL, 0),
(450, 1, 402, '2019-09-03', 1, NULL, NULL, 0),
(451, 1, 403, '2019-09-03', 1, NULL, NULL, 0),
(452, 1, 404, '2019-09-03', 1, NULL, NULL, 0),
(453, 1, 405, '2019-09-03', 1, NULL, NULL, 0),
(454, 1, 406, '2019-09-03', 1, NULL, NULL, 0),
(455, 1, 407, '2019-09-03', 1, NULL, NULL, 0),
(456, 1, 408, '2019-09-03', 1, NULL, NULL, 0),
(457, 1, 409, '2019-09-03', 1, NULL, NULL, 0),
(458, 1, 410, '2019-09-03', 1, NULL, NULL, 0),
(459, 1, 411, '2019-09-03', 1, NULL, NULL, 0),
(460, 1, 412, '2019-09-03', 1, NULL, NULL, 0),
(461, 1, 413, '2019-09-03', 1, NULL, NULL, 0),
(462, 1, 414, '2019-09-03', 1, NULL, NULL, 0),
(463, 1, 415, '2019-09-03', 1, NULL, NULL, 0),
(464, 1, 416, '2019-09-03', 1, NULL, NULL, 0),
(465, 1, 417, '2019-09-03', 1, NULL, NULL, 0),
(466, 1, 418, '2019-09-03', 1, NULL, NULL, 0),
(467, 1, 419, '2019-09-03', 1, NULL, NULL, 0),
(468, 1, 420, '2019-09-03', 1, NULL, NULL, 0),
(469, 1, 421, '2019-09-03', 1, NULL, NULL, 0),
(470, 1, 422, '2019-09-03', 1, NULL, NULL, 0),
(471, 1, 423, '2019-09-03', 1, NULL, NULL, 0),
(472, 1, 424, '2019-09-03', 1, NULL, NULL, 0),
(473, 1, 425, '2019-09-03', 1, NULL, NULL, 0),
(474, 1, 426, '2019-09-03', 1, NULL, NULL, 0),
(475, 1, 427, '2019-09-03', 1, NULL, NULL, 0),
(476, 1, 428, '2019-09-03', 1, NULL, NULL, 0),
(477, 1, 429, '2019-09-03', 1, NULL, NULL, 0),
(478, 1, 430, '2019-09-03', 1, NULL, NULL, 0),
(479, 1, 431, '2019-09-03', 1, NULL, NULL, 0),
(480, 1, 432, '2019-09-03', 1, NULL, NULL, 0),
(481, 1, 433, '2019-09-03', 1, NULL, NULL, 0),
(482, 1, 434, '2019-09-03', 1, NULL, NULL, 0),
(483, 1, 435, '2019-09-03', 1, NULL, NULL, 0),
(484, 1, 436, '2019-09-03', 1, NULL, NULL, 0),
(485, 1, 437, '2019-09-03', 1, NULL, NULL, 0),
(486, 1, 438, '2019-09-03', 1, NULL, NULL, 0),
(487, 1, 439, '2019-09-03', 1, NULL, NULL, 0),
(488, 1, 440, '2019-09-03', 1, NULL, NULL, 0),
(489, 1, 441, '2019-09-03', 1, NULL, NULL, 0),
(490, 1, 442, '2019-09-03', 1, NULL, NULL, 0),
(491, 1, 443, '2019-09-03', 1, NULL, NULL, 0),
(492, 1, 444, '2019-09-03', 1, NULL, NULL, 0),
(493, 1, 445, '2019-09-03', 1, NULL, NULL, 0),
(494, 1, 446, '2019-09-03', 1, NULL, NULL, 0),
(495, 1, 447, '2019-09-03', 1, NULL, NULL, 0),
(496, 1, 448, '2019-09-03', 1, NULL, NULL, 0),
(497, 1, 449, '2019-09-03', 1, NULL, NULL, 0),
(498, 1, 450, '2019-09-03', 1, NULL, NULL, 0),
(499, 1, 451, '2019-09-03', 1, NULL, NULL, 0),
(500, 1, 452, '2019-09-03', 1, NULL, NULL, 0),
(501, 1, 453, '2019-09-03', 1, NULL, NULL, 0),
(502, 1, 454, '2019-09-03', 1, NULL, NULL, 0),
(503, 1, 455, '2019-09-03', 1, NULL, NULL, 0),
(504, 1, 456, '2019-09-03', 1, NULL, NULL, 0),
(505, 1, 457, '2019-09-03', 1, NULL, NULL, 0),
(506, 1, 458, '2019-09-03', 1, NULL, NULL, 0),
(507, 1, 459, '2019-09-03', 1, NULL, NULL, 0),
(508, 1, 460, '2019-09-03', 1, NULL, NULL, 0),
(509, 1, 461, '2019-09-03', 1, NULL, NULL, 0),
(510, 1, 462, '2019-09-03', 1, NULL, NULL, 0),
(511, 1, 463, '2019-09-03', 1, NULL, NULL, 0),
(512, 1, 464, '2019-09-03', 1, NULL, NULL, 0),
(513, 1, 465, '2019-09-03', 1, NULL, NULL, 0),
(514, 1, 466, '2019-09-03', 1, NULL, NULL, 0),
(515, 1, 467, '2019-09-03', 1, NULL, NULL, 0),
(516, 1, 468, '2019-09-03', 1, NULL, NULL, 0),
(517, 1, 469, '2019-09-03', 1, NULL, NULL, 0),
(518, 1, 470, '2019-09-03', 1, NULL, NULL, 0),
(519, 1, 471, '2019-09-03', 1, NULL, NULL, 0),
(520, 1, 472, '2019-09-03', 1, NULL, NULL, 0),
(521, 1, 473, '2019-09-03', 1, NULL, NULL, 0),
(522, 1, 474, '2019-09-03', 1, NULL, NULL, 0),
(523, 1, 475, '2019-09-03', 1, NULL, NULL, 0),
(524, 1, 476, '2019-09-03', 1, NULL, NULL, 0),
(525, 1, 477, '2019-09-03', 1, NULL, NULL, 0),
(526, 1, 478, '2019-09-03', 1, NULL, NULL, 0),
(527, 1, 479, '2019-09-03', 1, NULL, NULL, 0),
(528, 1, 480, '2019-09-03', 1, NULL, NULL, 0),
(529, 1, 481, '2019-09-03', 1, NULL, NULL, 0),
(530, 1, 482, '2019-09-03', 1, NULL, NULL, 0),
(531, 1, 483, '2019-09-03', 1, NULL, NULL, 0),
(532, 1, 484, '2019-09-03', 1, NULL, NULL, 0),
(533, 1, 485, '2019-09-03', 1, NULL, NULL, 0),
(534, 1, 486, '2019-09-03', 1, NULL, NULL, 0),
(535, 1, 487, '2019-09-03', 1, NULL, NULL, 0),
(536, 1, 488, '2019-09-03', 1, NULL, NULL, 0),
(537, 1, 489, '2019-09-03', 1, NULL, NULL, 0),
(538, 1, 490, '2019-09-03', 1, NULL, NULL, 0),
(539, 1, 491, '2019-09-03', 1, NULL, NULL, 0),
(540, 1, 492, '2019-09-03', 1, NULL, NULL, 0),
(541, 1, 493, '2019-09-03', 1, NULL, NULL, 0),
(542, 1, 494, '2019-09-03', 1, NULL, NULL, 0),
(543, 1, 495, '2019-09-03', 1, NULL, NULL, 0),
(544, 1, 496, '2019-09-03', 1, NULL, NULL, 0),
(545, 1, 497, '2019-09-03', 1, NULL, NULL, 0),
(546, 1, 498, '2019-09-03', 1, NULL, NULL, 0),
(547, 1, 499, '2019-09-03', 1, NULL, NULL, 0),
(548, 1, 500, '2019-09-03', 1, NULL, NULL, 0),
(549, 1, 501, '2019-09-03', 1, NULL, NULL, 0),
(550, 1, 502, '2019-09-03', 1, NULL, NULL, 0),
(551, 1, 503, '2019-09-03', 1, NULL, NULL, 0),
(552, 1, 504, '2019-09-03', 1, NULL, NULL, 0),
(553, 1, 505, '2019-09-03', 1, NULL, NULL, 0),
(554, 1, 506, '2019-09-03', 1, NULL, NULL, 0),
(555, 1, 507, '2019-09-03', 1, NULL, NULL, 0),
(556, 1, 508, '2019-09-03', 1, NULL, NULL, 0),
(557, 1, 509, '2019-09-03', 1, NULL, NULL, 0),
(558, 1, 510, '2019-09-03', 1, NULL, NULL, 0),
(559, 1, 511, '2019-09-03', 1, NULL, NULL, 0),
(560, 1, 512, '2019-09-03', 1, NULL, NULL, 0),
(561, 1, 513, '2019-09-03', 1, NULL, NULL, 0),
(562, 1, 514, '2019-09-03', 1, NULL, NULL, 0),
(563, 1, 515, '2019-09-03', 1, NULL, NULL, 0),
(564, 1, 516, '2019-09-03', 1, NULL, NULL, 0),
(565, 1, 517, '2019-09-03', 1, NULL, NULL, 0),
(566, 1, 518, '2019-09-03', 1, NULL, NULL, 0),
(567, 1, 519, '2019-09-03', 1, NULL, NULL, 0),
(568, 1, 520, '2019-09-03', 1, NULL, NULL, 0),
(569, 1, 521, '2019-09-03', 1, NULL, NULL, 0),
(570, 1, 522, '2019-09-03', 1, NULL, NULL, 0),
(571, 1, 523, '2019-09-03', 1, NULL, NULL, 0),
(572, 1, 524, '2019-09-03', 1, NULL, NULL, 0),
(573, 1, 525, '2019-09-03', 1, NULL, NULL, 0),
(574, 1, 526, '2019-09-03', 1, NULL, NULL, 0),
(575, 1, 527, '2019-09-03', 1, NULL, NULL, 0),
(576, 1, 528, '2019-09-03', 1, NULL, NULL, 0),
(577, 1, 529, '2019-09-03', 1, NULL, NULL, 0),
(578, 1, 530, '2019-09-03', 1, NULL, NULL, 0),
(579, 1, 531, '2019-09-03', 1, NULL, NULL, 0),
(580, 1, 532, '2019-09-03', 1, NULL, NULL, 0),
(581, 1, 533, '2019-09-03', 1, NULL, NULL, 0),
(582, 1, 534, '2019-09-03', 1, NULL, NULL, 0),
(583, 1, 535, '2019-09-03', 1, NULL, NULL, 0),
(584, 1, 536, '2019-09-03', 1, NULL, NULL, 0),
(585, 1, 537, '2019-09-03', 1, NULL, NULL, 0),
(586, 1, 538, '2019-09-03', 1, NULL, NULL, 0),
(587, 1, 539, '2019-09-03', 1, NULL, NULL, 0),
(588, 1, 540, '2019-09-03', 1, NULL, NULL, 0),
(589, 1, 541, '2019-09-03', 1, NULL, NULL, 0),
(590, 1, 542, '2019-09-03', 1, NULL, NULL, 0),
(591, 1, 543, '2019-09-03', 1, NULL, NULL, 0),
(592, 1, 544, '2019-09-03', 1, NULL, NULL, 0),
(593, 1, 545, '2019-09-03', 1, NULL, NULL, 0),
(594, 1, 546, '2019-09-03', 1, NULL, NULL, 0),
(595, 1, 547, '2019-09-03', 1, NULL, NULL, 0),
(596, 1, 548, '2019-09-03', 1, NULL, NULL, 0),
(597, 1, 549, '2019-09-03', 1, NULL, NULL, 0),
(598, 1, 550, '2019-09-03', 1, NULL, NULL, 0),
(599, 1, 551, '2019-09-03', 1, NULL, NULL, 0),
(600, 1, 552, '2019-09-03', 1, NULL, NULL, 0),
(601, 1, 553, '2019-09-03', 1, NULL, NULL, 0),
(602, 1, 554, '2019-09-03', 1, NULL, NULL, 0),
(603, 1, 555, '2019-09-03', 1, NULL, NULL, 0),
(604, 1, 556, '2019-09-03', 1, NULL, NULL, 0),
(605, 1, 557, '2019-09-03', 1, NULL, NULL, 0),
(606, 1, 558, '2019-09-03', 1, NULL, NULL, 0),
(607, 1, 559, '2019-09-03', 1, NULL, NULL, 0),
(608, 1, 560, '2019-09-03', 1, NULL, NULL, 0),
(609, 1, 561, '2019-09-03', 1, NULL, NULL, 0),
(610, 1, 562, '2019-09-03', 1, NULL, NULL, 0),
(611, 1, 563, '2019-09-03', 1, NULL, NULL, 0),
(612, 1, 564, '2019-09-03', 1, NULL, NULL, 0),
(613, 1, 565, '2019-09-03', 1, NULL, NULL, 0),
(614, 1, 566, '2019-09-03', 1, NULL, NULL, 0),
(615, 1, 567, '2019-09-03', 1, NULL, NULL, 0),
(616, 1, 568, '2019-09-03', 1, NULL, NULL, 0),
(617, 1, 569, '2019-09-03', 1, NULL, NULL, 0),
(618, 1, 570, '2019-09-03', 1, NULL, NULL, 0),
(619, 1, 571, '2019-09-03', 1, NULL, NULL, 0),
(620, 1, 572, '2019-09-03', 1, NULL, NULL, 0),
(621, 1, 573, '2019-09-03', 1, NULL, NULL, 0),
(622, 1, 574, '2019-09-03', 1, NULL, NULL, 0),
(623, 1, 575, '2019-09-03', 1, NULL, NULL, 0),
(624, 1, 576, '2019-09-03', 1, NULL, NULL, 0),
(625, 1, 577, '2019-09-03', 1, NULL, NULL, 0),
(626, 1, 578, '2019-09-03', 1, NULL, NULL, 0),
(627, 1, 579, '2019-09-03', 1, NULL, NULL, 0),
(628, 1, 580, '2019-09-03', 1, NULL, NULL, 0),
(629, 1, 581, '2019-09-03', 1, NULL, NULL, 0),
(630, 1, 582, '2019-09-03', 1, NULL, NULL, 0),
(631, 1, 583, '2019-09-03', 1, NULL, NULL, 0),
(632, 1, 584, '2019-09-03', 1, NULL, NULL, 0),
(633, 1, 585, '2019-09-03', 1, NULL, NULL, 0),
(634, 1, 586, '2019-09-03', 1, NULL, NULL, 0),
(635, 1, 587, '2019-09-03', 1, NULL, NULL, 0),
(636, 1, 588, '2019-09-03', 1, NULL, NULL, 0),
(637, 1, 589, '2019-09-03', 1, NULL, NULL, 0),
(638, 1, 590, '2019-09-03', 1, NULL, NULL, 0),
(639, 1, 591, '2019-09-03', 1, NULL, NULL, 0),
(640, 1, 592, '2019-09-03', 1, NULL, NULL, 0),
(641, 1, 593, '2019-09-03', 1, NULL, NULL, 0),
(642, 1, 594, '2019-09-03', 1, NULL, NULL, 0),
(643, 1, 595, '2019-09-03', 1, NULL, NULL, 0),
(644, 1, 596, '2019-09-03', 1, NULL, NULL, 0),
(645, 1, 597, '2019-09-03', 1, NULL, NULL, 0),
(646, 1, 598, '2019-09-03', 1, NULL, NULL, 0),
(647, 1, 599, '2019-09-03', 1, NULL, NULL, 0),
(648, 1, 600, '2019-09-03', 1, NULL, NULL, 0),
(649, 1, 601, '2019-09-03', 1, NULL, NULL, 0),
(650, 1, 602, '2019-09-03', 1, NULL, NULL, 0),
(651, 1, 603, '2019-09-03', 1, NULL, NULL, 0),
(652, 1, 604, '2019-09-03', 1, NULL, NULL, 0),
(653, 1, 605, '2019-09-03', 1, NULL, NULL, 0),
(654, 1, 606, '2019-09-03', 1, NULL, NULL, 0),
(655, 1, 607, '2019-09-03', 1, NULL, NULL, 0),
(656, 1, 608, '2019-09-03', 1, NULL, NULL, 0),
(657, 1, 609, '2019-09-03', 1, NULL, NULL, 0),
(658, 1, 610, '2019-09-03', 1, NULL, NULL, 0),
(659, 1, 611, '2019-09-03', 1, NULL, NULL, 0),
(660, 1, 612, '2019-09-03', 1, NULL, NULL, 0),
(661, 1, 613, '2019-09-03', 1, NULL, NULL, 0),
(662, 1, 614, '2019-09-03', 1, NULL, NULL, 0),
(663, 1, 615, '2019-09-03', 1, NULL, NULL, 0),
(664, 1, 616, '2019-09-03', 1, NULL, NULL, 0),
(665, 1, 617, '2019-09-03', 1, NULL, NULL, 0),
(666, 1, 618, '2019-09-03', 1, NULL, NULL, 0),
(667, 1, 619, '2019-09-03', 1, NULL, NULL, 0),
(668, 1, 620, '2019-09-03', 1, NULL, NULL, 0),
(669, 1, 621, '2019-09-03', 1, NULL, NULL, 0),
(670, 1, 622, '2019-09-03', 1, NULL, NULL, 0),
(671, 1, 623, '2019-09-03', 1, NULL, NULL, 0),
(672, 1, 624, '2019-09-03', 1, NULL, NULL, 0),
(673, 1, 625, '2019-09-03', 1, NULL, NULL, 0),
(674, 1, 626, '2019-09-03', 1, NULL, NULL, 0),
(675, 1, 627, '2019-09-03', 1, NULL, NULL, 0),
(676, 1, 628, '2019-09-03', 1, NULL, NULL, 0),
(677, 1, 629, '2019-09-03', 1, NULL, NULL, 0),
(678, 1, 630, '2019-09-03', 1, NULL, NULL, 0),
(679, 1, 631, '2019-09-03', 1, NULL, NULL, 0),
(680, 1, 632, '2019-09-03', 1, NULL, NULL, 0),
(681, 1, 633, '2019-09-03', 1, NULL, NULL, 0),
(682, 1, 634, '2019-09-03', 1, NULL, NULL, 0),
(683, 1, 635, '2019-09-03', 1, NULL, NULL, 0),
(684, 1, 636, '2019-09-03', 1, NULL, NULL, 0),
(685, 1, 637, '2019-09-03', 1, NULL, NULL, 0),
(686, 1, 638, '2019-09-03', 1, NULL, NULL, 0),
(687, 1, 639, '2019-09-03', 1, NULL, NULL, 0),
(688, 1, 640, '2019-09-03', 1, NULL, NULL, 0),
(689, 1, 641, '2019-09-03', 1, NULL, NULL, 0),
(690, 1, 642, '2019-09-03', 1, NULL, NULL, 0),
(691, 1, 643, '2019-09-03', 1, NULL, NULL, 0),
(692, 1, 644, '2019-09-03', 1, NULL, NULL, 0),
(693, 1, 645, '2019-09-03', 1, NULL, NULL, 0),
(694, 1, 646, '2019-09-03', 1, NULL, NULL, 0),
(695, 1, 647, '2019-09-03', 1, NULL, NULL, 0),
(696, 1, 648, '2019-09-03', 1, NULL, NULL, 0),
(697, 1, 649, '2019-09-03', 1, NULL, NULL, 0),
(698, 1, 650, '2019-09-03', 1, NULL, NULL, 0),
(699, 1, 651, '2019-09-03', 1, NULL, NULL, 0),
(700, 1, 652, '2019-09-03', 1, NULL, NULL, 0),
(701, 1, 653, '2019-09-03', 1, NULL, NULL, 0),
(702, 1, 654, '2019-09-03', 1, NULL, NULL, 0),
(703, 1, 655, '2019-09-03', 1, NULL, NULL, 0),
(704, 1, 656, '2019-09-03', 1, NULL, NULL, 0),
(705, 1, 657, '2019-09-03', 1, NULL, NULL, 0),
(706, 1, 658, '2019-09-03', 1, NULL, NULL, 0),
(707, 1, 659, '2019-09-03', 1, NULL, NULL, 0),
(708, 1, 660, '2019-09-03', 1, NULL, NULL, 0),
(709, 1, 661, '2019-09-03', 1, NULL, NULL, 0),
(710, 1, 662, '2019-09-03', 1, NULL, NULL, 0),
(711, 1, 663, '2019-09-03', 1, NULL, NULL, 0),
(712, 1, 664, '2019-09-03', 1, NULL, NULL, 0),
(713, 1, 665, '2019-09-03', 1, NULL, NULL, 0),
(714, 1, 666, '2019-09-03', 1, NULL, NULL, 0),
(715, 1, 667, '2019-09-03', 1, NULL, NULL, 0),
(716, 1, 668, '2019-09-03', 1, NULL, NULL, 0),
(717, 1, 669, '2019-09-03', 1, NULL, NULL, 0),
(718, 1, 670, '2019-09-03', 1, NULL, NULL, 0),
(719, 1, 671, '2019-09-03', 1, NULL, NULL, 0),
(720, 1, 672, '2019-09-03', 1, NULL, NULL, 0),
(721, 1, 673, '2019-09-03', 1, NULL, NULL, 0),
(722, 1, 674, '2019-09-03', 1, NULL, NULL, 0),
(723, 1, 675, '2019-09-03', 1, NULL, NULL, 0),
(724, 1, 676, '2019-09-03', 1, NULL, NULL, 0),
(725, 1, 677, '2019-09-03', 1, NULL, NULL, 0),
(726, 1, 678, '2019-09-03', 1, NULL, NULL, 0),
(727, 1, 679, '2019-09-03', 1, NULL, NULL, 0),
(728, 1, 680, '2019-09-03', 1, NULL, NULL, 0),
(729, 1, 681, '2019-09-03', 1, NULL, NULL, 0),
(730, 1, 682, '2019-09-03', 1, NULL, NULL, 0),
(731, 1, 683, '2019-09-03', 1, NULL, NULL, 0),
(732, 1, 684, '2019-09-03', 1, NULL, NULL, 0),
(733, 1, 685, '2019-09-03', 1, NULL, NULL, 0),
(734, 1, 686, '2019-09-03', 1, NULL, NULL, 0),
(735, 1, 687, '2019-09-03', 1, NULL, NULL, 0),
(736, 1, 688, '2019-09-03', 1, NULL, NULL, 0),
(737, 1, 689, '2019-09-03', 1, NULL, NULL, 0),
(738, 1, 690, '2019-09-03', 1, NULL, NULL, 0),
(739, 1, 691, '2019-09-03', 1, NULL, NULL, 0),
(740, 1, 692, '2019-09-03', 1, NULL, NULL, 0),
(741, 1, 693, '2019-09-03', 1, NULL, NULL, 0),
(742, 1, 694, '2019-09-03', 1, NULL, NULL, 0),
(743, 1, 695, '2019-09-03', 1, NULL, NULL, 0),
(744, 1, 696, '2019-09-03', 1, NULL, NULL, 0),
(745, 1, 697, '2019-09-03', 1, NULL, NULL, 0),
(746, 1, 698, '2019-09-03', 1, NULL, NULL, 0),
(747, 1, 699, '2019-09-03', 1, NULL, NULL, 0),
(748, 1, 700, '2019-09-03', 1, NULL, NULL, 0),
(749, 1, 701, '2019-09-03', 1, NULL, NULL, 0),
(750, 1, 702, '2019-09-03', 1, NULL, NULL, 0),
(751, 1, 703, '2019-09-03', 1, NULL, NULL, 0),
(752, 1, 704, '2019-09-03', 1, NULL, NULL, 0),
(753, 1, 705, '2019-09-03', 1, NULL, NULL, 0),
(754, 1, 706, '2019-09-03', 1, NULL, NULL, 0),
(755, 1, 707, '2019-09-03', 1, NULL, NULL, 0),
(756, 1, 708, '2019-09-03', 1, NULL, NULL, 0),
(757, 1, 709, '2019-09-03', 1, NULL, NULL, 0),
(758, 1, 710, '2019-09-03', 1, NULL, NULL, 0),
(759, 1, 711, '2019-09-03', 1, NULL, NULL, 0),
(760, 1, 712, '2019-09-03', 1, NULL, NULL, 0),
(761, 1, 713, '2019-09-03', 1, NULL, NULL, 0),
(762, 1, 714, '2019-09-03', 1, NULL, NULL, 0),
(763, 1, 715, '2019-09-03', 1, NULL, NULL, 0),
(764, 1, 716, '2019-09-03', 1, NULL, NULL, 0),
(765, 1, 717, '2019-09-03', 1, NULL, NULL, 0),
(766, 1, 718, '2019-09-03', 1, NULL, NULL, 0),
(767, 1, 719, '2019-09-03', 1, NULL, NULL, 0),
(768, 1, 720, '2019-09-03', 1, NULL, NULL, 0),
(769, 1, 721, '2019-09-03', 1, NULL, NULL, 0),
(770, 1, 722, '2019-09-03', 1, NULL, NULL, 0),
(771, 1, 723, '2019-09-03', 1, NULL, NULL, 0),
(772, 1, 724, '2019-09-03', 1, NULL, NULL, 0),
(773, 1, 725, '2019-09-03', 1, NULL, NULL, 0),
(774, 1, 726, '2019-09-03', 1, NULL, NULL, 0),
(775, 1, 727, '2019-09-03', 1, NULL, NULL, 0),
(776, 1, 728, '2019-09-03', 1, NULL, NULL, 0),
(777, 1, 729, '2019-09-03', 1, NULL, NULL, 0),
(778, 1, 730, '2019-09-03', 1, NULL, NULL, 0),
(779, 1, 731, '2019-09-03', 1, NULL, NULL, 0),
(780, 1, 732, '2019-09-03', 1, NULL, NULL, 0),
(781, 1, 733, '2019-09-03', 1, NULL, NULL, 0),
(782, 1, 734, '2019-09-03', 1, NULL, NULL, 0),
(783, 1, 735, '2019-09-03', 1, NULL, NULL, 0),
(784, 1, 736, '2019-09-03', 1, NULL, NULL, 0),
(785, 1, 737, '2019-09-03', 1, NULL, NULL, 0),
(786, 1, 738, '2019-09-03', 1, NULL, NULL, 0),
(787, 1, 739, '2019-09-03', 1, NULL, NULL, 0),
(788, 1, 740, '2019-09-03', 1, NULL, NULL, 0),
(789, 1, 741, '2019-09-03', 1, NULL, NULL, 0),
(790, 1, 742, '2019-09-03', 1, NULL, NULL, 0),
(791, 1, 743, '2019-09-03', 1, NULL, NULL, 0),
(792, 1, 744, '2019-09-03', 1, NULL, NULL, 0),
(793, 1, 745, '2019-09-03', 1, NULL, NULL, 0),
(794, 1, 746, '2019-09-03', 1, NULL, NULL, 0),
(795, 1, 747, '2019-09-03', 1, NULL, NULL, 0),
(796, 1, 748, '2019-09-03', 1, NULL, NULL, 0),
(797, 1, 749, '2019-09-03', 1, NULL, NULL, 0),
(798, 1, 750, '2019-09-03', 1, NULL, NULL, 0),
(799, 1, 751, '2019-09-03', 1, NULL, NULL, 0),
(800, 1, 752, '2019-09-03', 1, NULL, NULL, 0),
(801, 1, 753, '2019-09-03', 1, NULL, NULL, 0),
(802, 1, 754, '2019-09-03', 1, NULL, NULL, 0),
(803, 1, 755, '2019-09-03', 1, NULL, NULL, 0),
(804, 1, 756, '2019-09-03', 1, NULL, NULL, 0),
(805, 1, 757, '2019-09-03', 1, NULL, NULL, 0),
(806, 1, 758, '2019-09-03', 1, NULL, NULL, 0),
(807, 1, 759, '2019-09-03', 1, NULL, NULL, 0),
(808, 1, 760, '2019-09-03', 1, NULL, NULL, 0),
(809, 1, 761, '2019-09-03', 1, NULL, NULL, 0),
(810, 1, 762, '2019-09-03', 1, NULL, NULL, 0),
(811, 1, 763, '2019-09-03', 1, NULL, NULL, 0),
(812, 1, 764, '2019-09-03', 1, NULL, NULL, 0),
(813, 1, 765, '2019-09-03', 1, NULL, NULL, 0),
(814, 1, 766, '2019-09-03', 1, NULL, NULL, 0),
(815, 1, 767, '2019-09-03', 1, NULL, NULL, 0),
(816, 1, 768, '2019-09-03', 1, NULL, NULL, 0),
(817, 1, 769, '2019-09-03', 1, NULL, NULL, 0),
(818, 1, 770, '2019-09-03', 1, NULL, NULL, 0),
(819, 1, 771, '2019-09-03', 1, NULL, NULL, 0),
(820, 1, 772, '2019-09-03', 1, NULL, NULL, 0),
(821, 1, 773, '2019-09-03', 1, NULL, NULL, 0),
(822, 1, 774, '2019-09-03', 1, NULL, NULL, 0),
(823, 1, 775, '2019-09-03', 1, NULL, NULL, 0),
(824, 1, 776, '2019-09-03', 1, NULL, NULL, 0),
(825, 1, 777, '2019-09-03', 1, NULL, NULL, 0),
(826, 1, 778, '2019-09-03', 1, NULL, NULL, 0),
(827, 1, 779, '2019-09-03', 1, NULL, NULL, 0),
(828, 1, 780, '2019-09-03', 1, NULL, NULL, 0),
(829, 1, 781, '2019-09-03', 1, NULL, NULL, 0),
(830, 1, 782, '2019-09-03', 1, NULL, NULL, 0),
(831, 1, 783, '2019-09-03', 1, NULL, NULL, 0),
(832, 1, 784, '2019-09-03', 1, NULL, NULL, 0),
(833, 1, 785, '2019-09-03', 1, NULL, NULL, 0),
(834, 1, 786, '2019-09-03', 1, NULL, NULL, 0),
(835, 1, 787, '2019-09-03', 1, NULL, NULL, 0),
(836, 1, 788, '2019-09-03', 1, NULL, NULL, 0),
(837, 1, 789, '2019-09-03', 1, NULL, NULL, 0),
(838, 1, 790, '2019-09-03', 1, NULL, NULL, 0),
(839, 1, 791, '2019-09-03', 1, NULL, NULL, 0),
(840, 1, 792, '2019-09-03', 1, NULL, NULL, 0),
(841, 1, 793, '2019-09-03', 1, NULL, NULL, 0),
(842, 1, 794, '2019-09-03', 1, NULL, NULL, 0),
(843, 1, 795, '2019-09-03', 1, NULL, NULL, 0),
(844, 1, 796, '2019-09-03', 1, NULL, NULL, 0),
(845, 1, 797, '2019-09-03', 1, NULL, NULL, 0),
(846, 1, 798, '2019-09-03', 1, NULL, NULL, 0),
(847, 1, 799, '2019-09-03', 1, NULL, NULL, 0),
(848, 1, 800, '2019-09-03', 1, NULL, NULL, 0),
(849, 1, 801, '2019-09-03', 1, NULL, NULL, 0),
(850, 1, 802, '2019-09-03', 1, NULL, NULL, 0),
(851, 1, 803, '2019-09-03', 1, NULL, NULL, 0),
(852, 1, 804, '2019-09-03', 1, NULL, NULL, 0),
(853, 1, 805, '2019-09-03', 1, NULL, NULL, 0),
(854, 1, 806, '2019-09-03', 1, NULL, NULL, 0),
(855, 1, 807, '2019-09-03', 1, NULL, NULL, 0),
(856, 1, 808, '2019-09-03', 1, NULL, NULL, 0),
(857, 1, 809, '2019-09-03', 1, NULL, NULL, 0),
(858, 1, 810, '2019-09-03', 1, NULL, NULL, 0),
(859, 1, 811, '2019-09-03', 1, NULL, NULL, 0),
(860, 1, 812, '2019-09-03', 1, NULL, NULL, 0),
(861, 1, 813, '2019-09-03', 1, NULL, NULL, 0),
(862, 1, 814, '2019-09-03', 1, NULL, NULL, 0),
(863, 1, 815, '2019-09-03', 1, NULL, NULL, 0),
(864, 1, 816, '2019-09-03', 1, NULL, NULL, 0),
(865, 1, 817, '2019-09-03', 1, NULL, NULL, 0),
(866, 1, 818, '2019-09-03', 1, NULL, NULL, 0),
(867, 1, 819, '2019-09-03', 1, NULL, NULL, 0),
(868, 1, 820, '2019-09-03', 1, NULL, NULL, 0),
(869, 1, 821, '2019-09-03', 1, NULL, NULL, 0),
(870, 1, 822, '2019-09-03', 1, NULL, NULL, 0),
(871, 1, 823, '2019-09-03', 1, NULL, NULL, 0),
(872, 1, 824, '2019-09-03', 1, NULL, NULL, 0),
(873, 1, 825, '2019-09-03', 1, NULL, NULL, 0),
(874, 1, 826, '2019-09-03', 1, NULL, NULL, 0),
(875, 1, 827, '2019-09-03', 1, NULL, NULL, 0),
(876, 1, 828, '2019-09-03', 1, NULL, NULL, 0),
(877, 1, 829, '2019-09-03', 1, NULL, NULL, 0),
(878, 1, 830, '2019-09-03', 1, NULL, NULL, 0),
(879, 1, 831, '2019-09-03', 1, NULL, NULL, 0),
(880, 1, 832, '2019-09-03', 1, NULL, NULL, 0),
(881, 1, 833, '2019-09-03', 1, NULL, NULL, 0),
(882, 1, 834, '2019-09-03', 1, NULL, NULL, 0),
(883, 1, 835, '2019-09-03', 1, NULL, NULL, 0),
(884, 1, 836, '2019-09-03', 1, NULL, NULL, 0),
(885, 1, 837, '2019-09-03', 1, NULL, NULL, 0),
(886, 1, 838, '2019-09-03', 1, NULL, NULL, 0),
(887, 1, 839, '2019-09-03', 1, NULL, NULL, 0),
(888, 1, 840, '2019-09-03', 1, NULL, NULL, 0),
(889, 1, 841, '2019-09-03', 1, NULL, NULL, 0),
(890, 1, 842, '2019-09-03', 1, NULL, NULL, 0),
(891, 1, 843, '2019-09-03', 1, NULL, NULL, 0),
(892, 1, 844, '2019-09-03', 1, NULL, NULL, 0),
(893, 1, 845, '2019-09-03', 1, NULL, NULL, 0),
(894, 1, 846, '2019-09-03', 1, NULL, NULL, 0),
(895, 1, 847, '2019-09-03', 1, NULL, NULL, 0),
(896, 1, 848, '2019-09-03', 1, NULL, NULL, 0),
(897, 1, 849, '2019-09-03', 1, NULL, NULL, 0),
(898, 1, 850, '2019-09-03', 1, NULL, NULL, 0),
(899, 1, 851, '2019-09-03', 1, NULL, NULL, 0),
(900, 1, 852, '2019-09-03', 1, NULL, NULL, 0),
(901, 1, 853, '2019-09-03', 1, NULL, NULL, 0),
(902, 1, 854, '2019-09-03', 1, NULL, NULL, 0),
(903, 1, 855, '2019-09-03', 1, NULL, NULL, 0),
(904, 1, 856, '2019-09-03', 1, NULL, NULL, 0),
(905, 1, 857, '2019-09-03', 1, NULL, NULL, 0),
(906, 1, 858, '2019-09-03', 1, NULL, NULL, 0),
(907, 1, 859, '2019-09-03', 1, NULL, NULL, 0),
(908, 1, 860, '2019-09-03', 1, NULL, NULL, 0),
(909, 1, 861, '2019-09-03', 1, NULL, NULL, 0),
(910, 1, 862, '2019-09-03', 1, NULL, NULL, 0),
(911, 1, 863, '2019-09-03', 1, NULL, NULL, 0),
(912, 1, 864, '2019-09-03', 1, NULL, NULL, 0),
(913, 1, 865, '2019-09-03', 1, NULL, NULL, 0),
(914, 1, 866, '2019-09-03', 1, NULL, NULL, 0),
(915, 1, 867, '2019-09-03', 1, NULL, NULL, 0),
(916, 1, 868, '2019-09-03', 1, NULL, NULL, 0),
(917, 1, 869, '2019-09-03', 1, NULL, NULL, 0),
(918, 1, 870, '2019-09-03', 1, NULL, NULL, 0),
(919, 1, 871, '2019-09-03', 1, NULL, NULL, 0),
(920, 1, 872, '2019-09-03', 1, NULL, NULL, 0),
(921, 1, 873, '2019-09-03', 1, NULL, NULL, 0),
(922, 1, 874, '2019-09-03', 1, NULL, NULL, 0),
(923, 1, 875, '2019-09-03', 1, NULL, NULL, 0),
(924, 1, 876, '2019-09-03', 1, NULL, NULL, 0),
(925, 1, 877, '2019-09-03', 1, NULL, NULL, 0),
(926, 1, 878, '2019-09-03', 1, NULL, NULL, 0),
(927, 1, 879, '2019-09-03', 1, NULL, NULL, 0),
(928, 1, 880, '2019-09-03', 1, NULL, NULL, 0),
(929, 1, 881, '2019-09-03', 1, NULL, NULL, 0),
(930, 1, 882, '2019-09-03', 1, NULL, NULL, 0),
(931, 1, 883, '2019-09-03', 1, NULL, NULL, 0),
(932, 1, 884, '2019-09-03', 1, NULL, NULL, 0),
(933, 1, 885, '2019-09-03', 1, NULL, NULL, 0),
(934, 1, 886, '2019-09-03', 1, NULL, NULL, 0),
(935, 1, 887, '2019-09-03', 1, NULL, NULL, 0),
(936, 1, 888, '2019-09-03', 1, NULL, NULL, 0),
(937, 1, 889, '2019-09-03', 1, NULL, NULL, 0),
(938, 1, 890, '2019-09-03', 1, NULL, NULL, 0),
(939, 1, 891, '2019-09-03', 1, NULL, NULL, 0),
(940, 1, 892, '2019-09-03', 1, NULL, NULL, 0),
(941, 1, 893, '2019-09-03', 1, NULL, NULL, 0),
(942, 1, 894, '2019-09-03', 1, NULL, NULL, 0),
(943, 1, 895, '2019-09-03', 1, NULL, NULL, 0),
(944, 1, 896, '2019-09-03', 1, NULL, NULL, 0),
(945, 1, 897, '2019-09-03', 1, NULL, NULL, 0),
(946, 1, 898, '2019-09-03', 1, NULL, NULL, 0),
(947, 1, 899, '2019-09-03', 1, NULL, NULL, 0),
(948, 1, 900, '2019-09-03', 1, NULL, NULL, 0),
(949, 1, 901, '2019-09-03', 1, NULL, NULL, 0),
(950, 1, 902, '2019-09-03', 1, NULL, NULL, 0),
(951, 1, 903, '2019-09-03', 1, NULL, NULL, 0),
(952, 1, 904, '2019-09-03', 1, NULL, NULL, 0),
(953, 1, 905, '2019-09-03', 1, NULL, NULL, 0),
(954, 1, 906, '2019-09-03', 1, NULL, NULL, 0),
(955, 1, 907, '2019-09-03', 1, NULL, NULL, 0),
(956, 1, 908, '2019-09-03', 1, NULL, NULL, 0),
(957, 1, 909, '2019-09-03', 1, NULL, NULL, 0),
(958, 1, 910, '2019-09-03', 1, NULL, NULL, 0),
(959, 1, 911, '2019-09-03', 1, NULL, NULL, 0),
(960, 1, 912, '2019-09-03', 1, NULL, NULL, 0),
(961, 1, 913, '2019-09-03', 1, NULL, NULL, 0),
(962, 1, 914, '2019-09-03', 1, NULL, NULL, 0),
(963, 1, 915, '2019-09-03', 1, NULL, NULL, 0),
(964, 1, 916, '2019-09-03', 1, NULL, NULL, 0),
(965, 1, 917, '2019-09-03', 1, NULL, NULL, 0),
(966, 1, 918, '2019-09-03', 1, NULL, NULL, 0),
(967, 1, 919, '2019-09-03', 1, NULL, NULL, 0),
(968, 1, 920, '2019-09-03', 1, NULL, NULL, 0),
(969, 1, 921, '2019-09-03', 1, NULL, NULL, 0),
(970, 1, 922, '2019-09-03', 1, NULL, NULL, 0),
(971, 1, 923, '2019-09-03', 1, NULL, NULL, 0),
(972, 1, 924, '2019-09-03', 1, NULL, NULL, 0),
(973, 1, 925, '2019-09-03', 1, NULL, NULL, 0),
(974, 1, 926, '2019-09-03', 1, NULL, NULL, 0),
(975, 1, 927, '2019-09-03', 1, NULL, NULL, 0),
(976, 1, 928, '2019-09-03', 1, NULL, NULL, 0),
(977, 1, 929, '2019-09-03', 1, NULL, NULL, 0),
(978, 1, 930, '2019-09-03', 1, NULL, NULL, 0),
(979, 1, 931, '2019-09-03', 1, NULL, NULL, 0),
(980, 1, 932, '2019-09-03', 1, NULL, NULL, 0),
(981, 1, 933, '2019-09-03', 1, NULL, NULL, 0),
(982, 1, 934, '2019-09-03', 1, NULL, NULL, 0),
(983, 1, 935, '2019-09-03', 1, NULL, NULL, 0),
(984, 1, 936, '2019-09-03', 1, NULL, NULL, 0),
(985, 1, 937, '2019-09-03', 1, NULL, NULL, 0),
(986, 1, 938, '2019-09-03', 1, NULL, NULL, 0),
(987, 1, 939, '2019-09-03', 1, NULL, NULL, 0),
(988, 1, 940, '2019-09-03', 1, NULL, NULL, 0),
(989, 1, 941, '2019-09-03', 1, NULL, NULL, 0),
(990, 1, 942, '2019-09-03', 1, NULL, NULL, 0),
(991, 1, 943, '2019-09-03', 1, NULL, NULL, 0),
(992, 1, 944, '2019-09-03', 1, NULL, NULL, 0),
(993, 1, 945, '2019-09-03', 1, NULL, NULL, 0),
(994, 1, 946, '2019-09-03', 1, NULL, NULL, 0),
(995, 1, 947, '2019-09-03', 1, NULL, NULL, 0),
(996, 1, 948, '2019-09-03', 1, NULL, NULL, 0),
(997, 1, 949, '2019-09-03', 1, NULL, NULL, 0),
(998, 1, 950, '2019-09-03', 1, NULL, NULL, 0),
(999, 1, 951, '2019-09-03', 1, NULL, NULL, 0),
(1000, 1, 952, '2019-09-03', 1, NULL, NULL, 0),
(1001, 1, 953, '2019-09-03', 1, NULL, NULL, 0),
(1002, 1, 954, '2019-09-03', 1, NULL, NULL, 0),
(1003, 1, 955, '2019-09-03', 1, NULL, NULL, 0),
(1004, 1, 956, '2019-09-03', 1, NULL, NULL, 0),
(1005, 1, 957, '2019-09-03', 1, NULL, NULL, 0),
(1006, 1, 958, '2019-09-03', 1, NULL, NULL, 0),
(1007, 1, 959, '2019-09-03', 1, NULL, NULL, 0),
(1008, 1, 960, '2019-09-03', 1, NULL, NULL, 0),
(1009, 1, 961, '2019-09-03', 1, NULL, NULL, 0),
(1010, 1, 962, '2019-09-03', 1, NULL, NULL, 0),
(1011, 1, 963, '2019-09-03', 1, NULL, NULL, 0),
(1012, 1, 964, '2019-09-03', 1, NULL, NULL, 0),
(1013, 1, 965, '2019-09-03', 1, NULL, NULL, 0),
(1014, 1, 966, '2019-09-03', 1, NULL, NULL, 0),
(1015, 1, 967, '2019-09-03', 1, NULL, NULL, 0),
(1016, 1, 968, '2019-09-03', 1, NULL, NULL, 0),
(1017, 1, 969, '2019-09-03', 1, NULL, NULL, 0),
(1018, 1, 970, '2019-09-03', 1, NULL, NULL, 0),
(1019, 1, 971, '2019-09-03', 1, NULL, NULL, 0),
(1020, 1, 972, '2019-09-03', 1, NULL, NULL, 0),
(1021, 1, 973, '2019-09-03', 1, NULL, NULL, 0),
(1022, 1, 974, '2019-09-03', 1, NULL, NULL, 0),
(1023, 1, 975, '2019-09-03', 1, NULL, NULL, 0),
(1024, 1, 976, '2019-09-03', 1, NULL, NULL, 0),
(1025, 1, 977, '2019-09-03', 1, NULL, NULL, 0),
(1026, 1, 978, '2019-09-03', 1, NULL, NULL, 0),
(1027, 1, 979, '2019-09-03', 1, NULL, NULL, 0),
(1028, 1, 980, '2019-09-03', 1, NULL, NULL, 0),
(1029, 1, 981, '2019-09-03', 1, NULL, NULL, 0),
(1030, 1, 982, '2019-09-03', 1, NULL, NULL, 0),
(1031, 1, 983, '2019-09-03', 1, NULL, NULL, 0),
(1032, 1, 984, '2019-09-03', 1, NULL, NULL, 0),
(1033, 1, 985, '2019-09-03', 1, NULL, NULL, 0),
(1034, 1, 986, '2019-09-03', 1, NULL, NULL, 0),
(1035, 1, 987, '2019-09-03', 1, NULL, NULL, 0),
(1036, 1, 988, '2019-09-03', 1, NULL, NULL, 0),
(1037, 1, 989, '2019-09-03', 1, NULL, NULL, 0),
(1038, 1, 990, '2019-09-03', 1, NULL, NULL, 0),
(1039, 1, 991, '2019-09-03', 1, NULL, NULL, 0),
(1040, 1, 992, '2019-09-03', 1, NULL, NULL, 0),
(1041, 1, 993, '2019-09-03', 1, NULL, NULL, 0),
(1042, 1, 994, '2019-09-03', 1, NULL, NULL, 0),
(1043, 1, 995, '2019-09-03', 1, NULL, NULL, 0),
(1044, 1, 996, '2019-09-03', 1, NULL, NULL, 0),
(1045, 1, 997, '2019-09-03', 1, NULL, NULL, 0),
(1046, 1, 998, '2019-09-03', 1, NULL, NULL, 0),
(1047, 1, 999, '2019-09-03', 1, NULL, NULL, 0),
(1048, 1, 1000, '2019-09-03', 1, NULL, NULL, 0),
(1049, 1, 1001, '2019-09-03', 1, NULL, NULL, 0),
(1050, 1, 1002, '2019-09-03', 1, NULL, NULL, 0),
(1051, 1, 1003, '2019-09-03', 1, NULL, NULL, 0),
(1052, 1, 1004, '2019-09-03', 1, NULL, NULL, 0),
(1053, 1, 1005, '2019-09-03', 1, NULL, NULL, 0),
(1054, 1, 1006, '2019-09-03', 1, NULL, NULL, 0),
(1055, 1, 1007, '2019-09-03', 1, NULL, NULL, 0),
(1056, 1, 1008, '2019-09-03', 1, NULL, NULL, 0),
(1057, 1, 1009, '2019-09-03', 1, NULL, NULL, 0),
(1058, 1, 1010, '2019-09-03', 1, NULL, NULL, 0),
(1059, 1, 1011, '2019-09-03', 1, NULL, NULL, 0),
(1060, 1, 1012, '2019-09-03', 1, NULL, NULL, 0),
(1061, 1, 1013, '2019-09-03', 1, NULL, NULL, 0),
(1062, 1, 1014, '2019-09-03', 1, NULL, NULL, 0),
(1063, 1, 1015, '2019-09-03', 1, NULL, NULL, 0),
(1064, 1, 1016, '2019-09-03', 1, NULL, NULL, 0),
(1065, 1, 1017, '2019-09-03', 1, NULL, NULL, 0),
(1066, 1, 1018, '2019-09-03', 1, NULL, NULL, 0),
(1067, 1, 1019, '2019-09-03', 1, NULL, NULL, 0),
(1068, 1, 1020, '2019-09-03', 1, NULL, NULL, 0),
(1069, 1, 1021, '2019-09-03', 1, NULL, NULL, 0),
(1070, 1, 1022, '2019-09-03', 1, NULL, NULL, 0),
(1071, 1, 1023, '2019-09-03', 1, NULL, NULL, 0),
(1072, 1, 1024, '2019-09-03', 1, NULL, NULL, 0),
(1073, 1, 1025, '2019-09-03', 1, NULL, NULL, 0),
(1074, 1, 1026, '2019-09-03', 1, NULL, NULL, 0),
(1075, 1, 1027, '2019-09-03', 1, NULL, NULL, 0),
(1076, 1, 1028, '2019-09-03', 1, NULL, NULL, 0),
(1077, 1, 1029, '2019-09-03', 1, NULL, NULL, 0),
(1078, 1, 1030, '2019-09-03', 1, NULL, NULL, 0),
(1079, 1, 1031, '2019-09-03', 1, NULL, NULL, 0),
(1080, 1, 1032, '2019-09-03', 1, NULL, NULL, 0),
(1081, 1, 1033, '2019-09-03', 1, NULL, NULL, 0),
(1082, 1, 1034, '2019-09-03', 1, NULL, NULL, 0),
(1083, 1, 1035, '2019-09-03', 1, NULL, NULL, 0),
(1084, 1, 1036, '2019-09-03', 1, NULL, NULL, 0),
(1085, 1, 1037, '2019-09-03', 1, NULL, NULL, 0),
(1086, 1, 1038, '2019-09-03', 1, NULL, NULL, 0),
(1087, 1, 1039, '2019-09-03', 1, NULL, NULL, 0),
(1088, 1, 1040, '2019-09-03', 1, NULL, NULL, 0),
(1089, 1, 1041, '2019-09-03', 1, NULL, NULL, 0),
(1090, 1, 1042, '2019-09-03', 1, NULL, NULL, 0),
(1091, 1, 1043, '2019-09-03', 1, NULL, NULL, 0),
(1092, 1, 1044, '2019-09-03', 1, NULL, NULL, 0),
(1093, 1, 1045, '2019-09-03', 1, NULL, NULL, 0),
(1094, 1, 1046, '2019-09-03', 1, NULL, NULL, 0),
(1095, 1, 1047, '2019-09-03', 1, NULL, NULL, 0),
(1096, 1, 1048, '2019-09-03', 1, NULL, NULL, 0),
(1097, 1, 1049, '2019-09-03', 1, NULL, NULL, 0),
(1098, 1, 1050, '2019-09-03', 1, NULL, NULL, 0),
(1099, 1, 1051, '2019-09-03', 1, NULL, NULL, 0),
(1100, 1, 1052, '2019-09-03', 1, NULL, NULL, 0),
(1101, 1, 1053, '2019-09-03', 1, NULL, NULL, 0),
(1102, 1, 1054, '2019-09-03', 1, NULL, NULL, 0),
(1103, 1, 1055, '2019-09-03', 1, NULL, NULL, 0),
(1104, 1, 1056, '2019-09-03', 1, NULL, NULL, 0),
(1105, 1, 1057, '2019-09-03', 1, NULL, NULL, 0),
(1106, 1, 1058, '2019-09-03', 1, NULL, NULL, 0),
(1107, 1, 1059, '2019-09-03', 1, NULL, NULL, 0),
(1108, 1, 1060, '2019-09-03', 1, NULL, NULL, 0),
(1109, 1, 1061, '2019-09-03', 1, NULL, NULL, 0),
(1110, 1, 1062, '2019-09-03', 1, NULL, NULL, 0),
(1111, 1, 1063, '2019-09-03', 1, NULL, NULL, 0),
(1112, 1, 1064, '2019-09-03', 1, NULL, NULL, 0),
(1113, 1, 1065, '2019-09-03', 1, NULL, NULL, 0),
(1114, 1, 1066, '2019-09-03', 1, NULL, NULL, 0),
(1115, 1, 1067, '2019-09-03', 1, NULL, NULL, 0),
(1116, 1, 1068, '2019-09-03', 1, NULL, NULL, 0),
(1117, 1, 1069, '2019-09-03', 1, NULL, NULL, 0),
(1118, 1, 1070, '2019-09-03', 1, NULL, NULL, 0),
(1119, 1, 1071, '2019-09-03', 1, NULL, NULL, 0),
(1120, 1, 1072, '2019-09-03', 1, NULL, NULL, 0),
(1121, 1, 1073, '2019-09-03', 1, NULL, NULL, 0),
(1122, 1, 1074, '2019-09-03', 1, NULL, NULL, 0),
(1123, 1, 1075, '2019-09-03', 1, NULL, NULL, 0),
(1124, 1, 1076, '2019-09-03', 1, NULL, NULL, 0),
(1125, 1, 1077, '2019-09-03', 1, NULL, NULL, 0),
(1126, 1, 1078, '2019-09-03', 1, NULL, NULL, 0),
(1127, 1, 1079, '2019-09-03', 1, NULL, NULL, 0),
(1128, 1, 1080, '2019-09-03', 1, NULL, NULL, 0),
(1129, 1, 1081, '2019-09-03', 1, NULL, NULL, 0),
(1130, 1, 1082, '2019-09-03', 1, NULL, NULL, 0),
(1131, 1, 1083, '2019-09-03', 1, NULL, NULL, 0),
(1132, 1, 1084, '2019-09-03', 1, NULL, NULL, 0),
(1133, 1, 1085, '2019-09-03', 1, NULL, NULL, 0),
(1134, 1, 1086, '2019-09-03', 1, NULL, NULL, 0),
(1135, 1, 1087, '2019-09-03', 1, NULL, NULL, 0),
(1136, 1, 1088, '2019-09-03', 1, NULL, NULL, 0),
(1137, 1, 1089, '2019-09-03', 1, NULL, NULL, 0),
(1138, 1, 1090, '2019-09-03', 1, NULL, NULL, 0),
(1139, 1, 1091, '2019-09-03', 1, NULL, NULL, 0),
(1140, 1, 1092, '2019-09-03', 1, NULL, NULL, 0),
(1141, 1, 1093, '2019-09-03', 1, NULL, NULL, 0);
INSERT INTO `feature_set` (`id`, `feature`, `user`, `createddate`, `createdby`, `updateddate`, `updatedby`, `deleted`) VALUES
(1142, 1, 1094, '2019-09-03', 1, NULL, NULL, 0),
(1143, 1, 1095, '2019-09-03', 1, NULL, NULL, 0),
(1144, 1, 1096, '2019-09-03', 1, NULL, NULL, 0),
(1145, 1, 1097, '2019-09-03', 1, NULL, NULL, 0),
(1146, 1, 1098, '2019-09-03', 1, NULL, NULL, 0),
(1147, 1, 1099, '2019-09-03', 1, NULL, NULL, 0),
(1148, 1, 1100, '2019-09-03', 1, NULL, NULL, 0),
(1149, 1, 1101, '2019-09-03', 1, NULL, NULL, 0),
(1150, 1, 1102, '2019-09-03', 1, NULL, NULL, 0),
(1151, 1, 1103, '2019-09-03', 1, NULL, NULL, 0),
(1152, 1, 1104, '2019-09-03', 1, NULL, NULL, 0),
(1153, 1, 1105, '2019-09-03', 1, NULL, NULL, 0),
(1154, 1, 1106, '2019-09-03', 1, NULL, NULL, 0),
(1155, 1, 1107, '2019-09-03', 1, NULL, NULL, 0),
(1156, 1, 1108, '2019-09-03', 1, NULL, NULL, 0),
(1157, 1, 1109, '2019-09-03', 1, NULL, NULL, 0),
(1158, 1, 1110, '2019-09-03', 1, NULL, NULL, 0),
(1159, 1, 1111, '2019-09-03', 1, NULL, NULL, 0),
(1160, 1, 1112, '2019-09-03', 1, NULL, NULL, 0),
(1161, 1, 1113, '2019-09-03', 1, NULL, NULL, 0),
(1162, 1, 1114, '2019-09-03', 1, NULL, NULL, 0),
(1163, 1, 1115, '2019-09-03', 1, NULL, NULL, 0),
(1164, 1, 1116, '2019-09-03', 1, NULL, NULL, 0),
(1165, 1, 1117, '2019-09-03', 1, NULL, NULL, 0),
(1166, 1, 1118, '2019-09-03', 1, NULL, NULL, 0),
(1167, 1, 1119, '2019-09-03', 1, NULL, NULL, 0),
(1168, 1, 1120, '2019-09-03', 1, NULL, NULL, 0),
(1169, 1, 1121, '2019-09-03', 1, NULL, NULL, 0),
(1170, 1, 1122, '2019-09-03', 1, NULL, NULL, 0),
(1171, 1, 1123, '2019-09-03', 1, NULL, NULL, 0),
(1172, 1, 1124, '2019-09-03', 1, NULL, NULL, 0),
(1173, 1, 1125, '2019-09-03', 1, NULL, NULL, 0),
(1174, 1, 1126, '2019-09-03', 1, NULL, NULL, 0),
(1175, 1, 1127, '2019-09-03', 1, NULL, NULL, 0),
(1176, 1, 1128, '2019-09-03', 1, NULL, NULL, 0),
(1177, 1, 1129, '2019-09-03', 1, NULL, NULL, 0),
(1178, 1, 1130, '2019-09-03', 1, NULL, NULL, 0),
(1179, 1, 1131, '2019-09-03', 1, NULL, NULL, 0),
(1180, 1, 1132, '2019-09-03', 1, NULL, NULL, 0),
(1181, 1, 1133, '2019-09-03', 1, NULL, NULL, 0),
(1182, 1, 1134, '2019-09-03', 1, NULL, NULL, 0),
(1183, 1, 1135, '2019-09-03', 1, NULL, NULL, 0),
(1184, 1, 1136, '2019-09-03', 1, NULL, NULL, 0),
(1185, 1, 1137, '2019-09-03', 1, NULL, NULL, 0),
(1186, 1, 1138, '2019-09-03', 1, NULL, NULL, 0),
(1187, 1, 1139, '2019-09-03', 1, NULL, NULL, 0),
(1188, 1, 1140, '2019-09-03', 1, NULL, NULL, 0),
(1189, 1, 1141, '2019-09-03', 1, NULL, NULL, 0),
(1190, 1, 1142, '2019-09-03', 1, NULL, NULL, 0),
(1191, 1, 1143, '2019-09-03', 1, NULL, NULL, 0),
(1192, 1, 1144, '2019-09-03', 1, NULL, NULL, 0),
(1193, 1, 1145, '2019-09-03', 1, NULL, NULL, 0),
(1194, 1, 1146, '2019-09-03', 1, NULL, NULL, 0),
(1195, 1, 1147, '2019-09-03', 1, NULL, NULL, 0),
(1196, 16, 1, NULL, NULL, NULL, NULL, 0),
(1197, 15, 1, NULL, NULL, NULL, NULL, 0),
(1206, 17, 1, NULL, NULL, NULL, NULL, 0),
(1207, 1, 2, '2019-09-11', 1, NULL, NULL, 0),
(1208, 7, 2, '2019-09-11', 1, NULL, NULL, 0),
(1209, 11, 2, '2019-09-11', 1, NULL, NULL, 0),
(1210, 12, 2, '2019-09-11', 1, NULL, NULL, 0),
(1211, 13, 2, '2019-09-11', 1, NULL, NULL, 0),
(1212, 14, 2, '2019-09-11', 1, NULL, NULL, 0),
(1213, 15, 2, '2019-09-11', 1, NULL, NULL, 0),
(1214, 16, 2, '2019-09-11', 1, NULL, NULL, 0),
(1215, 17, 2, '2019-09-11', 1, NULL, NULL, 0),
(1216, 18, 1, NULL, NULL, NULL, NULL, 0),
(1217, 19, 1, NULL, NULL, NULL, NULL, 0),
(1218, 20, 1, NULL, NULL, NULL, NULL, 0),
(1219, 21, 1, NULL, NULL, NULL, NULL, 0),
(1220, 22, 1, NULL, NULL, NULL, NULL, 0);

-- --------------------------------------------------------

--
-- Table structure for table `gardu_induk`
--

CREATE TABLE `gardu_induk` (
  `id` int(11) NOT NULL,
  `gardu` varchar(150) DEFAULT NULL,
  `ultg` int(11) NOT NULL,
  `createddate` date DEFAULT NULL,
  `createdby` int(11) DEFAULT NULL,
  `updateddate` datetime DEFAULT NULL,
  `updatedby` int(11) DEFAULT NULL,
  `deleted` int(11) DEFAULT '0'
) ENGINE=InnoDB DEFAULT CHARSET=latin1;

-- --------------------------------------------------------

--
-- Table structure for table `jabatan`
--

CREATE TABLE `jabatan` (
  `id` int(11) NOT NULL,
  `jabatan` varchar(150) DEFAULT NULL,
  `nama_panjang` text,
  `parent` int(11) DEFAULT NULL,
  `createddate` date DEFAULT NULL,
  `createdby` int(11) DEFAULT NULL,
  `updateddate` datetime DEFAULT NULL,
  `updatedby` int(11) DEFAULT NULL,
  `deleted` int(11) DEFAULT '0'
) ENGINE=InnoDB DEFAULT CHARSET=latin1;

--
-- Dumping data for table `jabatan`
--

INSERT INTO `jabatan` (`id`, `jabatan`, `nama_panjang`, `parent`, `createddate`, `createdby`, `updateddate`, `updatedby`, `deleted`) VALUES
(2, 'Staff', NULL, NULL, '2019-08-21', 1, NULL, NULL, 0),
(3, 'MSB HAR GI', 'MANAGER PEMELIHARAAN GARDU INDUK', NULL, '2019-09-02', NULL, NULL, NULL, 0),
(4, 'SII MANJ KEU', 'SENIOR SPECIALIST II MANAJEMEN KEUANGAN', NULL, '2019-09-02', NULL, NULL, NULL, 0),
(5, 'EII BANG ENJ', 'SENIOR ENGINEER II PENGEMBANGAN ENJINIRING', NULL, '2019-09-02', NULL, NULL, NULL, 0),
(6, 'SRM KEU', 'SENIOR MANAGER KEUANGAN', NULL, '2019-09-02', NULL, NULL, NULL, 0),
(7, 'MSB KEU', 'MANAGER KEUANGAN', NULL, '2019-09-02', NULL, NULL, NULL, 0),
(8, 'EII STRATEGI HAR', 'SENIOR ENGINEER II STRATEGI PEMELIHARAAN', NULL, '2019-09-02', NULL, NULL, NULL, 0),
(9, 'AN KOM DAN CSR', 'ANALYST KOMUNIKASI DAN CSR', NULL, '2019-09-02', NULL, NULL, NULL, 0),
(10, 'AN AMAN HAR ASET DAN TANAH', 'ANALYST PENGAMANAN DAN PEMELIHARAAN ASET TANAH', NULL, '2019-09-02', NULL, NULL, NULL, 0),
(11, 'MSB ADM MUM DAN FAS', 'MANAGER ADMINISTRASI UMUM DAN FASILITAS', NULL, '2019-09-02', NULL, NULL, NULL, 0),
(12, 'EII STR HAR', 'SENIOR ENGINEER II STRATEGI PEMELIHARAAN', NULL, '2019-09-02', NULL, NULL, NULL, 0),
(13, 'AMN KOM DAN CSR', 'ASSISTANT MANAGER KOMUNIKASI DAN CSR', NULL, '2019-09-02', NULL, NULL, NULL, 0),
(14, 'MPP', 'MPP', NULL, '2019-09-02', NULL, NULL, NULL, 0),
(15, 'AN PELAKSANA PENGADAAN', 'ANALYST PELAKSANA PENGADAAN', NULL, '2019-09-02', NULL, NULL, NULL, 0),
(16, 'AMN DAL HAR PROTEK DAN CATU DAYA', 'ASSISTANT MANAGER PENGENDALIAN PEMELIHARAAN PROTEKSI DAN CATU DAYA', NULL, '2019-09-02', NULL, NULL, NULL, 0),
(17, 'MSB AMAN', 'MANAGER PENGAMANAN DAN PENDAYAGUNAAN ASET PROPERTI', NULL, '2019-09-02', NULL, NULL, NULL, 0),
(18, 'PLT SRM KONS', 'SENIOR ENGINEER II PENGELOLAAN TRANSMISI (PLT SENIOR MANAGER KONSTRUKSI)', NULL, '2019-09-02', NULL, NULL, NULL, 0),
(19, 'AMN DAL KONS RING', 'ASSISTANT MANAGER PENGENDALIAN KONSTRUKSI JARINGAN', NULL, '2019-09-02', NULL, NULL, NULL, 0),
(20, 'SII MANJ SDM', 'SENIOR SPECIALIST II MANAJEMEN SDM', NULL, '2019-09-02', NULL, NULL, NULL, 0),
(21, 'MSB ADM KON', 'MANAGER ADMINISTRASI KONTRAK', NULL, '2019-09-02', NULL, NULL, NULL, 0),
(22, 'EII LOLA TRANS', 'SENIOR ENGINEER II PENGELOLAAN TRANSMISI', NULL, '2019-09-02', NULL, NULL, NULL, 0),
(23, 'PJ DALK3L', 'PEJABAT PENGENDALI KESELAMATAN, KESEHATAN KERJA, KEAMANAN DAN LINGKUNGAN(K3L)', NULL, '2019-09-02', NULL, NULL, NULL, 0),
(24, 'AMN DAL HAR RING DAN KABEL', 'ASSISTANT MANAGER PENGENDALIAN PEMELIHARAAN JARINGAN DAN KABEL', NULL, '2019-09-02', NULL, NULL, NULL, 0),
(25, 'AS AMAN', 'ASSISTANT ANALYST PENGAMANAN DAN PEMELIHARAAN ASET TANAH', NULL, '2019-09-02', NULL, NULL, NULL, 0),
(26, 'AS PENDYGN ASET PROP', 'ASSISTANT ANALYST PENDAYAGUNAAN ASET PROPERTI', NULL, '2019-09-02', NULL, NULL, NULL, 0),
(27, 'PLT MSB HAR RING', 'ENGINEER STRATEGI PEMELIHARAAN (PLT MANAGER PEMELIHARAAN JARINGAN)', NULL, '2019-09-02', NULL, NULL, NULL, 0),
(28, 'SRM SDM DAN MUM', 'SENIOR MANAGER SDM DAN UMUM', NULL, '2019-09-02', NULL, NULL, NULL, 0),
(29, 'PLT PJ OPKAM', 'ASSISTANT OFFICER KEAMANAN (PLT PEJABAT OPERASIONAL KEAMANAN)', NULL, '2019-09-02', NULL, NULL, NULL, 0),
(30, 'AMN SEKRE DAN MUM', 'ASSISTANT MANAGER SEKRETARIAT DAN UMUM', NULL, '2019-09-02', NULL, NULL, NULL, 0),
(31, 'GM', 'GENERAL MANAGER', NULL, '2019-09-02', NULL, NULL, NULL, 0),
(32, 'AMN LAB', 'ASSISTANT MANAGER LABORATORIUM', NULL, '2019-09-02', NULL, NULL, NULL, 0),
(33, 'PLT PJ LAKSDA I', 'ANALYST PELAKSANA PENGADAAN (PLT PEJABAT PELAKSANA PENGADAAN)', NULL, '2019-09-02', NULL, NULL, NULL, 0),
(34, 'AS PELAKSANA PENGADAAN', 'ASSISTANT ANALYST PELAKSANA PENGADAAN', NULL, '2019-09-02', NULL, NULL, NULL, 0),
(35, 'PLT MSB DAL KONS', 'ENGINEER MANAJEMEN KONSTRUKSI (PLT MANAGER PENGENDALIAN KONSTRUKSI)', NULL, '2019-09-02', NULL, NULL, NULL, 0),
(36, 'AMN ASES PROTEK DAN CATU DAYA', 'ASSISTANT MANAGER ASESMEN PROTEKSI DAN CATU DAYA', NULL, '2019-09-02', NULL, NULL, NULL, 0),
(37, 'AE DAL KONS ALAT DAN GI', 'ASSISTANT ENGINEER PENGENDALIAN KONSTRUKSI PERALATAN DAN GARDU INDUK', NULL, '2019-09-02', NULL, NULL, NULL, 0),
(38, 'AMN ASES RING DAN KABEL', 'ASSISTANT MANAGER ASESMEN JARINGAN DAN KABEL', NULL, '2019-09-02', NULL, NULL, NULL, 0),
(39, 'PJ OPK3', 'PEJABAT OPERASIONAL KESELAMATAN DAN KESEHATAN KERJA (K3)', NULL, '2019-09-02', NULL, NULL, NULL, 0),
(40, 'AS LOG', 'ASSISTANT ANALYST LOGISTIK', NULL, '2019-09-02', NULL, NULL, NULL, 0),
(41, 'PLT MSB MANJ MATERIAL DAN LO', 'ANALYST MANAJEMEN MATERIAL (PLT MANAGER MANAJEMEN MATERIAL DAN LOGISTIK)', NULL, '2019-09-02', NULL, NULL, NULL, 0),
(42, 'AF KAM', 'ASSISTANT OFFICER KEAMANAN', NULL, '2019-09-02', NULL, NULL, NULL, 0),
(43, 'AMN ADM SDM', 'ASSISTANT MANAGER ADMINISTRASI SDM', NULL, '2019-09-02', NULL, NULL, NULL, 0),
(44, 'MSB MANJ ASET', 'MANAGER MANAJEMEN ASET', NULL, '2019-09-02', NULL, NULL, NULL, 0),
(45, 'SRM HAR TRAN', 'SENIOR MANAGER PEMELIHARAAN TRANSMISI', NULL, '2019-09-02', NULL, NULL, NULL, 0),
(46, 'MSB BANG SDM', 'MANAGER PENGEMBANGAN SDM', NULL, '2019-09-02', NULL, NULL, NULL, 0),
(47, 'AMN PJK DAN ASR', 'ASSISTANT MANAGER PAJAK DAN ASURANSI', NULL, '2019-09-02', NULL, NULL, NULL, 0),
(48, 'MSB ANG', 'MANAGER ANGGARAN', NULL, '2019-09-02', NULL, NULL, NULL, 0),
(49, 'PLT PJ RENDAN I', 'ANALYST PERENCANA PENGADAAN (PLT PEJABAT PERENCANA PENGADAAN)', NULL, '2019-09-02', NULL, NULL, NULL, 0),
(50, 'PLT MSB ADM SDM', 'ANALSYT MANAJEMEN SDM (PLT MANAGER ADMINISTRASI SDM)', NULL, '2019-09-02', NULL, NULL, NULL, 0),
(51, 'AMN SIS MANJ DAN PROBIS', 'ASSISTANT MANAGER SISTEM MANAJEMEN DAN PROSES BISNIS', NULL, '2019-09-02', NULL, NULL, NULL, 0),
(52, 'AN PERENCANA PENGADAAN', 'ANALYST PERENCANA PENGADAAN', NULL, '2019-09-02', NULL, NULL, NULL, 0),
(53, 'PLT SRM REN', 'SENIOR ENGINEER II PENGELOLAAN TRANSMISI (PLT SENIOR MANAGER PERENCANAAN)', NULL, '2019-09-02', NULL, NULL, NULL, 0),
(54, 'AMN VERIFIKASI 1', 'ASSISTANT MANAGER VERIFIKASI 1', NULL, '2019-09-02', NULL, NULL, NULL, 0),
(55, 'PLT MSB REN PENGUSHN', 'ANALYST PERENCANAAN PENGUSAHAAN (PLT MANAGER PERENCANAAN PENGUSAHAAN)', NULL, '2019-09-02', NULL, NULL, NULL, 0),
(56, 'AMN LOLA FAS KANTOR', 'ASSISTANT MANAGER PENGELOLAAN FASILITAS KANTOR', NULL, '2019-09-02', NULL, NULL, NULL, 0),
(57, 'AMN HI DAN PENGAWASAN TK', 'ASSISTANT MANAGER HUBUNGAN INDUSTRIAL DAN PENGAWASAN TENAGA KERJA', NULL, '2019-09-02', NULL, NULL, NULL, 0),
(58, 'MSB AKT', 'MANAGER AKUNTANSI', NULL, '2019-09-02', NULL, NULL, NULL, 0),
(59, 'AN PENDYGN ASET PROP', 'ANALYST PENDAYAGUNAAN ASET PROPERTI', NULL, '2019-09-02', NULL, NULL, NULL, 0),
(60, 'PLT MSB HAR PROTEK DAN MTR', 'ENGINEER STRATEGI PEMELIHARAAN (PLT MANAGER PEMELIHARAAN PROTEKSI DAN METER)', NULL, '2019-09-02', NULL, NULL, NULL, 0),
(61, 'AN ANG OP', 'ANALYST ANGGARAN OPERASI', NULL, '2019-09-02', NULL, NULL, NULL, 0),
(62, 'AMN ASES GI DAN GIS', 'ASSISTANT MANAGER ASESMEN GI DAN GIS', NULL, '2019-09-02', NULL, NULL, NULL, 0),
(63, 'MSB ENJ', 'MANAGER ENJINIRING', NULL, '2019-09-02', NULL, NULL, NULL, 0),
(64, 'PLT PJ OPLK', 'ASSISTANT ENGINEER LINGKUNGAN (PLT PEJABAT OPERASIONAL LINGKUNGAN)', NULL, '2019-09-02', NULL, NULL, NULL, 0),
(65, 'AMN BANG MANJ ASET', 'ASSISTANT MANAGER PENGEMBANGAN MANAJEMEN ASET', NULL, '2019-09-02', NULL, NULL, NULL, 0),
(66, 'AMN AKT AT DAN PDP', 'ASSISTANT MANAGER AKUNTANSI AT DAN PDP', NULL, '2019-09-02', NULL, NULL, NULL, 0),
(67, 'PLT AMN DAL KONS ALAT GI', 'ASSISTANT ENGINEER PENGENDALIAN KONSTRUKSI GARDU INDUK (PLT ASSISTANT MANAGER KONSTRUKSI PERALATAN DAN GARDU INDUK)', NULL, '2019-09-02', NULL, NULL, NULL, 0),
(68, 'AMN LOLA KEU', 'ASSISTANT MANAGER PENGELOLAAN KEUANGAN', NULL, '2019-09-02', NULL, NULL, NULL, 0),
(69, 'AMN PDKB, ALAT BERAT, DAN MOB SUBS', 'ASSISTANT MANAGER PDKB, ALAT BERAT, DAN MOBILE SUBSTATION', NULL, '2019-09-02', NULL, NULL, NULL, 0),
(70, 'AS ADM KON', 'ASSISTANT ANALYST ADMINISTRASI KONTRAK', NULL, '2019-09-02', NULL, NULL, NULL, 0),
(71, 'AMN ADM KON', 'ASSISTANT MANAGER ADMINISTRASI KONTRAK', NULL, '2019-09-02', NULL, NULL, NULL, 0),
(72, 'PLT AMN MRO DAN KEPATUHAN', 'ASSISTANT ANALYST MANAJEMEN RISIKO DAN KEPATUHAN (PLT ASSISTANT MANAGER MANAJEMEN RISIKO DAN KEPATUHAN)', NULL, '2019-09-02', NULL, NULL, NULL, 0),
(73, 'AS EVAL KIN ORG', 'ASSISTANT ANALYST EVALUASI KINERJA ORGANISASI', NULL, '2019-09-02', NULL, NULL, NULL, 0),
(74, 'AMN ENJ MEKANIKAL ELKTRIK', 'ASSISTANT MANAGER ENJINIRING MEKANIKAL ELEKTRIK', NULL, '2019-09-02', NULL, NULL, NULL, 0),
(75, 'AMN AKT MUM', 'ASSISTANT MANAGER AKUNTANSI UMUM', NULL, '2019-09-02', NULL, NULL, NULL, 0),
(76, 'AE ENJ SIPIL', 'ASSISTANT ENGINEER ENJINIRING SIPIL', NULL, '2019-09-02', NULL, NULL, NULL, 0),
(77, 'AMN REN PENGUSHN', 'ASSISTANT MANAGER PERENCANAAN PENGUSAHAAN', NULL, '2019-09-02', NULL, NULL, NULL, 0),
(78, 'AS MRO DAN KEPATUHAN', 'ASSISTANT ANALYST MANAJEMEN RISIKO DAN KEPATUHAN', NULL, '2019-09-02', NULL, NULL, NULL, 0),
(79, 'AS EVAL KIN SDM', 'ASSISTANT ANALYST EVALUASI KINERJA SDM', NULL, '2019-09-02', NULL, NULL, NULL, 0),
(80, 'AE MANJ ASET', 'ASSISTANT ENGINEER MANAJEMEN ASET', NULL, '2019-09-02', NULL, NULL, NULL, 0),
(81, 'AE DAL KONS GI', 'ASSISTANT ENGINEER PENGENDALIAN KONSTRUKSI GARDU INDUK', NULL, '2019-09-02', NULL, NULL, NULL, 0),
(82, 'AS PERENCANA PENGADAAN', 'ASSISTANT ANALYST PERENCANA PENGADAAN', NULL, '2019-09-02', NULL, NULL, NULL, 0),
(83, 'AS SIS MANJ DAN PROBIS', 'ASSISTANT ANALYST SISTEM MANAJEMEN DAN PROSES BISNIS', NULL, '2019-09-02', NULL, NULL, NULL, 0),
(84, 'PLT AMN LOG', 'ASSISTANT ANALYST LOGISTIK (PLT ASSISTANT MANAGER LOGISTIK)', NULL, '2019-09-02', NULL, NULL, NULL, 0),
(85, 'AMN KIN ORG', 'ASSISTANT MANAGER KINERJA ORGANISASI', NULL, '2019-09-02', NULL, NULL, NULL, 0),
(86, 'PLT AMN ENJ SIPIL', 'ASSISTANT ENGINEER ENJINIRING SIPIL (PLT ASSISTANT MANAGER ENJINIRING SIPIL)', NULL, '2019-09-02', NULL, NULL, NULL, 0),
(87, 'AE LAB', 'ASSISTANT ENGINEER LABORATORIUM', NULL, '2019-09-02', NULL, NULL, NULL, 0),
(88, 'AMN BANG SDM', 'ASSISTANT MANAGER PENGEMBANGAN SDM', NULL, '2019-09-02', NULL, NULL, NULL, 0),
(89, 'AMN EVAL KIN DAN REN SDM', 'ASSISTANT MANAGER EVALUASI KINERJA DAN PERENCANAAN SDM', NULL, '2019-09-02', NULL, NULL, NULL, 0),
(90, 'JE ALAT BERAT DAN MOB SUBS', 'JUNIOR ENGINEER ALAT BERAT DAN MOBILE SUBSTATION', NULL, '2019-09-02', NULL, NULL, NULL, 0),
(91, 'AMN MONEV MANJ ASET', 'ASSISTANT MANAGER MONITORING DAN EVALUASI MANAJEMEN ASET', NULL, '2019-09-02', NULL, NULL, NULL, 0),
(92, 'AF ADM SDM', 'ASSISTANT OFFICER ADMINISTRASI SDM', NULL, '2019-09-02', NULL, NULL, NULL, 0),
(93, 'AS ANG INV', 'ASSISTANT ANALYST ANGGARAN INVESTASI', NULL, '2019-09-02', NULL, NULL, NULL, 0),
(94, 'AS REN TK', 'ASSISTANT ANALYST PERENCANAAN TENAGA KERJA', NULL, '2019-09-02', NULL, NULL, NULL, 0),
(95, 'AE ENJ GI', 'ASSISTANT ENGINEER ENJINIRING GARDU INDUK', NULL, '2019-09-02', NULL, NULL, NULL, 0),
(96, 'AMN DAL HAR GI DAN GIS', 'ASSISTANT MANAGER PENGENDALIAN PEMELIHARAAN GI DAN GIS', NULL, '2019-09-02', NULL, NULL, NULL, 0),
(97, 'AE DAL KONS ALAT MTR, PROTEK KONTROL', 'ASSISTANT ENGINEER PENGENDALIAN KONSTRUKSI PERALATAN METER, PROTEKSI DAN KONTROL', NULL, '2019-09-02', NULL, NULL, NULL, 0),
(98, 'AE HAR GI DAN GIS', 'ASSISTANT ENGINEER PEMELIHARAAN GI DAN GIS', NULL, '2019-09-02', NULL, NULL, NULL, 0),
(99, 'AS BANG SDM', 'ASSISTANT ANALYST PENGEMBANGAN SDM', NULL, '2019-09-02', NULL, NULL, NULL, 0),
(100, 'AE HAR PROTEK DAN CATU DAYA', 'ASSISTANT ENGINEER PEMELIHARAAN PROTEKSI DAN CATU DAYA', NULL, '2019-09-02', NULL, NULL, NULL, 0),
(101, 'AS AKT', 'ASSISTANT ANALYST AKUNTANSI', NULL, '2019-09-02', NULL, NULL, NULL, 0),
(102, 'AS REN PENGUSHN', 'ASSISTANT ANALYST PERENCANAAN PENGUSAHAAN', NULL, '2019-09-02', NULL, NULL, NULL, 0),
(103, 'JE ENJ PROTEK DAN MTR', 'JUNIOR ENGINEER ENJINIRING PROTEKSI DAN METER', NULL, '2019-09-02', NULL, NULL, NULL, 0),
(104, 'JE K3', 'JUNIOR ENGINEER KESELAMATAN DAN KESEHATAN KERJA', NULL, '2019-09-02', NULL, NULL, NULL, 0),
(105, 'JE ASES PROTEK DAN CATU DAYA', 'JUNIOR ENGINEER ASESMEN PROTEKSI DAN CATU DAYA', NULL, '2019-09-02', NULL, NULL, NULL, 0),
(106, 'JE DAL KONS RING', 'JUNIOR ENGINEER PENGENDALIAN KONSTRUKSI JARINGAN', NULL, '2019-09-02', NULL, NULL, NULL, 0),
(107, 'AE MONEV MANJ ASET', 'ASSISTANT ENGINEER MONITORING DAN EVALUASI MANAJEMEN ASET', NULL, '2019-09-02', NULL, NULL, NULL, 0),
(108, 'JA SIS MANJ DAN PROBIS', 'JUNIOR ANALYST SISTEM MANAJEMEN DAN PROSES BISNIS', NULL, '2019-09-02', NULL, NULL, NULL, 0),
(109, 'JE ENJ OTM GI', 'JUNIOR ENGINEER ENJINIRING OTOMASI GI', NULL, '2019-09-02', NULL, NULL, NULL, 0),
(110, 'JA LOLA DATA', 'JUNIOR ANALYST PENGELOLAAN DATA', NULL, '2019-09-02', NULL, NULL, NULL, 0),
(111, 'AE HAR RING DAN KABEL', 'ASSISTANT ENGINEER PEMELIHARAAN JARINGAN DAN KABEL', NULL, '2019-09-02', NULL, NULL, NULL, 0),
(112, 'AE ASES GI DAN GIS', 'ASSISTANT ENGINEER ASESMEN GI DAN GIS', NULL, '2019-09-02', NULL, NULL, NULL, 0),
(113, 'AE K3', 'ASSISTANT ENGINEER KESELAMATAN DAN KESEHATAN KERJA', NULL, '2019-09-02', NULL, NULL, NULL, 0),
(114, 'AE ASES RING DAN KABEL', 'ASSISTANT ENGINEER ASESMEN JARINGAN DAN KABEL', NULL, '2019-09-02', NULL, NULL, NULL, 0),
(115, 'JF ADM PENGADAAN', 'JUNIOR OFFICER ADMINISTRASI PENGADAAN', NULL, '2019-09-02', NULL, NULL, NULL, 0),
(116, 'JE ENJI OTM GI', 'JUNIOR ENGINEER ENJINIRING OTOMASI GI', NULL, '2019-09-02', NULL, NULL, NULL, 0),
(117, 'JA AKT', 'JUNIOR ANALYST AKUNTANSI', NULL, '2019-09-02', NULL, NULL, NULL, 0),
(118, 'JA ADM KEU', 'JUNIOR ANALYST ADMINISTRASI KEUANGAN', NULL, '2019-09-02', NULL, NULL, NULL, 0),
(119, 'AE LING', 'ASSISTANT ENGINEER LINGKUNGAN', NULL, '2019-09-02', NULL, NULL, NULL, 0),
(120, 'JE ASES RING DAN KABEL', 'JUNIOR ENGINEER ASESMEN JARINGAN DAN KABEL', NULL, '2019-09-02', NULL, NULL, NULL, 0),
(121, 'JF VERIFIKASI', 'JUNIOR OFFICER VERIFIKASI', NULL, '2019-09-02', NULL, NULL, NULL, 0),
(122, 'JF LOLA GEDUNG DAN HALAMAN', 'JUNIOR OFFICER PENGELOLAAN GEDUNG DAN HALAMAN', NULL, '2019-09-02', NULL, NULL, NULL, 0),
(123, 'JE LING', 'JUNIOR ENGINEER LINGKUNGAN', NULL, '2019-09-02', NULL, NULL, NULL, 0),
(124, 'JF MUM', 'JUNIOR OFFICER UMUM', NULL, '2019-09-02', NULL, NULL, NULL, 0),
(125, 'JE MANJ ASET', 'JUNIOR ENGINEER MANAJEMEN ASET', NULL, '2019-09-02', NULL, NULL, NULL, 0),
(126, 'JE LAB', 'JUNIOR ENGINEER LABORATORIUM', NULL, '2019-09-02', NULL, NULL, NULL, 0),
(127, 'JA ADM KON', 'JUNIOR ANALYST ADMINISTRASI KONTRAK', NULL, '2019-09-02', NULL, NULL, NULL, 0),
(128, 'AS ADM KEU', 'ASSISTANT ANALYST ADMINISTRASI KEUANGAN', NULL, '2019-09-02', NULL, NULL, NULL, 0),
(129, 'JF ADM SDM', 'JUNIOR OFFICER ADMINISTRASI SDM', NULL, '2019-09-02', NULL, NULL, NULL, 0),
(130, 'JA PJK DAN ASR', 'JUNIOR ANALYST PAJAK DAN ASURANSI', NULL, '2019-09-02', NULL, NULL, NULL, 0),
(131, 'JE DAL PDKB', 'JUNIOR ENGINEER PENGENDALIAN PDKB', NULL, '2019-09-02', NULL, NULL, NULL, 0),
(132, 'JA BANG SDM', 'JUNIOR ANALYST PENGEMBANGAN SDM', NULL, '2019-09-02', NULL, NULL, NULL, 0),
(133, 'JF SEKRE', 'JUNIOR OFFICER SEKRETARIAT', NULL, '2019-09-02', NULL, NULL, NULL, 0),
(134, 'JT KESELAMATAN DAN KESEHATAN KERJA', 'JUNIOR TECHNICIAN KESELAMATAN DAN KESEHATAN KERJA (K3)', NULL, '2019-09-02', NULL, NULL, NULL, 0),
(135, 'AE HAR RING', 'ASSISTANT ENGINEER PEMELIHARAAN JARINGAN', NULL, '2019-09-02', NULL, NULL, NULL, 0),
(136, 'AE HAR GI', 'ASSISTANT ENGINEER PEMELIHARAAN GARDU INDUK', NULL, '2019-09-02', NULL, NULL, NULL, 0),
(137, 'SPV II JARGI SANUR', 'SUPERVISOR JARINGAN DAN GARDU INDUK SANUR', NULL, '2019-09-02', NULL, NULL, NULL, 0),
(138, 'MUL ULTG BALI SELATAN', 'MANAGER UNIT LAYANAN TRANSMISI DAN GARDU INDUK BALI SELATAN', NULL, '2019-09-02', NULL, NULL, NULL, 0),
(139, 'AE JARGI PESANGGARAN', 'ASSISTANT ENGINEER JARINGAN DAN GARDU INDUK PESANGGARAN', NULL, '2019-09-02', NULL, NULL, NULL, 0),
(140, 'SPV II JARGI BANDARA NGURAH RAI', 'SUPERVISOR JARINGAN DAN GARDU INDUK BANDARA NGURAH RAI', NULL, '2019-09-02', NULL, NULL, NULL, 0),
(141, 'AE JARGI AMLAPURA', 'ASSISTANT ENGINEER JARINGAN DAN GARDU INDUK AMLAPURA', NULL, '2019-09-02', NULL, NULL, NULL, 0),
(142, 'PJ LAKSK3L', 'PEJABAT PELAKSANA KESELAMATAN, KESEHATAN KERJA, KEAMANAN, DAN LINGKUNGAN(K3L)', NULL, '2019-09-02', NULL, NULL, NULL, 0),
(143, 'AE JARGI SANUR', 'ASSISTANT ENGINEER JARINGAN DAN GARDU INDUK SANUR', NULL, '2019-09-02', NULL, NULL, NULL, 0),
(144, 'AE JARGI PADANG SAMBIAN', 'ASSISTANT ENGINEER JARINGAN DAN GARDU INDUK PADANG SAMBIAN', NULL, '2019-09-02', NULL, NULL, NULL, 0),
(145, 'SPV II JARGI PESANGGARAN', 'SUPERVISOR JARINGAN DAN GARDU INDUK PESANGGARAN', NULL, '2019-09-02', NULL, NULL, NULL, 0),
(146, 'SPV II JARGI GIANYAR', 'SUPERVISOR JARINGAN DAN GARDU INDUK GIANYAR', NULL, '2019-09-02', NULL, NULL, NULL, 0),
(147, 'JE RING DAN GI (PEMECUTAN KELOD)', 'JUNIOR ENGINEER JARINGAN DAN GARDU INDUK PEMECUTAN KELOD', NULL, '2019-09-02', NULL, NULL, NULL, 0),
(148, 'JE JARGI PESANGGARAN', 'JUNIOR ENGINEER JARINGAN DAN GARDU INDUK PESANGGARAN', NULL, '2019-09-02', NULL, NULL, NULL, 0),
(149, 'SPV II HAR RING', 'SUPERVISOR PEMELIHARAAN JARINGAN', NULL, '2019-09-02', NULL, NULL, NULL, 0),
(150, 'SPV II HAR GI', 'SUPERVISOR PEMELIHARAAN GARDU INDUK', NULL, '2019-09-02', NULL, NULL, NULL, 0),
(151, 'JE JARGIS BANDARA NGURAH RAI', 'JUNIOR ENGINEER JARINGAN DAN GIS BANDARA NGURAH RAI', NULL, '2019-09-02', NULL, NULL, NULL, 0),
(152, 'SPV II HAR PROTEK, MTR DAN OTM', 'SUPERVISOR PEMELIHARAAN PROTEKSI, METER DAN OTOMASI', NULL, '2019-09-02', NULL, NULL, NULL, 0),
(153, 'SPV II JARGI PEMECUTAN KELOD', 'SUPERVISOR JARINGAN DAN GARDU INDUK PEMECUTAN KELOD', NULL, '2019-09-02', NULL, NULL, NULL, 0),
(154, 'SPV II JARGI PADANG SAMBIAN', 'SUPERVISOR JARINGAN DAN GARDU INDUK PADANG SAMBIAN', NULL, '2019-09-02', NULL, NULL, NULL, 0),
(155, 'SPV II JARGI NUSA DUA', 'SUPERVISOR JARINGAN DAN GARDU INDUK NUSA DUA', NULL, '2019-09-02', NULL, NULL, NULL, 0),
(156, 'JE HAR GI', 'JUNIOR ENGINEER PEMELIHARAAN GARDU INDUK', NULL, '2019-09-02', NULL, NULL, NULL, 0),
(157, 'JE HAR PROTEK, MTR DAN OTM', 'JUNIOR ENGINEER PEMELIHARAAN PROTEKSI, METER DAN OTOMASI', NULL, '2019-09-02', NULL, NULL, NULL, 0),
(158, 'JE HAR PROTEK, MTR, DAN OTOMASI', 'JUNIOR ENGINEER PEMELIHARAAN PROTEKSI, METER DAN OTOMASI', NULL, '2019-09-02', NULL, NULL, NULL, 0),
(159, 'JE HAR RING', 'JUNIOR ENGINEER PEMELIHARAAN JARINGAN', NULL, '2019-09-02', NULL, NULL, NULL, 0),
(160, 'JT JARGI SANUR', 'JUNIOR TECHNICIAN JARINGAN DAN GARDU INDUK SANUR', NULL, '2019-09-02', NULL, NULL, NULL, 0),
(161, 'JT JARGI PESANGGARAN', 'JUNIOR TECHNICIAN JARINGAN DAN GARDU INDUK PESANGGARAN', NULL, '2019-09-02', NULL, NULL, NULL, 0),
(162, 'JT JARGI NUSA DUA', 'JUNIOR TECHNICIAN JARINGAN DAN GARDU INDUK NUSA DUA', NULL, '2019-09-02', NULL, NULL, NULL, 0),
(163, 'JE HAR ALAT GI', 'JUNIOR ENGINEER PEMELIHARAAN PERALATAN JARINGAN', NULL, '2019-09-02', NULL, NULL, NULL, 0),
(164, 'JE HAR ALAT GI', 'JUNIOR ENGINEER PEMELIHARAAN PERALATAN GARDU INDUK', NULL, '2019-09-02', NULL, NULL, NULL, 0),
(165, 'JT JARGI AMLAPURA', 'JUNIOR TECHNICIAN JARINGAN DAN GARDU INDUK AMLAPURA', NULL, '2019-09-02', NULL, NULL, NULL, 0),
(166, 'JT JARGI GIANYAR', 'JUNIOR TECHNICIAN JARINGAN DAN GARDU INDUK GIANYAR', NULL, '2019-09-02', NULL, NULL, NULL, 0),
(167, 'JT JARGI PEMECUTAN KELOD', 'JUNIOR TECHNICIAN JARINGAN DAN GARDU INDUK PEMECUTAN KELOD', NULL, '2019-09-02', NULL, NULL, NULL, 0),
(168, 'JT JARGI (GIS BANDARA NGURAH RAI)', 'JUNIOR TECHNICIAN JARINGAN DAN GARDU INDUK (GIS BANDARA NGURAH RAI)', NULL, '2019-09-02', NULL, NULL, NULL, 0),
(169, 'JT JARGI PADANG SAMBIAN', 'JUNIOR TECHNICIAN JARINGAN DAN GARDU INDUK PADANG SAMBIAN', NULL, '2019-09-02', NULL, NULL, NULL, 0),
(170, 'AE JARGI GILIMANUK', 'ASSISTANT ENGINEER JARINGAN DAN GARDU INDUK GILIMANUK', NULL, '2019-09-02', NULL, NULL, NULL, 0),
(171, 'AE JARGI KAPAL', 'ASSISTANT ENGINEER JARINGAN DAN GARDU INDUK KAPAL', NULL, '2019-09-02', NULL, NULL, NULL, 0),
(172, 'AE JARGI PAYANGAN', 'ASSISTANT ENGINEER JARINGAN DAN GARDU INDUK PAYANGAN', NULL, '2019-09-02', NULL, NULL, NULL, 0),
(173, 'SPV II JARGI GILIMANUK', 'SUPERVISOR JARINGAN DAN GARDU INDUK GILIMANUK', NULL, '2019-09-02', NULL, NULL, NULL, 0),
(174, 'AE JARGI ANTOSARI', 'ASSISTANT ENGINEER JARINGAN DAN GARDU INDUK ANTOSARI', NULL, '2019-09-02', NULL, NULL, NULL, 0),
(175, 'SPV II JARGI PEMARON', 'SUPERVISOR JARINGAN DAN GARDU INDUK PEMARON', NULL, '2019-09-02', NULL, NULL, NULL, 0),
(176, 'SPV II JARGI ANTOSARI', 'SUPERVISOR JARINGAN DAN GARDU INDUK ANTOSARI', NULL, '2019-09-02', NULL, NULL, NULL, 0),
(177, 'SPV II JARGI BATURITI', 'SUPERVISOR JARINGAN DAN GARDU INDUK BATURITI', NULL, '2019-09-02', NULL, NULL, NULL, 0),
(178, 'MUL ULTG BALI UTARA', 'MANAGER UNIT LAYANAN TRANSMISI DAN GARDU INDUK BALI UTARA', NULL, '2019-09-02', NULL, NULL, NULL, 0),
(179, 'SPV II JARGI KAPAL', 'SUPERVISOR JARINGAN DAN GARDU INDUK KAPAL', NULL, '2019-09-02', NULL, NULL, NULL, 0),
(180, 'SPV II JARGI PAYANGAN', 'SUPERVISOR JARINGAN DAN GARDU INDUK PAYANGAN', NULL, '2019-09-02', NULL, NULL, NULL, 0),
(181, 'SPV II JARGI NEGARA', 'SUPERVISOR JARINGAN DAN GARDU INDUK NEGARA', NULL, '2019-09-02', NULL, NULL, NULL, 0),
(182, 'JT JARGI PEMARON', 'JUNIOR TECHNICIAN JARINGAN DAN GARDU INDUK PEMARON', NULL, '2019-09-02', NULL, NULL, NULL, 0),
(183, 'JT JARGI KAPAL', 'JUNIOR TECHNICIAN JARINGAN DAN GARDU INDUK KAPAL', NULL, '2019-09-02', NULL, NULL, NULL, 0),
(184, 'AE HAR PROTEK, MTR, DAN OTM', 'ASSISTANT ENGINEER PEMELIHARAAN PROTEKSI, METER DAN OTOMASI', NULL, '2019-09-02', NULL, NULL, NULL, 0),
(185, 'JT JARGI GILIMANUK', 'JUNIOR TECHNICIAN JARINGAN DAN GARDU INDUK GILIMANUK', NULL, '2019-09-02', NULL, NULL, NULL, 0),
(186, 'JT JARGI PAYANGAN', 'JUNIOR TECHNICIAN JARINGAN DAN GARDU INDUK PAYANGAN', NULL, '2019-09-02', NULL, NULL, NULL, 0),
(187, 'JT JARGI NEGARA', 'JUNIOR TECHNICIAN JARINGAN DAN GARDU INDUK NEGARA', NULL, '2019-09-02', NULL, NULL, NULL, 0),
(188, 'JT HAR PROTEK, MTR DAN OTM', 'JUNIOR TECHNICIAN PEMELIHARAAN PROTEKSI, METER DAN OTOMASI', NULL, '2019-09-02', NULL, NULL, NULL, 0),
(189, 'JT HAR GI', 'JUNIOR TECHNICIAN PEMELIHARAAN GARDU INDUK', NULL, '2019-09-02', NULL, NULL, NULL, 0),
(190, 'JT JARGI ANTOSARI', 'JUNIOR TECHNICIAN JARINGAN DAN GARDU INDUK ANTOSARI', NULL, '2019-09-02', NULL, NULL, NULL, 0),
(191, 'JT JARGI BATURITI', 'JUNIOR TECHNICIAN JARINGAN DAN GARDU INDUK BATURITI', NULL, '2019-09-02', NULL, NULL, NULL, 0),
(192, 'JT JARGI KAPAL', 'JUNIOR TECHNICIAN JARINGAN DAN GADRU INDUK KAPAL', NULL, '2019-09-02', NULL, NULL, NULL, 0),
(193, 'AN PERENCANA PENGUSHN', 'ANALYST PERENCANA PENGUSAHAAN', NULL, '2019-09-02', NULL, NULL, NULL, 0),
(194, 'AN KIN', 'ANALYST KINERJA', NULL, '2019-09-02', NULL, NULL, NULL, 0),
(195, 'AS KEU DAN AKT', 'ASSISTANT ANALYST KEUANGAN DAN AKUNTANSI', NULL, '2019-09-02', NULL, NULL, NULL, 0),
(196, 'AE K3 DAN KAM', 'ASSISTANT ENGINEER K3 DAN KEAMANAN', NULL, '2019-09-02', NULL, NULL, NULL, 0),
(197, 'EG ENJ JARGI', 'ENGINEER ENJINIRING JARINGAN DAN GARDU INDUK', NULL, '2019-09-02', NULL, NULL, NULL, 0),
(198, 'SPV II DAL KONS DAN ADM KON', 'SUPERVISOR PENGENDALIAN KONSTRUKSI DAN ADMINISTRASI KONTRAK', NULL, '2019-09-02', NULL, NULL, NULL, 0),
(199, 'PLT MAN II KONS', 'ANALYST KINERJA (PLT MANAGER BAGIAN KONSTRUKSI)', NULL, '2019-09-02', NULL, NULL, NULL, 0),
(200, 'PJ LAKSK4', 'PEJABAT PELAKSANA KESELAMATAN, KESEHATAN KERJA, DAN KEAMANAN', NULL, '2019-09-02', NULL, NULL, NULL, 0),
(201, 'MUP II UPT BALI', 'MANAGER UNIT PELAKSANA TRANSMISI BALI', NULL, '2019-09-02', NULL, NULL, NULL, 0),
(202, 'PJ LAKSLK', 'PEJABAT PELAKSANA LINGKUNGAN', NULL, '2019-09-02', NULL, NULL, NULL, 0),
(203, 'SPV II ASES, DIAGNOSA DAN LOLA DATA', 'SUPERVISOR ASSESMEN, DIAGNOSA DAN PENGELOLAAN DATA', NULL, '2019-09-02', NULL, NULL, NULL, 0),
(204, 'PLT MAN II KEU DAN ADM', 'ANALYST KINERJA (PLT MANAGER BAGIAN KEUANGAN DAN ADMINISTRASI)', NULL, '2019-09-02', NULL, NULL, NULL, 0),
(205, 'SPV II KEU DAN AKT', 'SUPERVISOR KEUANGAN DAN AKUNTANSI', NULL, '2019-09-02', NULL, NULL, NULL, 0),
(206, 'AF ADM DAN', 'ASSISTANT OFFICER ADMINISTRASI PENGADAAN', NULL, '2019-09-02', NULL, NULL, NULL, 0),
(207, 'MAN II PDKB', 'MANAGER BAGIAN PEKERJAAN DALAM KEADAAN BERTEGANGAN (PDKB)', NULL, '2019-09-02', NULL, NULL, NULL, 0),
(208, 'JE ENJ JARGI', 'JUNIOR ENGINEER ENJINIRING JARINGAN DAN GARDU INDUK', NULL, '2019-09-02', NULL, NULL, NULL, 0),
(209, 'JE PDKB GI/GITET', 'JUNIOR ENGINEER PDKB GI / GITET', NULL, '2019-09-02', NULL, NULL, NULL, 0),
(210, 'SPV II PDKB GI', 'SUPERVISOR PDKB GARDU INDUK', NULL, '2019-09-02', NULL, NULL, NULL, 0),
(211, 'SPV II PDKB RING', 'SUPERVISOR PDKB JARINGAN', NULL, '2019-09-02', NULL, NULL, NULL, 0),
(212, 'JA LOG', 'JUNIOR ANALYST LOGISTIK', NULL, '2019-09-02', NULL, NULL, NULL, 0),
(213, 'PLT MAN II REN DAL DAN EVAL', 'ASSISTANT ANALYST PERENCANAAN PERUSAHAAN (PLT MANAGER BAGIAN PERENCANAAN DAN EVALUASI)', NULL, '2019-09-02', NULL, NULL, NULL, 0),
(214, 'SPV II ADM DAN MUM', 'SUPERVISOR ADMINISTRASI DAN UMUM', NULL, '2019-09-02', NULL, NULL, NULL, 0),
(215, 'PJ LAKSDA III', 'PEJABAT PELAKSANA PENGADAAN', NULL, '2019-09-02', NULL, NULL, NULL, 0),
(216, 'SPV II LOG', 'SUPERVISOR LOGISTIK', NULL, '2019-09-02', NULL, NULL, NULL, 0),
(217, 'SPV II REN PENGUSHN', 'SUPERVISOR PERENCANAAN PENGUSAHAAN', NULL, '2019-09-02', NULL, NULL, NULL, 0),
(218, 'PJ RENDAN III', 'PEJABAT PERENCANA PENGADAAN', NULL, '2019-09-02', NULL, NULL, NULL, 0),
(219, 'AE ASDIG', 'ASSISTANT ENGINEER ASSESMEN DAN DIAGNOSA', NULL, '2019-09-02', NULL, NULL, NULL, 0),
(220, 'JA KEU DAN AKT', 'JUNIOR ANALYST KEUANGAN DAN AKUNTANSI', NULL, '2019-09-02', NULL, NULL, NULL, 0),
(221, 'JT PDKB SUTT/SUTET', 'JUNIOR TECHNICIAN PDKB SUTT/SUTET', NULL, '2019-09-02', NULL, NULL, NULL, 0),
(222, 'JT PDKB GI/GITET', 'JUNIOR TECHNICIAN PDKB GI/GITET', NULL, '2019-09-02', NULL, NULL, NULL, 0),
(223, 'JE JARGI GIANYAR', 'JUNIOR ENGINEER JARINGAN DAN GARDU INDUK GIANYAR', NULL, '2019-09-02', NULL, NULL, NULL, 0),
(224, 'JE ENJ SIPIL', 'JUNIOR ENGINEER ENJINIRING SIPIL', NULL, '2019-09-02', NULL, NULL, NULL, 0),
(225, 'AF ADM TEKNIK', 'ASSISTANT OFFICER ADMINISTRASI TEKNIK', NULL, '2019-09-02', NULL, NULL, NULL, 0),
(226, 'AE JARGI TEGANGAN EKSTR TINGGI GRESIK', 'ASSISTANT ENGINEER JARINGAN DAN GARDU INDUK TEGANGAN EKSTRA TINGGI GRESIK', NULL, '2019-09-02', NULL, NULL, NULL, 0),
(227, 'AE JARGI PLTU GRESIK', 'ASSISTANT ENGINEER JARINGAN DAN GARDU INDUK PLTU GRESIK', NULL, '2019-09-02', NULL, NULL, NULL, 0),
(228, 'SPV II JARGI PLTU GRESIK', 'SUPERVISOR JARINGAN DAN GARDU INDUK PLTU GRESIK', NULL, '2019-09-02', NULL, NULL, NULL, 0),
(229, 'MUL ULTG GRESIK', 'MANAGER UNIT LAYANAN TRANSMISI DAN GARDU INDUK PENGELOLAAN DAN PEMELIHARAAN ASET BASECAMP GRESIK', NULL, '2019-09-02', NULL, NULL, NULL, 0),
(230, 'AE JARGI TANDES', 'ASSISTANT ENGINEER JARINGAN DAN GARDU INDUK TANDES', NULL, '2019-09-02', NULL, NULL, NULL, 0),
(231, 'AE JARGI MANYAR', 'ASSISTANT ENGINEER JARINGAN DAN GARDU INDUK MANYAR', NULL, '2019-09-02', NULL, NULL, NULL, 0),
(232, 'SPV II JARGI SAMBIKEREP', 'SUPERVISOR JARINGAN DAN GARDU INDUK SAMBIKEREP', NULL, '2019-09-02', NULL, NULL, NULL, 0),
(233, 'AE JARGI CERME', 'ASSISTANT ENGINEER JARINGAN DAN GARDU INDUK CERME', NULL, '2019-09-02', NULL, NULL, NULL, 0),
(234, 'SPV II JARGITET GRESIK', 'SUPERVISOR JARINGAN DAN GARDU INDUK TEGANGAN EKSTRA TINGGI GRESIK', NULL, '2019-09-02', NULL, NULL, NULL, 0),
(235, 'SPV II JARGI CERME,MANYAR DAN MASPION SB', 'SUPERVISOR JARINGAN DAN GARDU INDUK CERME, MANYAR DAN MASPION SBM', NULL, '2019-09-02', NULL, NULL, NULL, 0),
(236, 'SPV II JARGI TANDES', 'SUPERVISOR JARINGAN DAN GARDU INDUK TANDES', NULL, '2019-09-02', NULL, NULL, NULL, 0),
(237, 'JE JARGI SEGOROMADU', 'JUNIOR ENGINEER JARINGAN DAN GARDU INDUK SEGOROMADU', NULL, '2019-09-02', NULL, NULL, NULL, 0),
(238, 'SPV II JARGI PETROKIMIA', 'SUPERVISOR JARINGAN DAN GARDU INDUK PETROKIMIA', NULL, '2019-09-02', NULL, NULL, NULL, 0),
(239, 'SPV II JARGI SEGOROMADU', 'SUPERVISOR JARINGAN DAN GARDU INDUK SEGOROMADU', NULL, '2019-09-02', NULL, NULL, NULL, 0),
(240, 'JE JARGI PLTU GRESIK', 'JUNIOR ENGINEER JARINGAN DAN GARDU INDUK PLTU GRESIK', NULL, '2019-09-02', NULL, NULL, NULL, 0),
(241, 'JE JARGI CERME', 'JUNIOR ENGINEER JARINGAN DAN GARDU INDUK CERME', NULL, '2019-09-02', NULL, NULL, NULL, 0),
(242, 'SPV II JARGI ALTA PRIMA DAN BARATA', 'SUPERVISOR JARINGAN DAN GARDU INDUK ALTA PRIMA, BARATA DAN SEMENGRESIK, PETROKIMIA', NULL, '2019-09-02', NULL, NULL, NULL, 0),
(243, 'JE JARGI TEGANGAN EKSTR TINGGI GRESIK', 'JUNIOR ENGINEER JARINGAN DAN GARDU INDUK TEGANGAN EKSTRA TINGGI GRESIK', NULL, '2019-09-02', NULL, NULL, NULL, 0),
(244, 'AE JARGI', 'ASSISTANT ENGINEER JARINGAN DAN GARDU INDUK', NULL, '2019-09-02', NULL, NULL, NULL, 0),
(245, 'JT JARGI TEGANGAN EKSTR TINGGI GRESIK', 'JUNIOR TECHNICIAN JARINGAN DAN GARDU INDUK TEGANGAN EKSTRA TINGGI GRESIK', NULL, '2019-09-02', NULL, NULL, NULL, 0),
(246, 'JE JARGI TANDES', 'JUNIOR ENGINEER JARINGAN DAN GARDU INDUK TANDES', NULL, '2019-09-02', NULL, NULL, NULL, 0),
(247, 'JE JARGI ALTA PRIMA', 'JUNIOR ENGINEER JARINGAN DAN GARDU INDUK ALTA PRIMA', NULL, '2019-09-02', NULL, NULL, NULL, 0),
(248, 'JE JARGI SAMBIKEREP', 'JUNIOR ENGINEER JARINGAN DAN GARDU INDUK SAMBIKEREP', NULL, '2019-09-02', NULL, NULL, NULL, 0),
(249, 'JE JARGI', 'JUNIOR ENGINEER JARINGAN DAN GARDU INDUK', NULL, '2019-09-02', NULL, NULL, NULL, 0),
(250, 'JT JARGI PLTU GRESIK', 'JUNIOR TECHNICIAN JARINGAN DAN GARDU INDUK PLTU GRESIK', NULL, '2019-09-02', NULL, NULL, NULL, 0),
(251, 'JT JARGI PETROKIMIA', 'JUNIOR TECHNICIAN JARINGAN DAN GARDU INDUK PETROKIMIA', NULL, '2019-09-02', NULL, NULL, NULL, 0),
(252, 'AE JARGI SEGOROMADU', 'ASSISTANT ENGINEER JARINGAN DAN GARDU INDUK SEGOROMADU', NULL, '2019-09-02', NULL, NULL, NULL, 0),
(253, 'JT JARGI SAMBIKEREP', 'JUNIOR TECHNICIAN JARINGAN DAN GARDU INDUK SAMBIKEREP', NULL, '2019-09-02', NULL, NULL, NULL, 0),
(254, 'AE JARGI SUMENEP', 'ASSISTANT ENGINEER JARINGAN DAN GARDU INDUK SUMENEP', NULL, '2019-09-02', NULL, NULL, NULL, 0),
(255, 'AE JARGI SAMPANG', 'ASSISTANT ENGINEER JARINGAN DAN GARDU INDUK SAMPANG', NULL, '2019-09-02', NULL, NULL, NULL, 0),
(256, 'AE JARGI PAMEKASAN', 'ASSISTANT ENGINEER JARINGAN DAN GARDU INDUK PAMEKASAN', NULL, '2019-09-02', NULL, NULL, NULL, 0),
(257, 'SPV II JARGI GILITIMUR DAN BANGKALAN', 'SUPERVISOR JARINGAN DAN GARDU INDUK GILITIMUR DAN BANGKALAN', NULL, '2019-09-02', NULL, NULL, NULL, 0),
(258, 'SPV II JARGI SAMPANG DAN PAMEKASAN', 'SUPERVISOR JARINGAN DAN GARDU INDUK SAMPANG DAN PAMEKASAN', NULL, '2019-09-02', NULL, NULL, NULL, 0),
(259, 'JE JARGI SUMENEP', 'JUNIOR ENGINEER JARINGAN DAN GARDU INDUK SUMENEP', NULL, '2019-09-02', NULL, NULL, NULL, 0),
(260, 'MUL ULTG SAMPANG', 'MANAGER UNIT LAYANAN TRANSMISI DAN GARDU INDUK SAMPANG', NULL, '2019-09-02', NULL, NULL, NULL, 0),
(261, 'JE JARGI GILI TIMUR', 'JUNIOR ENGINEER JARINGAN DAN GARDU INDUK GILI TIMUR', NULL, '2019-09-02', NULL, NULL, NULL, 0),
(262, 'JE JARGI BANGKALAN', 'JUNIOR ENGINEER JARINGAN DAN GARDU INDUK BANGKALAN', NULL, '2019-09-02', NULL, NULL, NULL, 0),
(263, 'SPV II JARGI SUMENEP', 'SUPERVISOR JARINGAN DAN GARDU INDUK SUMENEP', NULL, '2019-09-02', NULL, NULL, NULL, 0),
(264, 'JT HAR RING', 'JUNIOR TECHNICIAN PEMELIHARAAN JARINGAN', NULL, '2019-09-02', NULL, NULL, NULL, 0),
(265, 'JE HAR ALAT PROTEK DAN MTR', 'JUNIOR ENGINEER PEMELIHARAAN PERALATAN PROTEKSI DAN METER', NULL, '2019-09-02', NULL, NULL, NULL, 0),
(266, 'JT JARGI SAMPANG', 'JUNIOR TECHNICIAN JARINGAN DAN GARDU INDUK SAMPANG', NULL, '2019-09-02', NULL, NULL, NULL, 0),
(267, 'EG ENJ RING DAN GI', 'ENGINEER ENJINIRING JARINGAN DAN GARDU INDUK', NULL, '2019-09-02', NULL, NULL, NULL, 0),
(268, 'MUP II UPT GRESIK', 'MANAGER UNIT PELAKSANA TRANSMISI', NULL, '2019-09-02', NULL, NULL, NULL, 0),
(269, 'PLT MAN II KONS', 'ASSISTANT ENGINEER PENGENDALIAN KONSTRUKSI (PLT MANAGER BAGIAN KONSTRUKSI)', NULL, '2019-09-02', NULL, NULL, NULL, 0),
(270, 'PLT MAN II KEU DAN ADM', 'ASSISTANT OFFICER ADMINISTRASI (PLT MANAGER BAGIAN KEUANGAN DANADMINISTRASI)', NULL, '2019-09-02', NULL, NULL, NULL, 0),
(271, 'MAN II REN DAN EVAL', 'MANAGER BAGIAN PERENCANAAN DAN EVALUASI', NULL, '2019-09-02', NULL, NULL, NULL, 0),
(272, 'SPV II ENJ', 'SUPERVISOR ENJINIRING', NULL, '2019-09-02', NULL, NULL, NULL, 0),
(273, 'AF MUM', 'ASSISTANT OFFICER UMUM', NULL, '2019-09-02', NULL, NULL, NULL, 0),
(274, 'AE ENJ PROTEK, MTR DAN OTOMASI', 'ASSISTANT ENGINEER ENJINIRING PROTEKSI, METER DAN OTOMASI', NULL, '2019-09-02', NULL, NULL, NULL, 0),
(275, 'AE ASSES DAN DIAGNOSA', 'ASSISTANT ENGINEER ASSESMEN DAN DIAGNOSA', NULL, '2019-09-02', NULL, NULL, NULL, 0),
(276, 'JA LAKSDA', 'JUNIOR ANALYST PELAKSANA PENGADAAN', NULL, '2019-09-02', NULL, NULL, NULL, 0),
(277, 'SPV II REN PENGUSHN', 'SUPERVISOR PERENCANA PENGUSAHAAN', NULL, '2019-09-02', NULL, NULL, NULL, 0),
(278, 'SPV II ASES, DIAGNOSA DAN LOLA DATA', 'SUPERVISOR ASES, DIAGNOSA DAN PENGELOLA DATA', NULL, '2019-09-02', NULL, NULL, NULL, 0),
(279, 'JA DAL ADM KON', 'JUNIOR ANALYST PENGENDALIAN ADMINISTRASI KONTRAK', NULL, '2019-09-02', NULL, NULL, NULL, 0),
(280, 'JE K3 DAN KAM', 'JUNIOR ENGINEER K3 DAN KEAMANAN', NULL, '2019-09-02', NULL, NULL, NULL, 0),
(281, 'JE JARGI BABAT', 'JUNIOR ENGINEER JARINGAN DAN GARDU INDUK BABAT', NULL, '2019-09-02', NULL, NULL, NULL, 0),
(282, 'AE JARGI BOJONEGORO', 'ASSISTANT ENGINEER JARINGAN DAN GARDU INDUK BOJONEGORO', NULL, '2019-09-02', NULL, NULL, NULL, 0),
(283, 'JE JARGI BOJONEGORO', 'JUNIOR ENGINEER JARINGAN DAN GARDU INDUK BOJONEGORO', NULL, '2019-09-02', NULL, NULL, NULL, 0),
(284, 'AE JARGI TUBAN', 'ASSISTANT ENGINEER JARINGAN DAN GARDU INDUK TUBAN', NULL, '2019-09-02', NULL, NULL, NULL, 0),
(285, 'JE JARGI LAMONGAN', 'JUNIOR ENGINEER JARINGAN DAN GARDU INDUK LAMONGAN', NULL, '2019-09-02', NULL, NULL, NULL, 0),
(286, 'MAN II ULTG BABAT', 'MANAGER BAGIAN UNIT LAYANAN TRANSMISI DAN GARDU INDUK BABAT', NULL, '2019-09-02', NULL, NULL, NULL, 0),
(287, 'SPV II JARGI MLIWANG', 'SUPERVISOR JARINGAN DAN GARDU INDUK MLIWANG', NULL, '2019-09-02', NULL, NULL, NULL, 0),
(288, 'SPV II JARGI BABAT', 'SUPERVISOR JARINGAN DAN GARDU INDUK BABAT', NULL, '2019-09-02', NULL, NULL, NULL, 0),
(289, 'JE JARGI MLIWANG', 'JUNIOR ENGINEER JARINGAN DAN GARDU INDUK MLIWANG', NULL, '2019-09-02', NULL, NULL, NULL, 0),
(290, 'SPV II JARGI LAMONGAN', 'SUPERVISOR JARINGAN DAN GARDU INDUK LAMONGAN', NULL, '2019-09-02', NULL, NULL, NULL, 0),
(291, 'SPV II JARGI BOJONEGORO', 'SUPERVISOR JARINGAN DAN GARDU INDUK BOJONEGORO', NULL, '2019-09-02', NULL, NULL, NULL, 0),
(292, 'SPV II JARGI PLTU TANJUNG AWAR-AWAR', 'SUPERVISOR JARINGAN DAN GARDU INDUK PLTU TANJUNG AWAR-AWAR', NULL, '2019-09-02', NULL, NULL, NULL, 0),
(293, 'SPV II JARGI JATIGEDONG', 'SUPERVISOR JARINGAN DAN GARDU INDUK JATIGEDONG', NULL, '2019-09-02', NULL, NULL, NULL, 0),
(294, 'SPV II JARGI TUBAN, KEREK DAN SEMEN TUBA', 'SUPERVISOR JARINGAN DAN GARDU INDUK TUBAN, KEREK DAN SEMEN TUBAN 3', NULL, '2019-09-02', NULL, NULL, NULL, 0),
(295, 'SPV II JARGI PACIRAN', 'SUPERVISOR JARINGAN DAN GARDU INDUK PACIRAN', NULL, '2019-09-02', NULL, NULL, NULL, 0),
(296, 'JT JARGI PLTU TANJUNG AWAR-AWAR', 'JUNIOR TECHNICIAN JARINGAN DAN GARDU INDUK PLTU TANJUNG AWAR-AWAR', NULL, '2019-09-02', NULL, NULL, NULL, 0),
(297, 'JT JARGI LAMONGAN', 'JUNIOR TECHNICIAN JARINGAN DAN GARDU INDUK LAMONGAN', NULL, '2019-09-02', NULL, NULL, NULL, 0),
(298, 'JT JARGI JATIGEDONG', 'JUNIOR TECHNICIAN JARINGAN DAN GARDU INDUK JATIGEDONG', NULL, '2019-09-02', NULL, NULL, NULL, 0),
(299, 'JT JARGI KEREK', 'JUNIOR TECHNICIAN JARINGAN DAN GARDU INDUK KEREK', NULL, '2019-09-02', NULL, NULL, NULL, 0),
(300, 'JT JARGI BOJONEGORO', 'JUNIOR TECHNICIAN JARINGAN DAN GARDU INDUK BOJONEGORO', NULL, '2019-09-02', NULL, NULL, NULL, 0),
(301, 'JT JARGI PACIRAN', 'JUNIOR TECHNICIAN JARINGAN DAN GARDU INDUK PACIRAN', NULL, '2019-09-02', NULL, NULL, NULL, 0),
(302, 'JT JARGI BABAT', 'JUNIOR TECHNICIAN JARINGAN DAN GARDU INDUK BABAT', NULL, '2019-09-02', NULL, NULL, NULL, 0),
(303, 'JT JARGI MLIWANG', 'JUNIOR TECHNICIAN JARINGAN DAN GARDU INDUK MLIWANG', NULL, '2019-09-02', NULL, NULL, NULL, 0),
(304, 'AE JARGI TULUNGAGUNG', 'ASSISTANT ENGINEER JARINGAN DAN GARDU INDUK TULUNGAGUNG', NULL, '2019-09-02', NULL, NULL, NULL, 0),
(305, 'AE JARGI TEGANGAN EKSTR TINGGI KEDIRI', 'ASSISTANT ENGINEER JARINGAN DAN GARDU INDUK TEGANGAN EKSTRA TINGGI KEDIRI', NULL, '2019-09-02', NULL, NULL, NULL, 0),
(306, 'SPV II JARGITET KEDIRI', 'SUPERVISOR JARINGAN DAN GARDU INDUK TEGANGAN EKSTRA TINGGI KEDIRI', NULL, '2019-09-02', NULL, NULL, NULL, 0),
(307, 'AE JARGITET KEDIRI', 'ASSISTANT ENGINEER JARINGAN DAN GARDU INDUK SUTET', NULL, '2019-09-02', NULL, NULL, NULL, 0),
(308, 'MUL ULTG KEDIRI', 'MANAGER UNIT LAYANAN TRANSMISI DAN GARDU INDUK KEDIRI', NULL, '2019-09-02', NULL, NULL, NULL, 0),
(309, 'SPV II JARGI BLITAR BARU', 'SUPERVISOR JARINGAN DAN GARDU INDUK BLITAR BARU', NULL, '2019-09-02', NULL, NULL, NULL, 0),
(310, 'SPV II JARGI JOMBANG BARU', 'SUPERVISOR JARINGAN DAN GARDU INDUK JOMBANG BARU', NULL, '2019-09-02', NULL, NULL, NULL, 0),
(311, 'SPV II JARGI TULUNGAGUNG DAN PLTA TLAGU', 'SUPERVISOR JARINGAN DAN GARDU INDUK WLINGI, KARANGKATES DAN SUTAMI', NULL, '2019-09-02', NULL, NULL, NULL, 0),
(312, 'SPV II JARGI BANARAN, PARE DAN GD GARAM', 'SUPERVISOR JARINGAN DAN GARDU INDUK BANARAN, PARE DAN GUDANG GARAM', NULL, '2019-09-02', NULL, NULL, NULL, 0),
(313, 'SPV II JARGI TRENGGALEK', 'SUPERVISOR JARINGAN DAN GARDU INDUK TRENGGALEK', NULL, '2019-09-02', NULL, NULL, NULL, 0),
(314, 'JE JARGI BANARAN', 'JUNIOR ENGINEER JARINGAN DAN GARDU INDUK BANARAN', NULL, '2019-09-02', NULL, NULL, NULL, 0),
(315, 'JT JARGI TRENGGALEK', 'JUNIOR TECHNICIAN JARINGAN DAN GARDU INDUK TRENGGALEK', NULL, '2019-09-02', NULL, NULL, NULL, 0),
(316, 'JT JARGI TEGANGAN EKSTR TINGGI KEDIRI', 'JUNIOR TECHNICIAN JARINGAN DAN GARDU INDUK TEGANGAN EKSTRA TINGGI KEDIRI', NULL, '2019-09-02', NULL, NULL, NULL, 0),
(317, 'JT HAR PROTEK, MTR DAN OTM', 'JUNIOR TECHNICIAN  PEMELIHARAAN PROTEKSI, METER DAN OTOMASI', NULL, '2019-09-02', NULL, NULL, NULL, 0),
(318, 'JT JARGI TULUNGAGUNG', 'JUNIOR TECHNICIAN JARINGAN DAN GARDU INDUK TULUNGAGUNG', NULL, '2019-09-02', NULL, NULL, NULL, 0),
(319, 'JT JARGI BANARAN', 'JUNIOR TECHNICIAN JARINGAN DAN GARDU INDUK BANARAN', NULL, '2019-09-02', NULL, NULL, NULL, 0),
(320, 'JT JARGI KERTOSONO', 'JUNIOR TECHNICIAN JARINGAN DAN GARDU INDUK KERTOSONO', NULL, '2019-09-02', NULL, NULL, NULL, 0),
(321, 'JT JARGITET KEDIRI', 'JUNIOR TECHNICIAN JARINGAN DAN GARDU INDUK TEGANGAN TINGGI KEDIRI', NULL, '2019-09-02', NULL, NULL, NULL, 0),
(322, 'JT JARGI JOMBANG BARU', 'JUNIOR TECHNICIAN JARINGAN DAN GARDU INDUK JOMBANG BARU', NULL, '2019-09-02', NULL, NULL, NULL, 0),
(323, 'JT JARGI BLITAR BARU', 'JUNIOR TECHNICIAN JARINGAN DAN GARDU INDUK BLITAR BARU', NULL, '2019-09-02', NULL, NULL, NULL, 0),
(324, 'AE JARGI TEGANGAN EKSTR TINGGI NGIMBANG', 'ASSISTANT ENGINEER JARINGAN DAN GARDU INDUK TEGANGAN EKSTRA TINGGI NGIMBANG', NULL, '2019-09-02', NULL, NULL, NULL, 0),
(325, 'JE JARGI PONOROGO', 'JUNIOR ENGINEER JARINGAN DAN GARDU INDUK PONOROGO', NULL, '2019-09-02', NULL, NULL, NULL, 0),
(326, 'AE JARGI MANISREJO', 'ASSISTANT ENGINEER JARINGAN DAN GARDU INDUK MANISREJO', NULL, '2019-09-02', NULL, NULL, NULL, 0),
(327, 'JE JARGI TEGANGAN EKSTR TINGGI NGIMBANG', 'JUNIOR ENGINEER JARINGAN DAN GARDU INDUK TEGANGAN EKSTRA TINGGI NGIMBANG', NULL, '2019-09-02', NULL, NULL, NULL, 0),
(328, 'MUL ULTG MADIUN', 'MANAGER UNIT LAYANAN TRANSMISI DAN GARDU INDUK MADIUN', NULL, '2019-09-02', NULL, NULL, NULL, 0),
(329, 'SPV II JARGITET NGIMBANG', 'SUPERVISOR JARINGAN DAN GARDU INDUK TEGANGAN EKSTRA TINGGI NGIMBANG', NULL, '2019-09-02', NULL, NULL, NULL, 0),
(330, 'SPV II JARGI PONOROGO DAN DALOPO', 'SUPERVISOR JARINGAN DAN GARDU INDUK PONOROGO DAN DALOPO', NULL, '2019-09-02', NULL, NULL, NULL, 0),
(331, 'SPV II JARGI NGAWI DAN CARUBAN', 'SUPERVISOR JARINGAN DAN GARDU INDUK NGAWI DAN CARUBAN', NULL, '2019-09-02', NULL, NULL, NULL, 0),
(332, 'SPV II JARGI MAGETAN DAN MRANGGEN', 'SUPERVISOR JARINGAN DAN GARDU INDUK MAGETAN DAN MRANGGEN', NULL, '2019-09-02', NULL, NULL, NULL, 0),
(333, 'SPV II JARGI NGANJUK', 'SUPERVISOR JARINGAN DAN GARDU INDUK NGANJUK', NULL, '2019-09-02', NULL, NULL, NULL, 0),
(334, 'SPV II JARGI MANISREJO', 'SUPERVISOR JARINGAN DAN GARDU INDUK MANISREJO', NULL, '2019-09-02', NULL, NULL, NULL, 0),
(335, 'SPV II JARGI PLTU PACITAN', 'SUPERVISOR JARINGAN DAN GARDU INDUK PLTU PACITAN', NULL, '2019-09-02', NULL, NULL, NULL, 0),
(336, 'SPV II JARGI PACITAN', 'SUPERVISOR JARINGAN DAN GARDU INDUK PACITAN', NULL, '2019-09-02', NULL, NULL, NULL, 0),
(337, 'AE HAR PROTEK, MTR DAN OTM', 'ASSISTANT ENGINEER PEMELIHARAAN PROTEKSI, METER DAN OTOMASI', NULL, '2019-09-02', NULL, NULL, NULL, 0),
(338, 'JT JARGI PLTU PACITAN', 'JUNIOR TECHNICIAN JARINGAN DAN GARDU INDUK PLTU PACITAN', NULL, '2019-09-02', NULL, NULL, NULL, 0),
(339, 'JT JARGI CARUBAN', 'JUNIOR TECHNICIAN JARINGAN DAN GARDU INDUK CARUBAN', NULL, '2019-09-02', NULL, NULL, NULL, 0),
(340, 'JT JARGITET NGIMBANG', 'JUNIOR TECHNICIAN JARINGAN GARDU INDUK DAN SUTET NGIMBANG', NULL, '2019-09-02', NULL, NULL, NULL, 0),
(341, 'JT JARGI NGAWI', 'JUNIOR TECHNICIAN JARINGAN DAN GARDU INDUK NGAWI', NULL, '2019-09-02', NULL, NULL, NULL, 0),
(342, 'JT JARGI MAGETAN', 'JUNIOR TECHNICIAN JARINGAN DAN GARDU INDUK MAGETAN', NULL, '2019-09-02', NULL, NULL, NULL, 0),
(343, 'JT JARGI TEGANGAN EKSTR TINGGI NGIMBANG', 'JUNIOR TECHNICIAN JARINGAN DAN GARDU INDUK TEGANGAN EKSTRA TINGGI NGIMBANG', NULL, '2019-09-02', NULL, NULL, NULL, 0),
(344, 'JT JARGI PONOROGO', 'JUNIOR TECHNICIAN JARINGAN DAN GARDU INDUK PONOROGO', NULL, '2019-09-02', NULL, NULL, NULL, 0),
(345, 'JT JARGI MRANGGEN', 'JUNIOR TECHNICIAN JARINGAN DAN GARDU INDUK MRANGGEN', NULL, '2019-09-02', NULL, NULL, NULL, 0),
(346, 'JT JARGI PACITAN', 'JUNIOR TECHNICIAN JARINGAN DAN GARDU INDUK PACITAN', NULL, '2019-09-02', NULL, NULL, NULL, 0),
(347, 'JT JARGI MANISREJO', 'JUNIOR TECHNICIAN JARINGAN DAN GARDU INDUK MANISREJO', NULL, '2019-09-02', NULL, NULL, NULL, 0),
(348, 'JT JARGI NGANJUK', 'JUNIOR TECHNICIAN JARINGAN DAN GARDU INDUK NGANJUK', NULL, '2019-09-02', NULL, NULL, NULL, 0),
(349, 'PLT MAN II KONS', 'ANALSYT KINERJA (PLT MANAGER BAGIAN KONSTRUKSI)', NULL, '2019-09-02', NULL, NULL, NULL, 0),
(350, 'AF ADM GUDANG', 'ASSISTANT OFFICER ADMINISTRASI GUDANG', NULL, '2019-09-02', NULL, NULL, NULL, 0),
(351, 'PLT MUP II UPT MADIUN', 'ANALYST KINERJA (PLT MANAGER UNIT PELAKSANA TRANSMISI MADIUN)', NULL, '2019-09-02', NULL, NULL, NULL, 0),
(352, 'AF SEKRE', 'ASSISTANT OFFICER SEKRETARIAT', NULL, '2019-09-02', NULL, NULL, NULL, 0),
(353, 'AE DAL KONS', 'ASSISTANT ENGINEER PENGENDALIAN KONSTRUKSI', NULL, '2019-09-02', NULL, NULL, NULL, 0),
(354, 'JE PDKB SUTT / SUTET', 'JUNIOR ENGINEER PDKB SUTT / SUTET', NULL, '2019-09-02', NULL, NULL, NULL, 0),
(355, 'MAN II KEU DAN ADM', 'MANAGER BAGIAN KEUANGAN DAN ADMINISTRASI', NULL, '2019-09-02', NULL, NULL, NULL, 0),
(356, 'JT PDKB GI/GITET', 'JUNIOR TECHNICIAN PDKB GI / GITET', NULL, '2019-09-02', NULL, NULL, NULL, 0),
(357, 'AS LOLA DATA', 'ASSISTANT ANALYST PENGELOLAAN DATA', NULL, '2019-09-02', NULL, NULL, NULL, 0),
(358, 'JE ENJ PROTEK, MTR DAN OTM', 'JUNIOR ENGINEER ENJINIRING PROTEKSI, METER DAN OTOMASI', NULL, '2019-09-02', NULL, NULL, NULL, 0),
(359, 'JT LING', 'JUNIOR TECHNICIAN LINGKUNGAN', NULL, '2019-09-02', NULL, NULL, NULL, 0),
(360, 'JE JARGI TEGANGAN EKSTR TINGGI KRIAN', 'JUNIOR ENGINEER JARINGAN DAN GARDU INDUK TEGANGAN EKSTRA TINGGI KRIAN', NULL, '2019-09-02', NULL, NULL, NULL, 0),
(361, 'JE JARGI DRIYOREJO', 'JUNIOR ENGINEER JARINGAN DAN GARDU INDUK DRIYOREJO', NULL, '2019-09-02', NULL, NULL, NULL, 0),
(362, 'JE JARGI BAMBE', 'JUNIOR ENGINEER JARINGAN DAN GARDU INDUK BAMBE', NULL, '2019-09-02', NULL, NULL, NULL, 0),
(363, 'SPV II JARGI KASIHJATIM', 'SUPERVISOR JARINGAN DAN GARDU INDUK KASIHJATIM', NULL, '2019-09-02', NULL, NULL, NULL, 0),
(364, 'AE K3L', 'ASSISTANT ENGINEER KESELAMATAN, KESEHATAN KERJA, KEAMANAN DAN LINGKUNGAN (K3L)', NULL, '2019-09-02', NULL, NULL, NULL, 0),
(365, 'AE JARGI KARANGPILANG', 'ASSISTANT ENGINEER JARINGAN DAN GARDU INDUK KARANGPILANG', NULL, '2019-09-02', NULL, NULL, NULL, 0),
(366, 'SPV II JARGI DRIYOREJO DAN MIWON', 'SUPERVISOR JARINGAN DAN GARDU INDUK DRIYOREJO DAN MIWON', NULL, '2019-09-02', NULL, NULL, NULL, 0),
(367, 'AE JARGI BAMBE', 'ASSISTANT ENGINEER JARINGAN DAN GARDU INDUK BAMBE', NULL, '2019-09-02', NULL, NULL, NULL, 0),
(368, 'MUL ULTG KRIAN', 'MANAGER UNIT LAYANAN TRANSMISI DAN GARDU INDUK KRIAN', NULL, '2019-09-02', NULL, NULL, NULL, 0),
(369, 'SPV II JARGI KRIAN', 'SUPERVISOR JARINGAN DAN GARDU INDUK KRIAN', NULL, '2019-09-02', NULL, NULL, NULL, 0),
(370, 'SPV II JARGI KARANGPILANG', 'SUPERVISOR JARINGAN DAN GARDU INDUK KARANGPILANG', NULL, '2019-09-02', NULL, NULL, NULL, 0),
(371, 'SPV II JARGI BAMBE', 'SUPERVISOR JARINGAN DAN GARDU INDUK BAMBE', NULL, '2019-09-02', NULL, NULL, NULL, 0),
(372, 'JE JARGITET KRIAN', 'JUNIOR ENGINEER JARINGAN DAN GARDU INDUK TEGANGAN EKSTRA TINGGI KRIAN', NULL, '2019-09-02', NULL, NULL, NULL, 0),
(373, 'JT JARGI TEGANGAN EKSTR TINGGI KRIAN', 'JUNIOR TECHNICIAN JARINGAN DAN GARDU INDUK TEGANGAN EKSTRA TINGGI KRIAN', NULL, '2019-09-02', NULL, NULL, NULL, 0),
(374, 'JT JARGI DRIYOREJO', 'JUNIOR TECHNICIAN JARINGAN DAN GARDU INDUK DRIYOREJO', NULL, '2019-09-02', NULL, NULL, NULL, 0),
(375, 'JT JARGITET KRIAN', 'JUNIOR TECHNICIAN JARINGAN DAN GARDU INDUK TEGANGAN EKSTRA TINGGI KRIAN', NULL, '2019-09-02', NULL, NULL, NULL, 0),
(376, 'JT JARGI KARANGPILANG', 'JUNIOR TECHNICIAN JARINGAN DAN GARDU INDUK KARANGPILANG', NULL, '2019-09-02', NULL, NULL, NULL, 0),
(377, 'JT JARGI KASIHJATIM', 'JUNIOR TECHNICIAN JARINGAN DAN GARDU INDUK KASIHJATIM', NULL, '2019-09-02', NULL, NULL, NULL, 0),
(378, 'AE JARGI BLIMBING', 'ASSISTANT ENGINEER JARINGAN DAN GARDU INDUK BLIMBING', NULL, '2019-09-02', NULL, NULL, NULL, 0),
(379, 'JE JARGI TUREN', 'JUNIOR ENGINEER JARINGAN DAN GARDU INDUK TUREN', NULL, '2019-09-02', NULL, NULL, NULL, 0),
(380, 'PLT MUL ULTG MALANG', 'ASSISTANT OFFICER ADMNISTRASI TEKNIK (PLT MANAGER UNIT LAYANAN TRANSMISI DAN GARDU INDUK MALANG)', NULL, '2019-09-02', NULL, NULL, NULL, 0),
(381, 'SPV II JARGI KEBONAGUNG', 'SUPERVISOR JARINGAN DAN GARDU INDUK KEBONAGUNG', NULL, '2019-09-02', NULL, NULL, NULL, 0),
(382, 'JE JARGI SENGKALING', 'JUNIOR ENGINEER JARINGAN DAN GARDU INDUK SENGKALING', NULL, '2019-09-02', NULL, NULL, NULL, 0),
(383, 'JE JARGI KEBON AGUNG', 'JUNIOR ENGINEER JARINGAN DAN GARDU INDUK KEBON AGUNG', NULL, '2019-09-02', NULL, NULL, NULL, 0),
(384, 'SPV II JARGI LAWANG', 'SUPERVISOR JARINGAN DAN GARDU INDUK LAWANG', NULL, '2019-09-02', NULL, NULL, NULL, 0),
(385, 'SPV II JARGI SENGGURUH', 'SUPERVISOR JARINGAN DAN GARDU INDUK SENGGURUH, TUREN DAN GAMPINGAN', NULL, '2019-09-02', NULL, NULL, NULL, 0),
(386, 'SPV II JARGI PAKIS', 'SUPERVISOR JARINGAN DAN GARDU INDUK PAKIS', NULL, '2019-09-02', NULL, NULL, NULL, 0),
(387, 'SPV II JARGI KARANGKATES DAN SUTAMI', 'SUPERVISOR JARINGAN DAN GARDU INDUK KARANGKATES DAN SUTAMI', NULL, '2019-09-02', NULL, NULL, NULL, 0),
(388, 'SPV II JARGI TUREN DAN GAMPINGAN', 'SUPERVISOR JARINGAN DAN GARDU INDUK TUREN DAN GAMPINGAN', NULL, '2019-09-02', NULL, NULL, NULL, 0),
(389, 'JE JARGI WLINGI', 'JUNIOR ENGINEER JARINGAN DAN GARDU INDUK WLINGI', NULL, '2019-09-02', NULL, NULL, NULL, 0),
(390, 'JE JARGI BLIMBING', 'JUNIOR ENGINEER JARINGAN DAN GARDU INDUK BLIMBING', NULL, '2019-09-02', NULL, NULL, NULL, 0),
(391, 'JE JARGI KARANGKATES', 'JUNIOR ENGINEER JARINGAN DAN GARDU INDUK KARANGKATES', NULL, '2019-09-02', NULL, NULL, NULL, 0),
(392, 'SPV II JARGI SENGKALING DAN SELOREJO', 'SUPERVISOR JARINGAN DAN GARDU INDUK SENGKALING DAN SELOREJO', NULL, '2019-09-02', NULL, NULL, NULL, 0),
(393, 'JE JARGI LAWANG', 'JUNIOR ENGINEER JARINGAN DAN GARDU INDUK LAWANG', NULL, '2019-09-02', NULL, NULL, NULL, 0),
(394, 'SPV II JARGI POLEHAN DAN BLIMBING', 'SUPERVISOR JARINGAN DAN GARDU INDUK POLEHAN DAN BLIMBING', NULL, '2019-09-02', NULL, NULL, NULL, 0),
(395, 'SPV II JARGI WLINGI', 'SUPERVISOR JARINGAN DAN GARDU INDUK WLINGI', NULL, '2019-09-02', NULL, NULL, NULL, 0),
(396, 'JT JARGI TUREN', 'JUNIOR TECHNICIAN JARINGAN DAN GARDU INDUK TUREN', NULL, '2019-09-02', NULL, NULL, NULL, 0),
(397, 'JT JARGI POLEHAN', 'JUNIOR TECHNICIAN JARINGAN DAN GARDU INDUK POLEHAN', NULL, '2019-09-02', NULL, NULL, NULL, 0),
(398, 'JT JARGI PAKIS', 'JUNIOR TECHNICIAN JARINGAN DAN GARDU INDUK PAKIS', NULL, '2019-09-02', NULL, NULL, NULL, 0),
(399, 'JT JARGI SENGGURUH', 'JUNIOR TECHNICIAN JARINGAN DAN GARDU INDUK SENGGURUH', NULL, '2019-09-02', NULL, NULL, NULL, 0),
(400, 'JT JARGI KEBONAGUNG', 'JUNIOR TECHNICIAN JARINGAN DAN GARDU INDUK KEBONAGUNG', NULL, '2019-09-02', NULL, NULL, NULL, 0),
(401, 'JT JARGI SENGKALING', 'JUNIOR TECHNICIAN JARINGAN DAN GARDU INDUK SENGKALING', NULL, '2019-09-02', NULL, NULL, NULL, 0),
(402, 'JT JARGI WLINGI', 'JUNIOR TECHNICIAN JARINGAN DAN GARDU INDUK WLINGI', NULL, '2019-09-02', NULL, NULL, NULL, 0),
(403, 'JT JARGI KARANGKATES', 'JUNIOR TECHNICIAN JARINGAN DAN GARDU INDUK KARANGKATES', NULL, '2019-09-02', NULL, NULL, NULL, 0),
(404, 'JT JARGI LAWANG', 'JUNIOR TECHNICIAN JARINGAN DAN GARDU INDUK LAWANG', NULL, '2019-09-02', NULL, NULL, NULL, 0),
(405, 'AE JARGI TARIK', 'ASSISTANT ENGINEER JARINGAN DAN GARDU INDUK TARIK', NULL, '2019-09-02', NULL, NULL, NULL, 0),
(406, 'AE JARGI NGORO', 'ASSISTANT ENGINEER JARINGAN DAN GARDU INDUK NGORO', NULL, '2019-09-02', NULL, NULL, NULL, 0),
(407, 'AE JARGI PLOSO', 'ASSISTANT ENGINEER JARINGAN DAN GARDU INDUK PLOSO', NULL, '2019-09-02', NULL, NULL, NULL, 0),
(408, 'MUL ULTG MOJOKERTO', 'MANAGER UNIT LAYANAN TRANSMISI DAN GARDU INDUK MOJOKERTO', NULL, '2019-09-02', NULL, NULL, NULL, 0),
(409, 'SPV II JARGI PLOSO', 'SUPERVISOR JARINGAN DAN GARDU INDUK PLOSO', NULL, '2019-09-02', NULL, NULL, NULL, 0),
(410, 'SPV II JARGI MOJOAGUNG', 'SUPERVISOR JARINGAN DAN GARDU INDUK MOJOAGUNG', NULL, '2019-09-02', NULL, NULL, NULL, 0),
(411, 'SPV II JARGI TARIK & BANGUN', 'SUPERVISOR JARINGAN DAN GARDU INDUK TARIK DAN BANGUN', NULL, '2019-09-02', NULL, NULL, NULL, 0),
(412, 'SPV II JARGI NGORO', 'SUPERVISOR JARINGAN DAN GARDU INDUK NGORO', NULL, '2019-09-02', NULL, NULL, NULL, 0),
(413, 'SPV II JARGI SEKARPUTIH,TJIWIKIMIA DAN A', 'SUPERVISOR JARINGAN DAN GARDU INDUK SEKARPUTIH,TJIWIKIMIA DAN AJINOMOTO', NULL, '2019-09-02', NULL, NULL, NULL, 0),
(414, 'SPV II JARGI BALUNGBENDO', 'SUPERVISOR JARINGAN DAN GARDU INDUK BALUNGBENDO', NULL, '2019-09-02', NULL, NULL, NULL, 0),
(415, 'SPV II JARGI SIMAN DAN MENDALAN', 'SUPERVISOR JARINGAN DAN GARDU INDUK SIMAN DAN MENDALAN', NULL, '2019-09-02', NULL, NULL, NULL, 0),
(416, 'JE K3L', 'JUNIOR ENGINEER KESELAMATAN, KESEHATAN KERJA, KEAMANAN, DAN LINGKUNGAN (K3L)', NULL, '2019-09-02', NULL, NULL, NULL, 0),
(417, 'JT JARGI MENDALAN', 'JUNIOR TECHNICIAN JARINGAN DAN GARDU INDUK MENDALAN', NULL, '2019-09-02', NULL, NULL, NULL, 0);
INSERT INTO `jabatan` (`id`, `jabatan`, `nama_panjang`, `parent`, `createddate`, `createdby`, `updateddate`, `updatedby`, `deleted`) VALUES
(418, 'JT JARGI MOJOAGUNG', 'JUNIOR TECHNICIAN JARINGAN DAN GARDU INDUK MOJOAGUNG', NULL, '2019-09-02', NULL, NULL, NULL, 0),
(419, 'JT JARGI PLOSO', 'JUNIOR TECHNICIAN JARINGAN DAN GARDU INDUK PLOSO', NULL, '2019-09-02', NULL, NULL, NULL, 0),
(420, 'JT JARGI SEKARPUTIH', 'JUNIOR TECHNICIAN JARINGAN DAN GARDU INDUK SEKARPUTIH', NULL, '2019-09-02', NULL, NULL, NULL, 0),
(421, 'JT JARGI BALUNGBENDO', 'JUNIOR TECHNICIAN JARINGAN DAN GARDU INDUK BALUNGBENDO', NULL, '2019-09-02', NULL, NULL, NULL, 0),
(422, 'JT JARGI SIMAN', 'JUNIOR TECHNICIAN JARINGAN DAN GARDU INDUK SIMAN', NULL, '2019-09-02', NULL, NULL, NULL, 0),
(423, 'JT JARGI NGORO', 'JUNIOR TECHNICIAN JARINGAN DAN GARDU INDUK NGORO', NULL, '2019-09-02', NULL, NULL, NULL, 0),
(424, 'AF ADM PENGADAAN', 'ASSISTANT OFFICER ADMINISTRASI PENGADAAN', NULL, '2019-09-02', NULL, NULL, NULL, 0),
(425, 'AN REN PENGUSHN', 'ANALYST PERENCANA PENGUSAHAAN', NULL, '2019-09-02', NULL, NULL, NULL, 0),
(426, 'MUP II UPT MALANG', 'MANAGER UNIT PELAKSANA TRANSMISI MALANG', NULL, '2019-09-02', NULL, NULL, NULL, 0),
(427, 'JE DAL KONS', 'JUNIOR ENGINEER PENGENDALIAN KONSTRUKSI', NULL, '2019-09-02', NULL, NULL, NULL, 0),
(428, 'AE ASDIG ALAT JARGI', 'ASSISTANT ENGINEER ASSESMEN DAN DIAGNOSA', NULL, '2019-09-02', NULL, NULL, NULL, 0),
(429, 'JE ASDIG', 'JUNIOR ENGINEER ASSESMEN DAN DIAGNOSA', NULL, '2019-09-02', NULL, NULL, NULL, 0),
(430, 'AE ENJ PROTEK, MTR DAN OTM', 'ASSISTANT ENGINEER ENJINIRING PROTEKSI, METER DAN OTOMASI', NULL, '2019-09-02', NULL, NULL, NULL, 0),
(431, 'JA REN PENGUSHN', 'JUNIOR ANALYST PERENCANAAN PENGUSAHAAN', NULL, '2019-09-02', NULL, NULL, NULL, 0),
(432, 'JA PELAKSANA PENGADAAN', 'JUNIOR ANALYST PELAKSANA PENGADAAN', NULL, '2019-09-02', NULL, NULL, NULL, 0),
(433, 'JF ADM GUDANG', 'JUNIOR OFFICER ADMINISTRASI GUDANG', NULL, '2019-09-02', NULL, NULL, NULL, 0),
(434, 'AE K3L', 'ASSISTANT ENGINEER KESELAMATAN, KESEHATAN KERJA, KEAMANAN, DAN LINGKUNGAN (K3L)', NULL, '2019-09-02', NULL, NULL, NULL, 0),
(435, 'AE JARGI BUMICOKRO', 'ASSISTANT ENGINEER JARINGAN DAN GARDU INDUK BUMICOKRO', NULL, '2019-09-02', NULL, NULL, NULL, 0),
(436, 'JE JARGI SUKOREJO', 'JUNIOR ENGINEER JARINGAN DAN GARDU INDUK SUKOREJO', NULL, '2019-09-02', NULL, NULL, NULL, 0),
(437, 'MUL ULTG BANGIL', 'MANAGER UNIT LAYANAN TRANSMISI DAN GARDU INDUK BANGIL', NULL, '2019-09-02', NULL, NULL, NULL, 0),
(438, 'JE JARGI GONDANG WETAN', 'JUNIOR ENGINEER JARINGAN DAN GARDU INDUK GONDANG WETAN', NULL, '2019-09-02', NULL, NULL, NULL, 0),
(439, 'SPV II JARGI GONDANG WETAN DAN REJOSO', 'SUPERVISOR JARINGAN DAN GARDU INDUK GONDANG WETAN DAN REJOSO', NULL, '2019-09-02', NULL, NULL, NULL, 0),
(440, 'SPV II JARGI PANDAAN DAN BULUKANDANG', 'SUPERVISOR JARINGAN DAN GARDU INDUK PANDAAN DAN BULUKANDANG', NULL, '2019-09-02', NULL, NULL, NULL, 0),
(441, 'SPV II JARGI BUMICOKRO', 'SUPERVISOR JARINGAN DAN GARDU INDUK BUMICOKRO', NULL, '2019-09-02', NULL, NULL, NULL, 0),
(442, 'JE JARGI BULUKANDANG', 'JUNIOR ENGINEER JARINGAN DAN GARDU INDUK BULUKANDANG', NULL, '2019-09-02', NULL, NULL, NULL, 0),
(443, 'SPV II JARGI PURWOSARI DAN SUKOREJO', 'SUPERVISOR JARINGAN DAN GARDU INDUK PURWOSARI DAN SUKOREJO', NULL, '2019-09-02', NULL, NULL, NULL, 0),
(444, 'SPV II JARGI BANGIL', 'SUPERVISOR JARINGAN DAN GARDU INDUK BANGIL', NULL, '2019-09-02', NULL, NULL, NULL, 0),
(445, 'JE JARGI BANGIL', 'JUNIOR ENGINEER JARINGAN DAN GARDU INDUK BANGIL', NULL, '2019-09-02', NULL, NULL, NULL, 0),
(446, 'SPV II JARGI PIER', 'SUPERVISOR JARINGAN DAN GARDU INDUK PIER', NULL, '2019-09-02', NULL, NULL, NULL, 0),
(447, 'JT JARGI PANDAAN', 'JUNIOR TECHNICIAN JARINGAN DAN GARDU INDUK PANDAAN', NULL, '2019-09-02', NULL, NULL, NULL, 0),
(448, 'JT JARGI PURWOSARI', 'JUNIOR TECHNICIAN JARINGAN DAN GARDU INDUK PURWOSARI', NULL, '2019-09-02', NULL, NULL, NULL, 0),
(449, 'JT JARGI BANGIL', 'JUNIOR TECHNICIAN JARINGAN DAN GARDU INDUK BANGIL', NULL, '2019-09-02', NULL, NULL, NULL, 0),
(450, 'JT JARGI GONDANG WETAN', 'JUNIOR TECHNICIAN JARINGAN DAN GARDU INDUK GONDANG WETAN', NULL, '2019-09-02', NULL, NULL, NULL, 0),
(451, 'JT JARGI BUMICOKRO', 'JUNIOR TECHNICIAN JARINGAN DAN GARDU INDUK BUMICOKRO', NULL, '2019-09-02', NULL, NULL, NULL, 0),
(452, 'JT JARGI PIER', 'JUNIOR TECHNICIAN JARINGAN DAN GARDU INDUK PIER', NULL, '2019-09-02', NULL, NULL, NULL, 0),
(453, 'JE JARGI PANDAAN', 'JUNIOR ENGINEER JARINGAN DAN GARDU INDUK PANDAAN', NULL, '2019-09-02', NULL, NULL, NULL, 0),
(454, 'JE JARGI BANYUWANGI', 'JUNIOR ENGINEER JARINGAN DAN GARDU INDUK BANYUWANGI', NULL, '2019-09-02', NULL, NULL, NULL, 0),
(455, 'AE JARGI SITUBONDO', 'ASSISTANT ENGINEER JARINGAN DAN GARDU INDUK SITUBONDO', NULL, '2019-09-02', NULL, NULL, NULL, 0),
(456, 'SPV II JARGI BONDOWOSO DAN SITUBONDO', 'SUPERVISOR JARINGAN DAN GARDU INDUK BONDOWOSO DAN SITUBONDO', NULL, '2019-09-02', NULL, NULL, NULL, 0),
(457, 'SPV II JARGI TANGGUL DAN LUMAJANG', 'SUPERVISOR JARINGAN DAN GARDU INDUK TANGGUL DAN LUMAJANG', NULL, '2019-09-02', NULL, NULL, NULL, 0),
(458, 'SPV II JARGI JEMBER', 'SUPERVISOR JARINGAN DAN GARDU INDUK JEMBER', NULL, '2019-09-02', NULL, NULL, NULL, 0),
(459, 'MUL ULTG JEMBER', 'MANAGER UNIT LAYANAN TRANSMISI DAN GARDU INDUK JEMBER', NULL, '2019-09-02', NULL, NULL, NULL, 0),
(460, 'AE K3 DAN LING', 'ASSISTANT ENGINEER K3 DAN LINGKUNGAN', NULL, '2019-09-02', NULL, NULL, NULL, 0),
(461, 'SPV II JARGI BANYUWANGI', 'SUPERVISOR JARINGAN DAN GARDU INDUK BANYUWANGI', NULL, '2019-09-02', NULL, NULL, NULL, 0),
(462, 'JE JARGI BONDOWOSO', 'JUNIOR ENGINEER JARINGAN DAN GARDU INDUK BONDOWOSO', NULL, '2019-09-02', NULL, NULL, NULL, 0),
(463, 'SPV II JARGI GENTENG', 'SUPERVISOR JARINGAN DAN GARDU INDUK GENTENG', NULL, '2019-09-02', NULL, NULL, NULL, 0),
(464, 'JE JARGI JEMBER', 'JUNIOR ENGINEER JARINGAN DAN GARDU INDUK JEMBER', NULL, '2019-09-02', NULL, NULL, NULL, 0),
(465, 'JT RING DAN GI (BANYUWANGI)', 'JUNIOR TECHNICIAN JARINGAN DAN GARDU INDUK BANYUWANGI', NULL, '2019-09-02', NULL, NULL, NULL, 0),
(466, 'AE JARGI TANGGUL', 'ASSISTANT ENGINEER JARINGAN DAN GARDU INDUK TANGGUL', NULL, '2019-09-02', NULL, NULL, NULL, 0),
(467, 'JT JARGI TANGGUL', 'JUNIOR TECHNICIAN JARINGAN DAN GARDU INDUK TANGGUL', NULL, '2019-09-02', NULL, NULL, NULL, 0),
(468, 'JT JARGI BANYUWANGI', 'JUNIOR TECHNICIAN JARINGAN DAN GARDU INDUK BANYUWANGI', NULL, '2019-09-02', NULL, NULL, NULL, 0),
(469, 'JT JARGI LUMAJANG', 'JUNIOR TECHNICIAN JARINGAN DAN GARDU INDUK LUMAJANG', NULL, '2019-09-02', NULL, NULL, NULL, 0),
(470, 'JT JARGI SITUBONDO', 'JUNIOR TECHNICIAN JARINGAN DAN GARDU INDUK SITUBONDO', NULL, '2019-09-02', NULL, NULL, NULL, 0),
(471, 'JT JARGI BONDOWOSO', 'JUNIOR TECHNICIAN JARINGAN DAN GARDU INDUK BONDOWOSO', NULL, '2019-09-02', NULL, NULL, NULL, 0),
(472, 'JT JARGI GENTENG', 'JUNIOR TECHNICIAN JARINGAN DAN GARDU INDUK GENTENG', NULL, '2019-09-02', NULL, NULL, NULL, 0),
(473, 'JT JARGI JEMBER', 'JUNIOR TECHNICIAN JARINGAN DAN GARDU INDUK JEMBER', NULL, '2019-09-02', NULL, NULL, NULL, 0),
(474, 'AE JARGI TEGANGAN EKSTR TINGGI PAITON', 'ASSISTANT ENGINEER JARINGAN DAN GARDU INDUK TEGANGAN EKSTRA TINGGI PAITON', NULL, '2019-09-02', NULL, NULL, NULL, 0),
(475, 'MUL ULTG PROBOLINGGO', 'MANAGER UNIT LAYANAN TRANSMISI DAN GARDU INDUK PROBOLINGGO', NULL, '2019-09-02', NULL, NULL, NULL, 0),
(476, 'SPV II JARGI PROBOLINGGO', 'SUPERVISOR JARINGAN DAN GARDU INDUK PROBOLINGGO,GENDING DAN KRAKSAAN', NULL, '2019-09-02', NULL, NULL, NULL, 0),
(477, 'JE JARGI KRAKSAAN', 'JUNIOR ENGINEER JARINGAN DAN GARDU INDUK KRAKSAAN', NULL, '2019-09-02', NULL, NULL, NULL, 0),
(478, 'SPV II JARGITET PAITON', 'SUPERVISOR JARINGAN DAN GARDU INDUK TEGANGAN EKSTRA TINGGI PAITON', NULL, '2019-09-02', NULL, NULL, NULL, 0),
(479, 'JE JARGI TEGANGAN EKSTR TINGGI GRATI', 'JUNIOR ENGINEER JARINGAN DAN GARDU INDUK TEGANGAN EKSTRA TINGGI GRATI', NULL, '2019-09-02', NULL, NULL, NULL, 0),
(480, 'SPV II JARGI KRAKSAAN DAN GENDING', 'SUPERVISOR JARINGAN DAN GARDU INDUK KRAKSAAN DAN GENDING', NULL, '2019-09-02', NULL, NULL, NULL, 0),
(481, 'SPV II JARGITET GRATI', 'SUPERVISOR JARINGAN DAN GARDU INDUK TEGANGAN EKSTRA TINGGI GRATI', NULL, '2019-09-02', NULL, NULL, NULL, 0),
(482, 'JE JARGI TEGANGAN EKSTR TINGGI PAITON', 'JUNIOR ENGINEER JARINGAN DAN GARDU INDUK TEGANGAN EKSTRA TINGGI PAITON', NULL, '2019-09-02', NULL, NULL, NULL, 0),
(483, 'JT JARGI TEGANGAN EKSTR TINGGI PAITON', 'JUNIOR TECHNICIAN JARINGAN DAN GARDU INDUK TEGANGAN EKSTRA TINGGI PAITON', NULL, '2019-09-02', NULL, NULL, NULL, 0),
(484, 'JT JARGI TEGANGAN EKSTR TINGGI GRATI', 'JUNIOR TECHNICIAN JARINGAN DAN GARDU INDUK TEGANGAN EKSTRA TINGGI GRATI', NULL, '2019-09-02', NULL, NULL, NULL, 0),
(485, 'JT JARGI PROBOLINGGO', 'JUNIOR TECHNICIAN JARINGAN DAN GARDU INDUK PROBOLINGGO', NULL, '2019-09-02', NULL, NULL, NULL, 0),
(486, 'JT JARGITET GRATI', 'JUNIOR TECHNICIAN JARINGAN DAN GARDU INDUK TEGANGAN EKSTRA TINGGI GRATI', NULL, '2019-09-02', NULL, NULL, NULL, 0),
(487, 'JT JARGITET PAITON', 'JUNIOR TECHNICIAN JARINGAN DAN GARDU INDUK TEGANGAN EKSTRA TINGGI PAITON', NULL, '2019-09-02', NULL, NULL, NULL, 0),
(488, 'JT JARGI KRAKSAAN', 'JUNIOR TECHNICIAN JARINGAN DAN GARDU INDUK KRAKSAAN', NULL, '2019-09-02', NULL, NULL, NULL, 0),
(489, 'MAN II KONS', 'MANAGER BAGIAN KONSTRUKSI', NULL, '2019-09-02', NULL, NULL, NULL, 0),
(490, 'MUP II UPT PROBOLINGGO', 'MANAGER UNIT PELAKSANA TRANSMISI PROBOLINGGO', NULL, '2019-09-02', NULL, NULL, NULL, 0),
(491, 'PLT MAN II REN DAN EVAL', 'ASSISTANT ANALYST PENGELOLAAN DATA (PLT MANAGER BAGIAN PERENCANAAN DAN EVALUASI)', NULL, '2019-09-02', NULL, NULL, NULL, 0),
(492, 'JE PDKB SUTT/SUTET', 'JUNIOR ENGINEER PEMELIHARAAN DALAM KEADAAN BERTEGANGAN SUTT/SUTET', NULL, '2019-09-02', NULL, NULL, NULL, 0),
(493, 'JA PERENCANA PENGADAAN', 'JUNIOR ANALYST PERENCANA PENGADAAN', NULL, '2019-09-02', NULL, NULL, NULL, 0),
(494, 'SPV II JARGI RUNGKUT', 'SUPERVISOR JARINGAN DAN GARDU INDUK RUNGKUT', NULL, '2019-09-02', NULL, NULL, NULL, 0),
(495, 'JE JARGI NEW SIDOARJO', 'JUNIOR ENGINEER JARINGAN DAN GARDU INDUK NEW SIDOARJO', NULL, '2019-09-02', NULL, NULL, NULL, 0),
(496, 'MUL ULTG SURABAYA SELATAN', 'MANAGER UNIT LAYANAN TRANSMISI DAN GARDU INDUK SURABAYA SELATAN', NULL, '2019-09-02', NULL, NULL, NULL, 0),
(497, 'JE JARGI WARU', 'JUNIOR ENGINEER JARINGAN DAN GARDU INDUK WARU', NULL, '2019-09-02', NULL, NULL, NULL, 0),
(498, 'SPV II JARGI NEW SIDOARJO', 'SUPERVISOR JARINGAN DAN GARDU INDUK NEW SIDOARJO', NULL, '2019-09-02', NULL, NULL, NULL, 0),
(499, 'SPV II JARGI DARMO GRANDE', 'SUPERVISOR JARINGAN DAN GARDU INDUK DARMO GRANDE', NULL, '2019-09-02', NULL, NULL, NULL, 0),
(500, 'SPV II JARGI WARU', 'SUPERVISOR JARINGAN DAN GARDU INDUK WARU', NULL, '2019-09-02', NULL, NULL, NULL, 0),
(501, 'JE JARGI PORONG', 'JUNIOR ENGINEER JARINGAN DAN GARDU INDUK PORONG', NULL, '2019-09-02', NULL, NULL, NULL, 0),
(502, 'SPV II JARGI BUDURAN DAN PORONG', 'SUPERVISOR JARINGAN DAN GARDU INDUK BUDURAN DAN PORONG', NULL, '2019-09-02', NULL, NULL, NULL, 0),
(503, 'SPV II JARGI BABADAN, MASPION DAN ISPAT', 'SUPERVISOR JARINGAN DAN GARDU INDUK BABADAN, MASPION DAN ISPATINDO', NULL, '2019-09-02', NULL, NULL, NULL, 0),
(504, 'JE JARGI MASPION DAN ISPATINDO', 'JUNIOR ENGINEER JARINGAN DAN GARDU INDUK MASPION DAN ISPATINDO', NULL, '2019-09-02', NULL, NULL, NULL, 0),
(505, 'JE JARGI BUDURAN', 'JUNIOR ENGINEER JARINGAN DAN GARDU INDUK BUDURAN', NULL, '2019-09-02', NULL, NULL, NULL, 0),
(506, 'JE JARGI RUNGKUT', 'JUNIOR ENGINEER JARINGAN DAN GARDU INDUK RUNGKUT', NULL, '2019-09-02', NULL, NULL, NULL, 0),
(507, 'JT JARGI BUDURAN', 'JUNIOR TECHNICIAN JARINGAN DAN GARDU INDUK BUDURAN', NULL, '2019-09-02', NULL, NULL, NULL, 0),
(508, 'JT JARGI NEW SIDOARJO', 'JUNIOR TECHNICIAN JARINGAN DAN GARDU INDUK NEW SIDOARJO', NULL, '2019-09-02', NULL, NULL, NULL, 0),
(509, 'JT JARGI WARU', 'JUNIOR TECHNICIAN JARINGAN DAN GARDU INDUK WARU', NULL, '2019-09-02', NULL, NULL, NULL, 0),
(510, 'JT JARGI PORONG', 'JUNIOR TECHNICIAN JARINGAN DAN GARDU INDUK PORONG', NULL, '2019-09-02', NULL, NULL, NULL, 0),
(511, 'JT JARGI DARMO GRANDE', 'JUNIOR TECHNICIAN JARINGAN DAN GARDU INDUK DARMO GRANDE', NULL, '2019-09-02', NULL, NULL, NULL, 0),
(512, 'JT JARGI BABADAN', 'JUNIOR TECHNICIAN JARINGAN DAN GARDU INDUK BABADAN', NULL, '2019-09-02', NULL, NULL, NULL, 0),
(513, 'JT JARGI RUNGKUT', 'JUNIOR TECHNICIAN JARINGAN DAN GARDU INDUK RUNGKUT', NULL, '2019-09-02', NULL, NULL, NULL, 0),
(514, 'AE JARGI SUKOLILO', 'ASSISTANT ENGINEER JARINGAN DAN GARDU INDUK SUKOLILO', NULL, '2019-09-02', NULL, NULL, NULL, 0),
(515, 'MUL ULTG SURABAYA UTARA', 'MANAGER UNIT LAYANAN TRANSMISI DAN GARDU INDUK SURABAYA UTARA', NULL, '2019-09-02', NULL, NULL, NULL, 0),
(516, 'JE JARGI SURABAYA SELATAN', 'JUNIOR ENGINEER JARINGAN DAN GARDU INDUK SURABAYA SELATAN', NULL, '2019-09-02', NULL, NULL, NULL, 0),
(517, 'SPV II JARGI KENJERAN', 'SUPERVISOR JARINGAN DAN GARDU INDUK KENJERAN', NULL, '2019-09-02', NULL, NULL, NULL, 0),
(518, 'AE JARGI KUPANG', 'ASSISTANT ENGINEER JARINGAN DAN GARDU INDUK KUPANG', NULL, '2019-09-02', NULL, NULL, NULL, 0),
(519, 'SPV II JARGI SUKOLILO', 'SUPERVISOR JARINGAN DAN GARDU INDUK SUKOLILO', NULL, '2019-09-02', NULL, NULL, NULL, 0),
(520, 'SPV II JARGI SAWAHAN DAN KUPANG', 'SUPERVISOR JARINGAN DAN GARDU INDUK SAWAHAN, KUPANG, UNDAAN DAN GEMBONG', NULL, '2019-09-02', NULL, NULL, NULL, 0),
(521, 'JE JARGI PERAK', 'JUNIOR ENGINEER JARINGAN DAN GARDU INDUK PERAK', NULL, '2019-09-02', NULL, NULL, NULL, 0),
(522, 'SPV II JARGI UNDAAN DAN GEMBONG', 'SUPERVISOR JARINGAN DAN GARDU INDUK UNDAAN DAN GEMBONG', NULL, '2019-09-02', NULL, NULL, NULL, 0),
(523, 'JE JARGI WONOKROMO', 'JUNIOR ENGINEER JARINGAN DAN GARDU INDUK WONOKROMO', NULL, '2019-09-02', NULL, NULL, NULL, 0),
(524, 'JE JARGI SIMPANG', 'JUNIOR ENGINEER JARINGAN DAN GARDU INDUK SIMPANG', NULL, '2019-09-02', NULL, NULL, NULL, 0),
(525, 'JE JARGI SUKOLILO', 'JUNIOR ENGINEER JARINGAN DAN GARDU INDUK SUKOLILO', NULL, '2019-09-02', NULL, NULL, NULL, 0),
(526, 'SPV II JARGI WONOKROMO,NGAGEL DAN SIMPAN', 'SUPERVISOR JARINGAN DAN GARDU INDUK WONOKROMO, NGAGEL DAN SIMPANG', NULL, '2019-09-02', NULL, NULL, NULL, 0),
(527, 'SPV II JARGI UJUNG', 'SUPERVISOR JARINGAN DAN GARDU INDUK UJUNG', NULL, '2019-09-02', NULL, NULL, NULL, 0),
(528, 'SPV II JARGI SURABAYA SELATAN', 'SUPERVISOR JARINGAN DAN GARDU INDUK SURABAYA SELATAN', NULL, '2019-09-02', NULL, NULL, NULL, 0),
(529, 'SPV II JARGI KREMBANGAN,UJUNG DAN PERAK', 'SUPERVISOR JARINGAN DAN GARDU INDUK KREMBANGAN,UJUNG DAN PERAK', NULL, '2019-09-02', NULL, NULL, NULL, 0),
(530, 'JE JARGI KENJERAN', 'JUNIOR ENGINEER JARINGAN DAN GARDU INDUK KENJERAN', NULL, '2019-09-02', NULL, NULL, NULL, 0),
(531, 'JE JARGI KREMBANGAN', 'JUNIOR ENGINEER JARINGAN DAN GARDU INDUK KREMBANGAN', NULL, '2019-09-02', NULL, NULL, NULL, 0),
(532, 'JT JARGI NGAGEL', 'JUNIOR TECHNICIAN JARINGAN DAN GARDU INDUK NGAGEL', NULL, '2019-09-02', NULL, NULL, NULL, 0),
(533, 'JE JARGI SAWAHAN', 'JUNIOR ENGINEER JARINGAN DAN GARDU INDUK SAWAHAN', NULL, '2019-09-02', NULL, NULL, NULL, 0),
(534, 'JE JARGI UNDAAN', 'JUNIOR ENGINEER JARINGAN DAN GARDU INDUK UNDAAN', NULL, '2019-09-02', NULL, NULL, NULL, 0),
(535, 'AE JARGI SURABAYA SELATAN', 'ASSISTANT ENGINEER JARINGAN DAN GARDU INDUK SURABAYA SELATAN', NULL, '2019-09-02', NULL, NULL, NULL, 0),
(536, 'JT JARGI SUKOLILO', 'JUNIOR TECHNICIAN JARINGAN DAN GARDU INDUK SUKOLILO', NULL, '2019-09-02', NULL, NULL, NULL, 0),
(537, 'JT JARGI WONOKROMO', 'JUNIOR TECHNICIAN JARINGAN DAN GARDU INDUK WONOKROMO', NULL, '2019-09-02', NULL, NULL, NULL, 0),
(538, 'JT JARGI SIMPANG', 'JUNIOR TECHNICIAN JARINGAN DAN GARDU INDUK SIMPANG', NULL, '2019-09-02', NULL, NULL, NULL, 0),
(539, 'JT JARGI', 'JUNIOR TECHNICIAN JARINGAN DAN GARDU INDUK UJUNG', NULL, '2019-09-02', NULL, NULL, NULL, 0),
(540, 'JT JARGI KREMBANGAN', 'JUNIOR TECHNICIAN JARINGAN DAN GARDU INDUK KREMBANGAN', NULL, '2019-09-02', NULL, NULL, NULL, 0),
(541, 'AE REN DAN EVAL LUR', 'ASSISTANT ENGINEER PERENCANAAN DAN EVALUASI PENYALURAN', NULL, '2019-09-02', NULL, NULL, NULL, 0),
(542, 'MUP II UPT SURABAYA', 'MANAGER UNIT PELAKSANA TRANSMISI SURABAYA', NULL, '2019-09-02', NULL, NULL, NULL, 0),
(543, 'AE ENJ JARGI', 'ASSISTANT ENGINEER ENJINIRING JARINGAN DAN GARDU INDUK', NULL, '2019-09-02', NULL, NULL, NULL, 0),
(544, 'AE JARGI BUDURAN', 'ASSISTANT ENGINEER JARINGAN DAN GARDU INDUK BUDURAN', NULL, '2019-09-02', NULL, NULL, NULL, 0),
(545, 'JT PDKB GI/GITET', 'JUNIOR TECHNICIAN PEMELIHARAAN DALAM KEADAAN BERTEGANGAN GI/GITET', NULL, '2019-09-02', NULL, NULL, NULL, 0);

-- --------------------------------------------------------

--
-- Table structure for table `jabatan_header`
--

CREATE TABLE `jabatan_header` (
  `id` int(11) NOT NULL,
  `title` varchar(150) DEFAULT NULL,
  `createddate` date DEFAULT NULL,
  `createdby` int(11) DEFAULT NULL,
  `updateddate` datetime DEFAULT NULL,
  `updatedby` int(11) DEFAULT NULL,
  `deleted` int(11) DEFAULT '0'
) ENGINE=InnoDB DEFAULT CHARSET=latin1;

--
-- Dumping data for table `jabatan_header`
--

INSERT INTO `jabatan_header` (`id`, `title`, `createddate`, `createdby`, `updateddate`, `updatedby`, `deleted`) VALUES
(1, 'Struktur Organisasi A', '2019-09-01', 1, NULL, NULL, 0),
(2, 'Struktur Organisasi B', '2019-09-01', 1, NULL, NULL, 0),
(3, 'Struktur Organisasi C', '2019-09-01', 1, '2019-09-01 02:31:24', 1, 0),
(4, 'Struktur Organisasi D', '2019-09-10', 1, NULL, NULL, 0),
(5, 'Struktur Organisasi E', '2019-09-10', 1, NULL, NULL, 0);

-- --------------------------------------------------------

--
-- Table structure for table `jabatan_struktur`
--

CREATE TABLE `jabatan_struktur` (
  `id` int(11) NOT NULL,
  `pegawai` int(11) NOT NULL,
  `jabatan_header` int(11) NOT NULL,
  `createddate` date DEFAULT NULL,
  `createdby` int(11) DEFAULT NULL,
  `updateddate` datetime DEFAULT NULL,
  `updatedby` int(11) DEFAULT NULL,
  `deleted` int(11) DEFAULT '0',
  `parent` int(11) DEFAULT NULL COMMENT 'PARENT\nJIKA NULL BERARTI TIDAK PUNYA ATASAB'
) ENGINE=InnoDB DEFAULT CHARSET=latin1;

--
-- Dumping data for table `jabatan_struktur`
--

INSERT INTO `jabatan_struktur` (`id`, `pegawai`, `jabatan_header`, `createddate`, `createdby`, `updateddate`, `updatedby`, `deleted`, `parent`) VALUES
(18, 1, 1, '2019-09-03', 1, NULL, NULL, 0, NULL),
(19, 2292, 1, '2019-09-03', 1, NULL, NULL, 0, 18),
(20, 2291, 1, '2019-09-03', 1, NULL, NULL, 0, 18),
(21, 2332, 1, '2019-09-10', 1, NULL, NULL, 0, 19),
(22, 2334, 1, '2019-09-10', 1, NULL, NULL, 0, 19);

-- --------------------------------------------------------

--
-- Table structure for table `jenis_job`
--

CREATE TABLE `jenis_job` (
  `id` int(11) NOT NULL,
  `jenis` varchar(45) DEFAULT NULL
) ENGINE=InnoDB DEFAULT CHARSET=latin1;

--
-- Dumping data for table `jenis_job`
--

INSERT INTO `jenis_job` (`id`, `jenis`) VALUES
(1, 'INDIVIDU'),
(2, 'SEMUA BAWAHAN');

-- --------------------------------------------------------

--
-- Table structure for table `job_desk_status`
--

CREATE TABLE `job_desk_status` (
  `id` int(11) NOT NULL,
  `pegawai_job_desk` int(11) NOT NULL,
  `status` varchar(45) DEFAULT NULL COMMENT 'CLOSED\nONPROGRESS\nREVIEW',
  `keterangan` text,
  `createddate` date DEFAULT NULL,
  `createdby` int(11) DEFAULT NULL,
  `updateddate` datetime DEFAULT NULL,
  `updatedby` int(11) DEFAULT NULL,
  `deleted` int(11) DEFAULT '0'
) ENGINE=InnoDB DEFAULT CHARSET=latin1;

--
-- Dumping data for table `job_desk_status`
--

INSERT INTO `job_desk_status` (`id`, `pegawai_job_desk`, `status`, `keterangan`, `createddate`, `createdby`, `updateddate`, `updatedby`, `deleted`) VALUES
(1, 1, 'DRAFT', NULL, '2019-09-01', 1, NULL, NULL, 0),
(2, 1, 'ONPROGRESS', NULL, '2019-09-01', 2, NULL, NULL, 0),
(3, 1, 'CLOSED', NULL, '2019-09-01', 2, NULL, NULL, 0),
(4, 2, 'DRAFT', NULL, '2019-09-04', 2, NULL, NULL, 0),
(5, 3, 'DRAFT', NULL, '2019-09-04', 2, NULL, NULL, 0);

-- --------------------------------------------------------

--
-- Table structure for table `job_from_parent`
--

CREATE TABLE `job_from_parent` (
  `id` int(11) NOT NULL,
  `pegawai` int(11) NOT NULL,
  `to` int(11) DEFAULT NULL COMMENT 'pegawai id',
  `createddate` date DEFAULT NULL,
  `createdby` int(11) DEFAULT NULL,
  `updateddate` datetime DEFAULT NULL,
  `updatedby` int(11) DEFAULT NULL,
  `deleted` int(11) DEFAULT '0'
) ENGINE=InnoDB DEFAULT CHARSET=latin1;

-- --------------------------------------------------------

--
-- Table structure for table `pegawai`
--

CREATE TABLE `pegawai` (
  `id` int(11) NOT NULL,
  `ultg` int(11) NOT NULL,
  `nama` varchar(255) DEFAULT NULL,
  `nip` varchar(150) DEFAULT NULL,
  `email` text,
  `jabatan` int(11) NOT NULL,
  `sub_ultg` int(11) DEFAULT NULL,
  `createddate` date DEFAULT NULL,
  `createdby` int(11) DEFAULT NULL,
  `updateddate` datetime DEFAULT NULL,
  `updatedby` int(11) DEFAULT NULL,
  `deleted` int(11) DEFAULT '0'
) ENGINE=InnoDB DEFAULT CHARSET=latin1;

--
-- Dumping data for table `pegawai`
--

INSERT INTO `pegawai` (`id`, `ultg`, `nama`, `nip`, `email`, `jabatan`, `sub_ultg`, `createddate`, `createdby`, `updateddate`, `updatedby`, `deleted`) VALUES
(1, 1, 'Dodik Rismawan', '1318033', 'dodikra8@gmail.com', 2, NULL, '2019-08-21', 1, NULL, NULL, 0),
(2, 1, 'Tejo', '1318032', 'tejo@gmail.com', 2, NULL, '2019-08-26', 1, NULL, NULL, 0),
(2291, 2, 'ASAR HANANTO DJIWO', '6383361K3', 'ASAR@PLN.CO.ID', 3, 632, '2019-09-03', 1, NULL, NULL, 0),
(2292, 2, 'KUSNADI A', '6383308J', 'KUSNADI_A@PLN.CO.ID', 4, 632, '2019-09-03', 1, NULL, NULL, 0),
(2293, 2, 'SISWO PURNOMO', '6392021Z', 'SPURNOMO@PLN.CO.ID', 5, 632, '2019-09-03', 1, NULL, NULL, 0),
(2294, 2, 'ASNIL FAUZI', '6393007Z', 'ASNIL.FAUZI@PLN.CO.ID', 6, 632, '2019-09-03', 1, NULL, NULL, 0),
(2295, 2, 'ISKONIK', '6483053JA', 'ISKONIK@PLN.CO.ID', 7, 632, '2019-09-03', 1, NULL, NULL, 0),
(2296, 2, 'DJOKO WARDONO', '6483088JA', 'DJOKOWARDONO@PLN.CO.ID', 8, 632, '2019-09-03', 1, NULL, NULL, 0),
(2297, 2, 'PUJI SULISTRI ISWAHYUDIANTI', '6484074P2B', 'PUDJISULISTRI@PLN.CO.ID', 9, 632, '2019-09-03', 1, NULL, NULL, 0),
(2298, 2, 'MOCH. ILHAM', '6484094P2B', 'ILHAM3@PLN.CO.ID', 10, 632, '2019-09-03', 1, NULL, NULL, 0),
(2299, 2, 'ENJA NURJAYAMAN', '6485080P2B', 'enja.nurjaya@pln.co.id', 11, 632, '2019-09-03', 1, NULL, NULL, 0),
(2300, 2, 'KUSNANTO', '6485192K3', 'KUSNANTO@PLN.CO.ID', 12, 632, '2019-09-03', 1, NULL, NULL, 0),
(2301, 2, 'SUIMAM RUSPANDI', '6487029JA', 'SUIMAM@PLN.CO.ID', 13, 632, '2019-09-03', 1, NULL, NULL, 0),
(2302, 2, 'R. ZISKARNOYO S.', '6494349K3', 'R.ZISKARNOYO@PLN.CO.ID', 14, 632, '2019-09-03', 1, NULL, NULL, 0),
(2303, 2, 'SYAIFUL ANAM', '6584089P2B', 'SYAIFUL.ANAM65@PLN.CO.ID', 15, 632, '2019-09-03', 1, NULL, NULL, 0),
(2304, 2, 'MEIWAN SUPRIYANTO', '6585108JA', 'MEIWAN@PLN.CO.ID', 16, 632, '2019-09-03', 1, NULL, NULL, 0),
(2305, 2, 'AGUS DWI SUSANTO', '6585129JA', 'AGUS2@PLN.CO.ID', 17, 632, '2019-09-03', 1, NULL, NULL, 0),
(2306, 2, 'SUHARTO', '6585385K3', 'Suharto2012@pln.co.id', 18, 632, '2019-09-03', 1, NULL, NULL, 0),
(2307, 2, 'MATIUS EDI SUCIPTO', '6588032JA', 'MATIUS@PLN.CO.ID', 19, 632, '2019-09-03', 1, NULL, NULL, 0),
(2308, 2, 'TAUFIQ DERMAWAN', '6593041Z', 'TAUFIQ2@PLN.CO.ID', 20, 632, '2019-09-03', 1, NULL, NULL, 0),
(2309, 2, 'IRIANTO DWI NUGROHO', '6694079A', 'IRIANTO_DN@PLN.CO.ID', 21, 632, '2019-09-03', 1, NULL, NULL, 0),
(2310, 2, 'MOCHAMMAD IWAN SOETOJO', '6791008Z', 'IWAN2@PLN.CO.ID', 22, 632, '2019-09-03', 1, NULL, NULL, 0),
(2311, 2, 'SUBRONTO', '6792041K3', 'S.BROTO@PLN.CO.ID', 23, 632, '2019-09-03', 1, NULL, NULL, 0),
(2312, 2, 'SAPUAN', '6792306JA', 'SAPUAN@PLN.CO.ID', 24, 632, '2019-09-03', 1, NULL, NULL, 0),
(2313, 2, 'MUCHDAR AMIN', '6792333JA', 'MUCHDAR@PLN.CO.ID', 25, 632, '2019-09-03', 1, NULL, NULL, 0),
(2314, 2, 'PANUT', '6892002JA', 'PANUT@PLN.CO.ID', 26, 632, '2019-09-03', 1, NULL, NULL, 0),
(2315, 2, 'MOHAMAD NURHIDAYAT', '6892158JA', 'NURHIDAYAT@PLN.CO.ID', 27, 632, '2019-09-03', 1, NULL, NULL, 0),
(2316, 2, 'DWI SUGENG PRIHARTONO', '6894026D', 'DWI.SUGENG@PLN.CO.ID', 28, 632, '2019-09-03', 1, NULL, NULL, 0),
(2317, 2, 'WIDYATNO', '6989017JA', 'WIDYATNO@PLN.CO.ID', 29, 632, '2019-09-03', 1, NULL, NULL, 0),
(2318, 2, 'SRI SOEWARTI', '6991097JA', 'SRI.SOEWARTI@PLN.CO.ID', 30, 632, '2019-09-03', 1, NULL, NULL, 0),
(2319, 2, 'SUROSO', '6995065W', 'suroso.tjb@pln.co.id', 31, 632, '2019-09-03', 1, NULL, NULL, 0),
(2320, 2, 'TATA TARMEDI', '7092131JA', 'T.TARMEDI@PLN.CO.ID', 32, 632, '2019-09-03', 1, NULL, NULL, 0),
(2321, 2, 'I MADE SUANTARA', '7092142H', 'SUANTARA.MADE@PLN.CO.ID', 33, 632, '2019-09-03', 1, NULL, NULL, 0),
(2322, 2, 'JOJON BUDIHARTONO', '7191011JA', 'JOJON@PLN.CO.ID', 34, 632, '2019-09-03', 1, NULL, NULL, 0),
(2323, 2, 'BAMBANG ERNOWO', '7191121JA', 'ERNOWO@PLN.CO.ID', 35, 632, '2019-09-03', 1, NULL, NULL, 0),
(2324, 2, 'ADIBROTO', '7192151JA', 'ADIBROTO@PLN.CO.ID', 36, 632, '2019-09-03', 1, NULL, NULL, 0),
(2325, 2, 'K. NG. TEDJO PRASETIJO', '7291085JA', 'TEDJO@PLN.CO.ID', 37, 632, '2019-09-03', 1, NULL, NULL, 0),
(2326, 2, 'RIYANTO SIWISTYKO', '7291115JA', 'RIYANTO2@PLN.CO.ID', 38, 632, '2019-09-03', 1, NULL, NULL, 0),
(2327, 2, 'ERWAN DIANTO', '7292144JA', 'ERWAN@PLN.CO.ID', 39, 632, '2019-09-03', 1, NULL, NULL, 0),
(2328, 2, 'RACHMAT SULISTIYONO', '7295014W', 'rachmat.sulistyono@pln.co.id', 40, 632, '2019-09-03', 1, NULL, NULL, 0),
(2329, 2, 'YAYAT GUNAWAN', '7493495K3', 'YAYAT@PLN.CO.ID', 41, 632, '2019-09-03', 1, NULL, NULL, 0),
(2330, 2, 'ENDYT HERDYAWAN W.', '7493497K3', 'ENDYT@PLN.CO.ID', 42, 632, '2019-09-03', 1, NULL, NULL, 0),
(2331, 2, 'TEGUH WIDODO', '7493498K3', 'TEGUH@PLN.CO.ID', 43, 632, '2019-09-03', 1, NULL, NULL, 0),
(2332, 2, 'ENDAH YULIASTUTI', '7604010P3B', 'ENDAH@PLN.CO.ID', 44, 632, '2019-09-03', 1, NULL, NULL, 0),
(2333, 2, 'TEJO WIHARDIYONO', '7804013P3B', 'TEJO.W@PLN.CO.ID', 45, 632, '2019-09-03', 1, NULL, NULL, 0),
(2334, 2, 'WIDYA ASTUTI', '7806018Z', 'WIDYA.A@PLN.CO.ID', 46, 632, '2019-09-03', 1, NULL, NULL, 0),
(2335, 2, 'HERA SHINTA DELLA', '7806035Z', 'SHINTA@PLN.CO.ID', 47, 632, '2019-09-03', 1, NULL, NULL, 0),
(2336, 2, 'NOVRIZAL ERDIANSYAH', '7904005P3B', 'NOVRIZAL@PLN.CO.ID', 48, 632, '2019-09-03', 1, NULL, NULL, 0),
(2337, 2, 'DIAN SEPTI RAHMANI', '7904009P3B', 'DIAN.SEPTI.R@PLN.CO.ID', 49, 632, '2019-09-03', 1, NULL, NULL, 0),
(2338, 2, 'IHSAN PRABOWO', '7905011P3B', 'IHSAN@PLN.CO.ID', 50, 632, '2019-09-03', 1, NULL, NULL, 0),
(2339, 2, 'KUSUMA WIJAYANTHY', '7906153Z', 'YANTHY@PLN.CO.ID', 51, 632, '2019-09-03', 1, NULL, NULL, 0),
(2340, 2, 'RENY DYAH PUSPITASARI', '7906161Z', 'RENY@PLN.CO.ID', 52, 632, '2019-09-03', 1, NULL, NULL, 0),
(2341, 2, 'ANDHY DHARMA SETYAWAN', '7906497Z', 'ANDHY_DS@PLN.CO.ID', 53, 632, '2019-09-03', 1, NULL, NULL, 0),
(2342, 2, 'VERA YULITA', '7906093Z', 'VERAYULITA@PLN.CO.ID', 54, 632, '2019-09-03', 1, NULL, NULL, 0),
(2343, 2, 'DEWI SETYAHARINI', '7906170Z', 'DEWI.S@PLN.CO.ID', 55, 632, '2019-09-03', 1, NULL, NULL, 0),
(2344, 2, 'SYAIFUDDIN ZUHRI', '8006267Z', 'JEY.ZUHRI@PLN.CO.ID', 56, 632, '2019-09-03', 1, NULL, NULL, 0),
(2345, 2, 'TONAS HADIWIDJAYA', '8006270Z', 'TONAS@PLN.CO.ID', 57, 632, '2019-09-03', 1, NULL, NULL, 0),
(2346, 2, 'ARIF LUKMAN HAKIM', '8006195Z', 'ARIF.HAKIM@PLN.CO.ID', 58, 632, '2019-09-03', 1, NULL, NULL, 0),
(2347, 2, 'MUHAMMAD TAUFIQ', '8106343Z', 'M.TAUFIQ2@PLN.CO.ID', 59, 632, '2019-09-03', 1, NULL, NULL, 0),
(2348, 2, 'AHMAD AZHARI KEMMA', '8106557Z', 'AHMAD.AZHARI@PLN.CO.ID', 60, 632, '2019-09-03', 1, NULL, NULL, 0),
(2349, 2, 'DJUMA\'IYAH', '8106350Z', 'DJUMAIYAH@PLN.CO.ID', 61, 632, '2019-09-03', 1, NULL, NULL, 0),
(2350, 2, 'SUSAN ROLLYANTI', '8108259Z', 'SUSAN@PLN.CO.ID', 9, 632, '2019-09-03', 1, NULL, NULL, 0),
(2351, 2, 'BAGUS SETYAWAN', '8204049P3B', 'BAGUS@PLN.CO.ID', 62, 632, '2019-09-03', 1, NULL, NULL, 0),
(2352, 2, 'SIDIK PRASETYO KUSMIYARSO', '8206608Z', 'SIDIK@PLN.CO.ID', 63, 632, '2019-09-03', 1, NULL, NULL, 0),
(2353, 2, 'FADHLIHA AZHIIMA', '8307231Z', 'Fadhliha.Azhiima2@pln.co.id', 15, 632, '2019-09-03', 1, NULL, NULL, 0),
(2354, 2, 'DIAN FITRI HARMOKO', '8307030P3B', 'MOKO@PLN.CO.ID', 64, 632, '2019-09-03', 1, NULL, NULL, 0),
(2355, 2, 'DENDI SETIA SAMDA', '8307029P3B', 'DENDI@PLN.CO.ID', 65, 632, '2019-09-03', 1, NULL, NULL, 0),
(2356, 2, 'MOCHAMAD FARIS ANDRI ADI', '8309075Z', 'FARIS.ANDRI@PLN.CO.ID', 66, 632, '2019-09-03', 1, NULL, NULL, 0),
(2357, 2, 'ABDUL RO\'UUF', '8406085P3B', 'ROUUF@PLN.CO.ID', 67, 632, '2019-09-03', 1, NULL, NULL, 0),
(2358, 2, 'PUJI TRI HARTANTO', '8408174Z', 'MY_HARTANTO@PLN.CO.ID', 68, 632, '2019-09-03', 1, NULL, NULL, 0),
(2359, 2, 'ADI LAKSONO', '8504046P3B', 'ADI.LAKSONO@PLN.CO.ID', 69, 632, '2019-09-03', 1, NULL, NULL, 0),
(2360, 2, 'NENO WISNU PERDANA', '8508542Z', 'NENO.WISNU@PLN.CO.ID', 70, 632, '2019-09-03', 1, NULL, NULL, 0),
(2361, 2, 'HERI WIBOWO', '8509615Z', 'HERI.WIBOWO2@PLN.CO.ID', 71, 632, '2019-09-03', 1, NULL, NULL, 0),
(2362, 2, 'IRMAYASARI', '8509318Z', 'IRMAYASARI@PLN.CO.ID', 70, 632, '2019-09-03', 1, NULL, NULL, 0),
(2363, 2, 'TAUFAN ADHITYA WIRANTO', '8510399Z', 'TAUFAN.A@PLN.CO.ID', 72, 632, '2019-09-03', 1, NULL, NULL, 0),
(2364, 2, 'DHYEN RESKAWATI SUANNA', '8510315Z', 'DHYEN@PLN.CO.ID', 73, 632, '2019-09-03', 1, NULL, NULL, 0),
(2365, 2, 'EKO PURWANTO', '85111927Z', 'EKOPURWANTO@PLN.CO.ID', 74, 632, '2019-09-03', 1, NULL, NULL, 0),
(2366, 2, 'ARDIMAS RUMANGGAR', '8511236Z', 'DIMAS.ANGGAR@PLN.CO.ID', 75, 632, '2019-09-03', 1, NULL, NULL, 0),
(2367, 2, 'ANA NGESTI MIHARSI', '8511234Z', 'ANA.NGESTI@PLN.CO.ID', 76, 632, '2019-09-03', 1, NULL, NULL, 0),
(2368, 2, 'INDRA KURNIAWAN', '8609349Z', 'INDRA_KURNIAWAN@PLN.CO.ID', 77, 632, '2019-09-03', 1, NULL, NULL, 0),
(2369, 2, 'CHRISTIAN HENRY PHILIPS', '8610126Z', 'PHILIPS@PLN.CO.ID', 78, 632, '2019-09-03', 1, NULL, NULL, 0),
(2370, 2, 'FALLAH MANDIRIANA', '8610623Z', 'FALLAH.MANDIRIANA@PLN.CO.ID', 79, 632, '2019-09-03', 1, NULL, NULL, 0),
(2371, 2, 'PUJIYANTI CATUR NOVITASARI', '8611775Z', 'PUJIYANTI.NOVITASARI@PLN.CO.ID', 80, 632, '2019-09-03', 1, NULL, NULL, 0),
(2372, 2, 'WIWIN INDAH SURYANI', '8611259Z', 'WIWIN.IS@PLN.CO.ID', 81, 632, '2019-09-03', 1, NULL, NULL, 0),
(2373, 2, 'DIAN NOFIANTI', '8611261Z', 'D.NOFIANTI@PLN.CO.ID', 82, 632, '2019-09-03', 1, NULL, NULL, 0),
(2374, 2, 'SITI MUSLIMAH', '8611120Z', 'Siti.Muslimah@pln.co.id', 83, 632, '2019-09-03', 1, NULL, NULL, 0),
(2375, 2, 'DWI RETNO ANGGRAENI', '87101018Z', 'DWI.ANGGRAENI@pln.co.id', 34, 632, '2019-09-03', 1, NULL, NULL, 0),
(2376, 2, 'MELINDA FERIAN FEBRASARI', '87111009Z', 'MELINDA.FERIAN@PLN.CO.ID', 84, 632, '2019-09-03', 1, NULL, NULL, 0),
(2377, 2, 'ALIMMUFADHOL SANI', '87111337Z', 'ALIM.SANI@PLN.CO.ID', 85, 632, '2019-09-03', 1, NULL, NULL, 0),
(2378, 2, 'RIZQI MUHLASIN HANIF', '8711354Z', 'RIZQI.HANIF@PLN.CO.ID', 86, 632, '2019-09-03', 1, NULL, NULL, 0),
(2379, 2, 'SUCIA NINGSIH', '8711320Z', 'sucia.ningsih@pln.co.id', 87, 632, '2019-09-03', 1, NULL, NULL, 0),
(2380, 2, 'GILAR ANGGUNI', '8711155Z', 'GILAR@PLN.CO.ID', 26, 632, '2019-09-03', 1, NULL, NULL, 0),
(2381, 2, 'KRISNIA KEN TANTRI', '8711335Z', 'KRISNIA.K@PLN.CO.ID', 88, 632, '2019-09-03', 1, NULL, NULL, 0),
(2382, 2, 'RIEZQI RIZAL SALASA', '8712322ZY', 'RIEZQI.SALASA@PLN.CO.ID', 89, 632, '2019-09-03', 1, NULL, NULL, 0),
(2383, 2, 'DWI SUGIARTO', '8808243P3B', 'DWIS@PLN.CO.ID', 90, 632, '2019-09-03', 1, NULL, NULL, 0),
(2384, 2, 'ARI KRISWANTO', '8808290P3B', 'A_KRISWANTO@PLN.CO.ID', 91, 632, '2019-09-03', 1, NULL, NULL, 0),
(2385, 2, 'ISNIN CHOIRIYAH', '88111115Z', 'ISNIN.CHOIRIYAH@PLN.CO.ID', 92, 632, '2019-09-03', 1, NULL, NULL, 0),
(2386, 2, 'PURI WIJAYANTI', '8811375Z', 'PURI.WIJAYANTI@PLN.CO.ID', 34, 632, '2019-09-03', 1, NULL, NULL, 0),
(2387, 2, 'SETYA ARIANI', '88111124Z', 'SETYA.ARIANI@PLN.CO.ID', 93, 632, '2019-09-03', 1, NULL, NULL, 0),
(2388, 2, 'TANTRI RAMYA', '8815020ZY', 'T.RAMYA@PLN.CO.ID', 94, 632, '2019-09-03', 1, NULL, NULL, 0),
(2389, 2, 'AGUS SUMARDIYANTO', '88151093ZY', 'A.SUMARDIYANTO@PLN.CO.ID', 95, 632, '2019-09-03', 1, NULL, NULL, 0),
(2390, 2, 'SATRIYA DANU WIJAYA', '89111643Z', 'DANU.WIJAYA@PLN.CO.ID', 96, 632, '2019-09-03', 1, NULL, NULL, 0),
(2391, 2, 'IMAM HANAFI', '89151099ZY', 'I.HANAFI@PLN.CO.ID', 97, 632, '2019-09-03', 1, NULL, NULL, 0),
(2392, 2, 'DWI WAHYU PANGESTUTI', '8916013ZY', 'DWI.WP@PLN.CO.ID', 76, 632, '2019-09-03', 1, NULL, NULL, 0),
(2393, 2, 'DANIEL BIMBINGAN L.', '8916024ZY', 'DANIEL.B@PLN.CO.ID', 98, 632, '2019-09-03', 1, NULL, NULL, 0),
(2394, 2, 'NURYANTI LATIFAH HANUM', '9015108ZY', 'NURYANTI.HANUM@PLN.CO.ID', 99, 632, '2019-09-03', 1, NULL, NULL, 0),
(2395, 2, 'HERMANTO SIBAGARIANG', '9016048ZY', 'HERMANTO.S@PLN.CO.ID', 81, 632, '2019-09-03', 1, NULL, NULL, 0),
(2396, 2, 'PRIMA DIAN PERMATASARI', '9016075ZY', 'PRIMA.DP@PLN.CO.ID', 100, 632, '2019-09-03', 1, NULL, NULL, 0),
(2397, 2, 'HADI KUSUMA NINGRAT', '90162960ZY', 'HADI.KUSUMANINGRAT@PLN.CO.ID', 101, 632, '2019-09-03', 1, NULL, NULL, 0),
(2398, 2, 'KRISTINA INDAH KUSUMAWATIE', '9115124ZY', 'KRISTINA.INDAH@PLN.CO.ID', 102, 632, '2019-09-03', 1, NULL, NULL, 0),
(2399, 2, 'RIZKY SYAHPUTRA', '91151486ZY', 'RIZKY.SYAH@PLN.CO.ID', 103, 632, '2019-09-03', 1, NULL, NULL, 0),
(2400, 2, 'SEPTIYAN HIDAYAT', '91151498ZY', 'SEPTIYAN.HIDAYAT@PLN.CO.ID', 104, 632, '2019-09-03', 1, NULL, NULL, 0),
(2401, 2, 'ELISA PERMATA SARI', '9116094ZY', 'ELISA.PS@PLN.CO.ID', 105, 632, '2019-09-03', 1, NULL, NULL, 0),
(2402, 2, 'ADI FRANATA HATUAON SITANGGANG', '9116101ZY', 'ADIFRANATA@PLN.CO.ID', 106, 632, '2019-09-03', 1, NULL, NULL, 0),
(2403, 2, 'BARKAH ZUHDI BARDANI', '91161242ZY', 'BARKAH.BARDANI@PLN.CO.ID', 107, 632, '2019-09-03', 1, NULL, NULL, 0),
(2404, 2, 'REDO ARIAN SAPUTRA', '91171894ZY', 'REDO.SAPUTRA@PLN.CO.ID', 101, 632, '2019-09-03', 1, NULL, NULL, 0),
(2405, 2, 'DIWYASTRA NANDIWARDHANA', '9119330ZY', 'D.NANDIWARDHANA@PLN.CO.ID', 100, 632, '2019-09-03', 1, NULL, NULL, 0),
(2406, 2, 'MUHILWAN WARIS', '92151187ZY', 'MUHILWAN@PLN.CO.ID', 108, 632, '2019-09-03', 1, NULL, NULL, 0),
(2407, 2, 'DANU DWI PRASETYO', '92151542ZY', 'DD.PRASETYO@PLN.CO.ID', 109, 632, '2019-09-03', 1, NULL, NULL, 0),
(2408, 2, 'MUHAMMAD TAUFIK', '92151517ZY', 'MUH.TAUFIK@PLN.CO.ID', 110, 632, '2019-09-03', 1, NULL, NULL, 0),
(2409, 2, 'FERI FEBRIANDI', '9216196ZY', 'FERI.F@PLN.CO.ID', 98, 632, '2019-09-03', 1, NULL, NULL, 0),
(2410, 2, 'ADIYATMA GHAZIAN PRATAMA', '9216199ZY', 'ADIYATMA@PLN.CO.ID', 111, 632, '2019-09-03', 1, NULL, NULL, 0),
(2411, 2, 'RACHEL IMMANUELLA SILABAN', '92161340ZY', 'RACHEL.SILABAN@PLN.CO.ID', 112, 632, '2019-09-03', 1, NULL, NULL, 0),
(2412, 2, 'SANDY FERNANDO', '92161825ZY', 'SANDY.FERNANDO@PLN.CO.ID', 113, 632, '2019-09-03', 1, NULL, NULL, 0),
(2413, 2, 'BAYU TRI NUGROHO', '9217537ZY', 'BAYU.TRINUGROHO@PLN.CO.ID', 112, 632, '2019-09-03', 1, NULL, NULL, 0),
(2414, 2, 'MAUDITA ALTERESTI', '9217538ZY', 'MAUDITA.ALTERESTI@PLN.CO.ID', 114, 632, '2019-09-03', 1, NULL, NULL, 0),
(2415, 2, 'TOBIAS RIZKI SAMUEL', '92171164ZY', 'TOBIAS.SAMUEL@PLN.CO.ID', 40, 632, '2019-09-03', 1, NULL, NULL, 0),
(2416, 2, 'SARRAH ANNISA MUHAJIRIN', '92171895ZY', 'SARRAH.MUHAJIRIN@PLN.CO.ID', 79, 632, '2019-09-03', 1, NULL, NULL, 0),
(2417, 2, 'MUTIARA FATKHUL NURDINA', '93151318ZY', 'MUTIARA.FN@PLN.CO.ID', 103, 632, '2019-09-03', 1, NULL, NULL, 0),
(2418, 2, 'DIO AGATHA SEPTIYAN', '93151369ZY', 'DIO.AS@PLN.CO.ID', 110, 632, '2019-09-03', 1, NULL, NULL, 0),
(2419, 2, 'BAYU UMARA', '93151602ZY', 'BAYU.UMARA@PLN.CO.ID', 103, 632, '2019-09-03', 1, NULL, NULL, 0),
(2420, 2, 'MOHAMAD RAUDY HIDAYAT', '93151593ZY', 'M.RAUDY@PLN.CO.ID', 115, 632, '2019-09-03', 1, NULL, NULL, 0),
(2421, 2, 'MUHAMMAD SYARIF', '93151599ZY', 'MUH.SYARIF@PLN.CO.ID', 116, 632, '2019-09-03', 1, NULL, NULL, 0),
(2422, 2, 'JAWI KUSWANTO', '9316286ZY', 'JAWI@PLN.CO.ID', 105, 632, '2019-09-03', 1, NULL, NULL, 0),
(2423, 2, 'SILVIA', '9316722ZY', 'SILVIA.93@PLN.CO.ID', 117, 632, '2019-09-03', 1, NULL, NULL, 0),
(2424, 2, 'DEWI SANASTRI VIENADICI', '93161452ZY', 'DEWI.VIENADICI@PLN.CO.ID', 118, 632, '2019-09-03', 1, NULL, NULL, 0),
(2425, 2, 'PRETTY YUNIARTI ELISABETH SIPAYUNG', '93163737ZY', 'PRETTY.SIPAYUNG@PLN.CO.ID', 119, 632, '2019-09-03', 1, NULL, NULL, 0),
(2426, 2, 'LAURA GLADYA GLENDAMORA', '93171897ZY', 'LAURA.GLENDAMORA@PLN.CO.ID', 34, 632, '2019-09-03', 1, NULL, NULL, 0),
(2427, 2, 'NOVIANA WAHYU BASUKI', '9319526ZY', 'NOVIANA.BASUKI@PLN.CO.ID', 99, 632, '2019-09-03', 1, NULL, NULL, 0),
(2428, 2, 'MHD ALBAR BAIQUNI', '9416733ZY', 'MHD@PLN.CO.ID', 120, 632, '2019-09-03', 1, NULL, NULL, 0),
(2429, 2, 'SENNA PUGER', '94161711ZY', 'SENNA.PUGER@PLN.CO.ID', 120, 632, '2019-09-03', 1, NULL, NULL, 0),
(2430, 2, 'RACHMAT YOGA TRIANTO', '94162077ZY', 'RACHMAT.TRIANTO@PLN.CO.ID', 107, 632, '2019-09-03', 1, NULL, NULL, 0),
(2431, 2, 'HANDY PANGESTU', '94162174ZY', 'HANDY.PANGESTU@PLN.CO.ID', 110, 632, '2019-09-03', 1, NULL, NULL, 0),
(2432, 2, 'SRI WULANDARI', '94163414ZY', 'S.WULANDARI@PLN.CO.ID', 121, 632, '2019-09-03', 1, NULL, NULL, 0),
(2433, 2, 'MUHAMMAD FAUZI SURYAATMAJA', '9417546ZY', 'FAUZI.SURYAATMAJA@PLN.CO.ID', 110, 632, '2019-09-03', 1, NULL, NULL, 0),
(2434, 2, 'BRAMASTA RAGA SIWI', '94171168ZY', 'BRAMASTA.SIWI@PLN.CO.ID', 40, 632, '2019-09-03', 1, NULL, NULL, 0),
(2435, 2, 'NURSAKINAH', '94171898ZY', 'NURSAKINAH.SAKIN@PLN.CO.ID', 70, 632, '2019-09-03', 1, NULL, NULL, 0),
(2436, 2, 'HARRY PUTRA PUJANGGA', '94171902ZY', 'HARRY.PUJANGGA@PLN.CO.ID', 118, 632, '2019-09-03', 1, NULL, NULL, 0),
(2437, 2, 'ARGA WIDYARTA', '9514037P3Y', 'ARGA.W@PLN.CO.ID', 122, 632, '2019-09-03', 1, NULL, NULL, 0),
(2438, 2, 'AHMAD FADIL', '95151610ZY', 'AHMAD.FADIL@PLN.CO.ID', 123, 632, '2019-09-03', 1, NULL, NULL, 0),
(2439, 2, 'YUNITA MUSTIKAWATI', '9516013TCY', 'YUNITA.MUSTIKAWATI@PLN.CO.ID', 124, 632, '2019-09-03', 1, NULL, NULL, 0),
(2440, 2, 'MAGHFIRATUL QOLBIYAH', '9516752ZY', 'MAGHFIRATUL@PLN.CO.ID', 90, 632, '2019-09-03', 1, NULL, NULL, 0),
(2441, 2, 'REGINA YUSTISIA ARIFIN', '95162253ZY', 'REGINA.YUSTISIA@PLN.CO.ID', 125, 632, '2019-09-03', 1, NULL, NULL, 0),
(2442, 2, 'ADRYAN FAHRI ZUL FAUZI', '9517556ZY', 'ADRYAN.FAUZI@PLN.CO.ID', 106, 632, '2019-09-03', 1, NULL, NULL, 0),
(2443, 2, 'WIDI FERDIAN RISKIANTO', '95171173ZY', 'WIDI.RISKIANTO@PLN.CO.ID', 40, 632, '2019-09-03', 1, NULL, NULL, 0),
(2444, 2, 'ROFIQ ADYATAMA', '9518436ZY', 'ROFIQ.ADYATAMA@PLN.CO.ID', 126, 632, '2019-09-03', 1, NULL, NULL, 0),
(2445, 2, 'NAUFAL PRASTYANA', '9519342ZY', 'NAUFAL.PRASTIYANA@PLN.CO.ID', 127, 632, '2019-09-03', 1, NULL, NULL, 0),
(2446, 2, 'REMINI TRI SILVIA SIBATUARA', '9519530ZY', 'REMINI.SIBATUARA@PLN.CO.ID', 128, 632, '2019-09-03', 1, NULL, NULL, 0),
(2447, 2, 'AHMAD RIZA AFIFUDIN', '9616008TCY', 'AHMADRIZA.AFIFUDIN@PLN.CO.ID', 129, 632, '2019-09-03', 1, NULL, NULL, 0),
(2448, 2, 'AKHMAD FIRDAUS ASMIS', '9616009TCY', 'AKHMAD.ASMIS@PLN.CO.ID', 117, 632, '2019-09-03', 1, NULL, NULL, 0),
(2449, 2, 'BELLA ALLUL LIMA YURI AMALIA', '9616014TCY', 'BELLA.AMALIA@PLN.CO.ID', 117, 632, '2019-09-03', 1, NULL, NULL, 0),
(2450, 2, 'I MADE DWI SAPUTRA KUSUMA', '9616028TCY', 'MADE.KUSUMA@PLN.CO.ID', 130, 632, '2019-09-03', 1, NULL, NULL, 0),
(2451, 2, 'KRISTIANA', '96171905ZY', 'KRISTIANA.KRISTIANA@PLN.CO.ID', 121, 632, '2019-09-03', 1, NULL, NULL, 0),
(2452, 2, 'LUTFI JULI NUR FITASARI', '9617092TCY', 'LUTFI.NURFITASARI@PLN.CO.ID', 115, 632, '2019-09-03', 1, NULL, NULL, 0),
(2453, 2, 'YULFIANTI DENNA SAPUTRI', '9619536ZY', 'YULFIANTI.SAPUTRI@PLN.CO.ID', 131, 632, '2019-09-03', 1, NULL, NULL, 0),
(2454, 2, 'IRMA MEGAWATI', '9716012TCY', 'IRMA.MEGAWATI@PLN.CO.ID', 129, 632, '2019-09-03', 1, NULL, NULL, 0),
(2455, 2, 'WIWIN NOVITA', '9716037TCY', 'WIWIN.NOVITA@PLN.CO.ID', 132, 632, '2019-09-03', 1, NULL, NULL, 0),
(2456, 2, 'DARMAWAN APRIANTO', '9717087TCY', 'DARMAWAN.APRIANTO@PLN.CO.ID', 121, 632, '2019-09-03', 1, NULL, NULL, 0),
(2457, 2, 'SISKA SATRIA NINGSIH', '9717089TCY', 'SISKA.NINGSIH@PLN.CO.ID', 133, 632, '2019-09-03', 1, NULL, NULL, 0),
(2458, 2, 'ERNOVAL WIRA PRASASTA', '9717090TCY', 'ERNOVAL.PRASASTA@PLN.CO.ID', 129, 632, '2019-09-03', 1, NULL, NULL, 0),
(2459, 2, 'KHUSNIAH ENGGARWATI', '9816001TCY', 'KHUSNIAH.ENGGARWATI@PLN.CO.ID', 133, 632, '2019-09-03', 1, NULL, NULL, 0),
(2460, 2, 'DIFARIEL YUNISAF AUDIKA', '9817086TCY', 'DIFARIEL.AUDIKA@PLN.CO.ID', 124, 632, '2019-09-03', 1, NULL, NULL, 0),
(2461, 2, 'KINANTI IZZAH NURLIANA', '9817088TCY', 'KINANTI.NURLIANA@PLN.CO.ID', 122, 632, '2019-09-03', 1, NULL, NULL, 0),
(2462, 2, 'DHARMAWAN WICAKSONO', '9817091TCY', 'DHARMAWAN.WICAKSONO@PLN.CO.ID', 134, 632, '2019-09-03', 1, NULL, NULL, 0),
(2463, 3, 'I WAYAN ANTIKA', '6489002JA', 'WAYAN.ANTIKA@PLN.CO.ID', 135, 633, '2019-09-03', 1, NULL, NULL, 0),
(2464, 3, 'I MADE GERIYA SUARDANA', '6689006JA', 'MADE.GERIYA@PLN.CO.ID', 135, 633, '2019-09-03', 1, NULL, NULL, 0),
(2465, 3, 'I GUSTI NYOMAN SUKANAYA', '6789007JA', 'GUSTI.SUKANAYA@PLN.CO.ID', 136, 633, '2019-09-03', 1, NULL, NULL, 0),
(2466, 3, 'I MADE SUARTA', '6789009JA', 'MADE.SUARTA@PLN.CO.ID', 137, 633, '2019-09-03', 1, NULL, NULL, 0),
(2467, 3, 'I WAYAN TURUN ADI PRETAMA', '6792014H', 'WAYAN.PRETAMA@PLN.CO.ID', 136, 633, '2019-09-03', 1, NULL, NULL, 0),
(2468, 3, 'BUDI SUNIAPATI', '6888051JA', 'SUNIAPATI@PLN.CO.ID', 138, 633, '2019-09-03', 1, NULL, NULL, 0),
(2469, 3, 'I WAYAN WANDRA', '6889012JA', 'WANDRA@PLN.CO.ID', 136, 633, '2019-09-03', 1, NULL, NULL, 0),
(2470, 3, 'I NYOMAN SUMERTA', '6889013JA', 'NYOMAN.SUMERTA@PLN.CO.ID', 139, 633, '2019-09-03', 1, NULL, NULL, 0),
(2471, 3, 'I MADE RUDITA', '7092300JA', 'MADE.RUDITA@PLN.CO.ID', 140, 633, '2019-09-03', 1, NULL, NULL, 0),
(2472, 3, 'ISWANTO', '7293266JA', 'ISWANTO@PLN.CO.ID', 141, 633, '2019-09-03', 1, NULL, NULL, 0),
(2473, 3, 'I GEDE SUDIARSA', '7392261JA', 'GDE.SUDIARSA@PLN.CO.ID', 142, 633, '2019-09-03', 1, NULL, NULL, 0),
(2474, 3, 'I MADE SUKARTA', '7392286JA', 'MADE.SUKARTA@PLN.CO.ID', 143, 633, '2019-09-03', 1, NULL, NULL, 0),
(2475, 3, 'I GST NGR AG GANDI ANTARA', '7392288JA', 'GANDI.ANTARA@PLN.CO.ID', 144, 633, '2019-09-03', 1, NULL, NULL, 0),
(2476, 3, 'I WAYAN RAKA ARDIKA', '7392291JA', 'WAYAN.R.ARDIKA@PLN.CO.ID', 145, 633, '2019-09-03', 1, NULL, NULL, 0),
(2477, 3, 'I MADE SUDASTRA', '7492273JA', 'MADE.SUDASTRA@PLN.CO.ID', 136, 633, '2019-09-03', 1, NULL, NULL, 0),
(2478, 3, 'I NYOMAN SUDIANA', '7492290JA', 'NYOMAN.SUDIANA@PLN.CO.ID', 146, 633, '2019-09-03', 1, NULL, NULL, 0),
(2479, 3, 'I GUSTI NGURAH AGUNG SUTRISNA DWI PUTRA', '8408001H', 'SUTRISNA.DWI@PLN.CO.ID', 147, 633, '2019-09-03', 1, NULL, NULL, 0),
(2480, 3, 'ZAINUL FAHRUDIN', '8608342P3B', 'FAHRUDIN@PLN.CO.ID', 148, 633, '2019-09-03', 1, NULL, NULL, 0),
(2481, 3, 'GUSTI RENGGA FIRDIANSYAH', '8709196P3B', 'RENGGA@PLN.CO.ID', 149, 633, '2019-09-03', 1, NULL, NULL, 0),
(2482, 3, 'MAY NENDRA PRIYANTO', '8808334P3B', 'MAY@PLN.CO.ID', 150, 633, '2019-09-03', 1, NULL, NULL, 0),
(2483, 3, 'ANAS ADI PUTRA', '8808344P3B', 'ADIPUTRA@PLN.CO.ID', 151, 633, '2019-09-03', 1, NULL, NULL, 0),
(2484, 3, 'I GEDE SUDA ADNYANA', '8908335P3B', 'ADNYANA2@PLN.CO.ID', 152, 633, '2019-09-03', 1, NULL, NULL, 0),
(2485, 3, 'I PUTU AGUS EDI PRAMANA', '8908339P3B', 'E_PRAMANA@PLN.CO.ID', 153, 633, '2019-09-03', 1, NULL, NULL, 0),
(2486, 3, 'I DEWA GEDE WISNU AGUNG BAYUNA', '8908340P3B', 'BAYUNA@PLN.CO.ID', 154, 633, '2019-09-03', 1, NULL, NULL, 0),
(2487, 3, 'I WAYAN MURTANA', '89111678Z', 'MURTANA.WAYAN@PLN.CO.ID', 155, 633, '2019-09-03', 1, NULL, NULL, 0),
(2488, 3, 'AFIK AINUL YAQIN', '9214746ZY', 'AFIK.AINUL@PLN.CO.ID', 156, 633, '2019-09-03', 1, NULL, NULL, 0),
(2489, 3, 'I MADE SUWIDIANA', '9217169ZY', 'I.SUWIDIANA@PLN.CO.ID', 157, 633, '2019-09-03', 1, NULL, NULL, 0),
(2490, 3, 'HAIDAR FATA', '93151601ZY', 'HAIDAR.FATA@PLN.CO.ID', 157, 633, '2019-09-03', 1, NULL, NULL, 0),
(2491, 3, 'LUCKY SANDY OCKTAVIA', '93161519ZY', 'LUCKY.SANDY@PLN.CO.ID', 158, 633, '2019-09-03', 1, NULL, NULL, 0),
(2492, 3, 'FAHMI MUHAMMAD', '93174007ZY', 'FAHMI.MUHAMMAD@PLN.CO.ID', 159, 633, '2019-09-03', 1, NULL, NULL, 0),
(2493, 3, 'JUNIAR FIRDAUS ABADI', '9414012P3Y', 'JUNIAR@PLN.CO.ID', 160, 633, '2019-09-03', 1, NULL, NULL, 0),
(2494, 3, 'RISANG AJI FAHREZA', '9414027P3Y', 'RISANG@PLN.CO.ID', 161, 633, '2019-09-03', 1, NULL, NULL, 0),
(2495, 3, 'ARU MANDALA MS', '9417544ZY', 'ARU.MS@PLN.CO.ID', 136, 633, '2019-09-03', 1, NULL, NULL, 0),
(2496, 3, 'PRAYOGA ARDIYANSYAH', '9616041TCY', 'PRAYOGA.ARDIYANSYAH@PLN.CO.ID', 162, 633, '2019-09-03', 1, NULL, NULL, 0),
(2497, 3, 'SINUNG ABI RACHMAN', '9618877ZY', 'SINUNG.RACHMAN@PLN.CO.ID', 163, 633, '2019-09-03', 1, NULL, NULL, 0),
(2498, 3, 'RENDRA PRAMUDYA PRATIKNO', '9618879ZY', 'RENDRA.PRATIKNO@PLN.CO.ID', 164, 633, '2019-09-03', 1, NULL, NULL, 0),
(2499, 3, 'ABDUL GANI WIRANATA', '9716001TCY', 'ABDUL.WIRANATA@PLN.CO.ID', 165, 633, '2019-09-03', 1, NULL, NULL, 0),
(2500, 3, 'DIKA ARIF ZAIMUDDIN', '9716006TCY', 'DIKA.ZAIMUDDIN@PLN.CO.ID', 166, 633, '2019-09-03', 1, NULL, NULL, 0),
(2501, 3, 'NAVAL RUDIYANTO', '9716025TCY', 'NAVAL.RUDIYANTO@PLN.CO.ID', 167, 633, '2019-09-03', 1, NULL, NULL, 0),
(2502, 3, 'YANUAR ARDIANSYAH', '9716038TCY', 'YANUAR.ARDIANSYAH@PLN.CO.ID', 162, 633, '2019-09-03', 1, NULL, NULL, 0),
(2503, 3, 'DIDI SURYADI', '9817003TCY', 'DIDI.SURYADI@PLN.CO.ID', 168, 633, '2019-09-03', 1, NULL, NULL, 0),
(2504, 3, 'RIZZA EKA PUTRA RAMADHAN', '9817008TCY', 'RIZZA.RAMADHAN@PLN.CO.ID', 169, 633, '2019-09-03', 1, NULL, NULL, 0),
(2505, 3, 'HANAFI', '6889014JA', 'HANAFI3@PLN.CO.ID', 135, 634, '2019-09-03', 1, NULL, NULL, 0),
(2506, 3, 'ANDI SULISTIJAWAN', '6891145JA', 'A.SULISTIJAWAN@PLN.CO.ID', 170, 634, '2019-09-03', 1, NULL, NULL, 0),
(2507, 3, 'HARIYADI', '6892295JA', 'HARIYADI2@PLN.CO.ID', 171, 634, '2019-09-03', 1, NULL, NULL, 0),
(2508, 3, 'I KETUT SUPARTA', '7092298JA', 'IK.SUPARTA@PLN.CO.ID', 172, 634, '2019-09-03', 1, NULL, NULL, 0),
(2509, 3, 'I MADE PUTRA ARSANA', '7392275JA', 'PUTRA.ARSANA@PLN.CO.ID', 173, 634, '2019-09-03', 1, NULL, NULL, 0),
(2510, 3, 'I NENGAH ARNAWA', '7392282JA', 'NENGAH.ARNAWA@PLN.CO.ID', 174, 634, '2019-09-03', 1, NULL, NULL, 0),
(2511, 3, 'I NYOMAN SUKAARIANTO', '7392299JA', 'SUKAARIANTO@PLN.CO.ID', 175, 634, '2019-09-03', 1, NULL, NULL, 0),
(2512, 3, 'SUWARSO', '7393267JA', 'SUWARSO@PLN.CO.ID', 170, 634, '2019-09-03', 1, NULL, NULL, 0),
(2513, 3, 'WIDODO', '7393271JA', 'WIDODO73@PLN.CO.ID', 142, 634, '2019-09-03', 1, NULL, NULL, 0),
(2514, 3, 'WAWAN SEPTIYANTO', '8206091P3B', 'SEPTIYANTONO@PLN.CO.ID', 176, 634, '2019-09-03', 1, NULL, NULL, 0),
(2515, 3, 'NYOMAN SUKEDANA', '8307036P3B', 'SUKEDANA@PLN.CO.ID', 177, 634, '2019-09-03', 1, NULL, NULL, 0),
(2516, 3, 'NURHOLIS', '8609197P3B', 'NURHOLIS@PLN.CO.ID', 152, 634, '2019-09-03', 1, NULL, NULL, 0),
(2517, 3, 'I GEDE RAKA JONI', '8708338P3B', 'RAKAJONI@PLN.CO.ID', 178, 634, '2019-09-03', 1, NULL, NULL, 0),
(2518, 3, 'GUSTI AGUNG PUTU JONIARTA', '8808333P3B', 'JONIARTA@PLN.CO.ID', 179, 634, '2019-09-03', 1, NULL, NULL, 0),
(2519, 3, 'PANDE GEDE AJI SENA', '8808337P3B', 'AJISENA@PLN.CO.ID', 180, 634, '2019-09-03', 1, NULL, NULL, 0),
(2520, 3, 'HENDI DANAR PRASETYO', '8808343P3B', 'DANAR@PLN.CO.ID', 181, 634, '2019-09-03', 1, NULL, NULL, 0),
(2521, 3, 'ADI SUHENDRO', '8808346P3B', 'A_SUHENDRO@PLN.CO.ID', 149, 634, '2019-09-03', 1, NULL, NULL, 0),
(2522, 3, 'FATHURROHMAN', '8815006ZY', 'FATHURROHMAN@PLN.CO.ID', 135, 634, '2019-09-03', 1, NULL, NULL, 0),
(2523, 3, 'PANDE MADE AGUS UPADANA', '8815665ZY', 'PANDE.MADE@PLN.CO.ID', 150, 634, '2019-09-03', 1, NULL, NULL, 0),
(2524, 3, 'ROHMAN ALIVY', '9109200P3B', 'ALIVY@PLN.CO.ID', 159, 634, '2019-09-03', 1, NULL, NULL, 0),
(2525, 3, 'I PUTU HENDERA WAHYUDI', '91171163ZY', 'IPUTU.WAHYUDI@PLN.CO.ID', 135, 634, '2019-09-03', 1, NULL, NULL, 0),
(2526, 3, 'KURNIA WIDHI PRASETYO', '9214757ZY', 'K.WIDHI@PLN.CO.ID', 156, 634, '2019-09-03', 1, NULL, NULL, 0),
(2527, 3, 'TRIYONO NURHIDAYAT', '9413020P3Y', 'TRIYONO.NUR@PLN.CO.ID', 182, 634, '2019-09-03', 1, NULL, NULL, 0),
(2528, 3, 'NGESTI BAYU SATRIO ANGGODO', '9516009TCY', 'NGESTI.ANGGODO@PLN.CO.ID', 183, 634, '2019-09-03', 1, NULL, NULL, 0),
(2529, 3, 'NI LUH PUTU ANDREA MAURILLA SARASVANYA', '95171169ZY', 'NI.SARASVANYA@PLN.CO.ID', 184, 634, '2019-09-03', 1, NULL, NULL, 0),
(2530, 3, 'DICKY KEMAL REINALDY EL HUSYAINI', '9518127ZY', 'DICKY.HUSYAINI@PLN.CO.ID', 156, 634, '2019-09-03', 1, NULL, NULL, 0),
(2531, 3, 'AHMAD NUR FAUZI', '9616007TCY', 'AHMADNUR.FAUZI@PLN.CO.ID', 185, 634, '2019-09-03', 1, NULL, NULL, 0),
(2532, 3, 'DAVY ADITYA RAHARJO', '9616017TCY', 'DAVY.RAHARJO@PLN.CO.ID', 186, 634, '2019-09-03', 1, NULL, NULL, 0),
(2533, 3, 'ROZY HARIYANTO', '9616046TCY', 'ROZY.HARIYANTO@PLN.CO.ID', 182, 634, '2019-09-03', 1, NULL, NULL, 0),
(2534, 3, 'FIRDAUS RAMADHAN', '9617004TCY', 'FIRDAUS.RAMADHAN@PLN.CO.ID', 187, 634, '2019-09-03', 1, NULL, NULL, 0),
(2535, 3, 'RICHO ADE MARTA', '9617006TCY', 'RICHO.MARTA@PLN.CO.ID', 188, 634, '2019-09-03', 1, NULL, NULL, 0),
(2536, 3, 'YUDHA ARIVIANTO', '9617007TCY', 'YUDHA.ARIVIANTO@PLN.CO.ID', 189, 634, '2019-09-03', 1, NULL, NULL, 0),
(2537, 3, 'WAHYU AJI PRATAMA', '9618875ZY', 'WAHYU.APRATAMA@PLN.CO.ID', 163, 634, '2019-09-03', 1, NULL, NULL, 0),
(2538, 3, 'PUTRI KUSUMA ANUGRAH', '9618881ZY', 'PUTRI.ANUGRAH@PLN.CO.ID', 164, 634, '2019-09-03', 1, NULL, NULL, 0),
(2539, 3, 'MALIK ABDUL AZIZ', '9716016TCY', 'MALIK.AZIZ@PLN.CO.ID', 187, 634, '2019-09-03', 1, NULL, NULL, 0),
(2540, 3, 'MAULANA ISKANDAR ZULQURNAIN', '9716017TCY', 'MAULANA.ZULQARNAIN@PLN.CO.ID', 190, 634, '2019-09-03', 1, NULL, NULL, 0),
(2541, 3, 'BAGAS RAYFANDANI MAHENDRA', '9717002TCY', 'BAGAS.MAHENDRA@PLN.CO.ID', 182, 634, '2019-09-03', 1, NULL, NULL, 0),
(2542, 3, 'ZAIDAN AZMI ILTIZAM', '9816003TCY', 'ZAIDAN.ILTIZAM@PLN.CO.ID', 191, 634, '2019-09-03', 1, NULL, NULL, 0),
(2543, 3, 'GREGORIUS RIO VIANNEY', '9817005TCY', 'GREGORIUS.VIANNEY@PLN.CO.ID', 192, 634, '2019-09-03', 1, NULL, NULL, 0),
(2544, 3, 'I GUSTI MADE PUTRA ARYADI', '6588042JA', 'MADEPUTRA@PLN.CO.ID', 193, 635, '2019-09-03', 1, NULL, NULL, 0),
(2545, 3, 'I GEDE BAGUS NYOMAN SURYANA', '6589004JA', 'NYOMAN.SURYANA@PLN.CO.ID', 194, 635, '2019-09-03', 1, NULL, NULL, 0),
(2546, 3, 'MOHAMAD DAWAM', '6591144JA', 'DAWAM@PLN.CO.ID', 195, 635, '2019-09-03', 1, NULL, NULL, 0),
(2547, 3, 'I MADE ATA', '6593007H', 'MADE.ATA@PLN.CO.ID', 196, 635, '2019-09-03', 1, NULL, NULL, 0),
(2548, 3, 'I GUSTI AYU PUTU SUMARTINI', '6690014H', 'SUMARTINI@PLN.CO.ID', 193, 635, '2019-09-03', 1, NULL, NULL, 0),
(2549, 3, 'I WAYAN SUGIARTA', '6788046JA', 'W.SUGIARTA@PLN.CO.ID', 194, 635, '2019-09-03', 1, NULL, NULL, 0),
(2550, 3, 'I MADE SUJAYA', '6788047JA', 'MADE.SUJAYA@PLN.CO.ID', 194, 635, '2019-09-03', 1, NULL, NULL, 0),
(2551, 3, 'I KETUT WIRA SUKARWA', '6789010JA', 'SUKARWA@PLN.CO.ID', 197, 635, '2019-09-03', 1, NULL, NULL, 0),
(2552, 3, 'JOKO PRIHANTO', '6789011JA', 'JOKO.PRIHANTO@PLN.CO.ID', 198, 635, '2019-09-03', 1, NULL, NULL, 0),
(2553, 3, 'DWI MARSUDI', '6789201H', 'DWIMARSUDI@PLN.CO.ID', 199, 635, '2019-09-03', 1, NULL, NULL, 0),
(2554, 3, 'IYAN SURYANA', '6791068H', 'IYANSURYANA@PLN.CO.ID', 102, 635, '2019-09-03', 1, NULL, NULL, 0),
(2555, 3, 'HADI YULIANTO', '6888039JA', 'HD.YULIANTO@PLN.CO.ID', 194, 635, '2019-09-03', 1, NULL, NULL, 0),
(2556, 3, 'I WAYAN SUMANTRA', '6889208H', 'WAYAN.SUMANTRA@PLN.CO.ID', 194, 635, '2019-09-03', 1, NULL, NULL, 0),
(2557, 3, 'TRI DJOKO WAHJONO NURBINGAH', '6988052JA', 'TRIDJOKO@PLN.CO.ID', 197, 635, '2019-09-03', 1, NULL, NULL, 0),
(2558, 3, 'HARYATI', '6989213H', 'HARYATI3@PLN.CO.ID', 194, 635, '2019-09-03', 1, NULL, NULL, 0),
(2559, 3, 'I GUSTI NGURAH RAI PRAMANA', '6990045H', 'RAIPRAMANA@PLN.CO.ID', 194, 635, '2019-09-03', 1, NULL, NULL, 0),
(2560, 3, 'I WAYAN SUMA', '6994181K3', 'SUMA@PLN.CO.ID', 194, 635, '2019-09-03', 1, NULL, NULL, 0),
(2561, 3, 'I MADE SUDARSANA', '7092296JA', 'MADE.SUDARSANA@PLN.CO.ID', 200, 635, '2019-09-03', 1, NULL, NULL, 0),
(2562, 3, 'SUPARMAN', '7191010JA', 'S.PARMAN@PLN.CO.ID', 201, 635, '2019-09-03', 1, NULL, NULL, 0),
(2563, 3, 'GUSTI AGUNG JAYA SANTIKA', '7292294JA', 'AGUNGJAYA@PLN.CO.ID', 197, 635, '2019-09-03', 1, NULL, NULL, 0),
(2564, 3, 'EDY SANTOSO', '7292340JA', 'EDY.SANTOSO@PLN.CO.ID', 202, 635, '2019-09-03', 1, NULL, NULL, 0),
(2565, 3, 'ROHMAT THOHIR', '7293270JA', 'ROHMAT@PLN.CO.ID', 203, 635, '2019-09-03', 1, NULL, NULL, 0),
(2566, 3, 'I WAYAN SURANADI', '7392279JA', 'WAYAN.SURANADI@PLN.CO.ID', 194, 635, '2019-09-03', 1, NULL, NULL, 0),
(2567, 3, 'I MADE DUANTA', '7392284JA', 'MADE.DUANTA@PLN.CO.ID', 204, 635, '2019-09-03', 1, NULL, NULL, 0),
(2568, 3, 'ADIB DWI ARIANTO', '8309404Z', 'adib.arianto@pln.co.id', 205, 635, '2019-09-03', 1, NULL, NULL, 0),
(2569, 3, 'I KOMANG ERLING ADI SUSANA', '8406031H', 'HERLING@PLN.CO.ID', 206, 635, '2019-09-03', 1, NULL, NULL, 0),
(2570, 3, 'LUKY HANDIANTO ADI PAMUNGKAS', '84111444Z', 'LUKY.HANDIANTO@PLN.CO.ID', 92, 635, '2019-09-03', 1, NULL, NULL, 0),
(2571, 3, 'LEO DAVID SUPRIADI', '8504051P3B', 'LEO.DAVID@PLN.CO.ID', 207, 635, '2019-09-03', 1, NULL, NULL, 0),
(2572, 3, 'HADI PURWANTO', '8508345P3B', 'HADI_PUR@PLN.CO.ID', 208, 635, '2019-09-03', 1, NULL, NULL, 0),
(2573, 3, 'DWI MULYONO', '8608224P3B', 'DWIM@PLN.CO.ID', 209, 635, '2019-09-03', 1, NULL, NULL, 0),
(2574, 3, 'I GEDE WIDNYANA', '8708212P3B', 'WIDNYANA@PLN.CO.ID', 210, 635, '2019-09-03', 1, NULL, NULL, 0),
(2575, 3, 'I GDE NYOMAN JAYA ADNYANA', '8708220P3B', 'IGN_JAYA@PLN.CO.ID', 211, 635, '2019-09-03', 1, NULL, NULL, 0),
(2576, 3, 'EKO HARIYANTO', '8809024L2', 'EKO.HARIYANTO@PLN.CO.ID', 212, 635, '2019-09-03', 1, NULL, NULL, 0),
(2577, 3, 'TAUFAN BAKTI PRAMUDYA', '88112231Z', 'TAUFANBP@PLN.CO.ID', 213, 635, '2019-09-03', 1, NULL, NULL, 0),
(2578, 3, 'KADEK KUSMAYANTI', '88111623Z', 'KADEK.KUSMAYANTI@PLN.CO.ID', 214, 635, '2019-09-03', 1, NULL, NULL, 0),
(2579, 3, 'I WAYAN TEGUH WIRAPRATAMA', '8908226P3B', 'TEGUH_WIRA@PLN.CO.ID', 209, 635, '2019-09-03', 1, NULL, NULL, 0),
(2580, 3, 'I GEDE MADE ADHI SUPUTRA YADNYA', '8908341P3B', 'ADHIYADNYA@PLN.CO.ID', 215, 635, '2019-09-03', 1, NULL, NULL, 0),
(2581, 3, 'I MADE GEDE JUNANTARA', '8908347P3B', 'JUNANTARA@PLN.CO.ID', 216, 635, '2019-09-03', 1, NULL, NULL, 0),
(2582, 3, 'LUTFIATUS FITRIA', '9015084ZY', 'LUTFIATUS.F@PLN.CO.ID', 217, 635, '2019-09-03', 1, NULL, NULL, 0),
(2583, 3, 'TEGUH BAYU PURWANTO', '9216935ZY', 'TEGUH_BAYU@PLN.CO.ID', 218, 635, '2019-09-03', 1, NULL, NULL, 0),
(2584, 3, 'WILATIKTO', '93161514ZY', 'WILATIKTO@PLN.CO.ID', 219, 635, '2019-09-03', 1, NULL, NULL, 0),
(2585, 3, 'CONIE JULIETTA', '94163468ZY', 'CONIE.JULIETTA@PLN.CO.ID', 220, 635, '2019-09-03', 1, NULL, NULL, 0),
(2586, 3, 'TIAR SEPTIANA SIMANULLANG', '9418030ZY', 'TIAR.SIMANULLANG@PLN.CO.ID', 220, 635, '2019-09-03', 1, NULL, NULL, 0),
(2587, 3, 'MUHAMMAD ALDI ALFADIN', '9515001P3Y', 'ALDI.ALFADIN@PLN.CO.ID', 221, 635, '2019-09-03', 1, NULL, NULL, 0),
(2588, 3, 'MUHAMMAD RIFQI', '9515002P3Y', 'MUHAMMAD.RIFQI@PLN.CO.ID', 222, 635, '2019-09-03', 1, NULL, NULL, 0),
(2589, 3, 'MOCHAMAD HENDRIK', '9515003P3Y', 'MOCHAMAD.HENDRIK@PLN.CO.ID', 221, 635, '2019-09-03', 1, NULL, NULL, 0),
(2590, 3, 'ADE SATRIA', '9518126ZY', 'ADE.SATRIA@PLN.CO.ID', 223, 635, '2019-09-03', 1, NULL, NULL, 0),
(2591, 3, 'DIYAH AYU LESTARI', '9519340ZY', 'DIYAH.LESTARI@PLN.CO.ID', 224, 635, '2019-09-03', 1, NULL, NULL, 0),
(2592, 3, 'PRIANGGA TRI PRASETYO', '9616042TCY', 'PRIANGGA.PRASETYO@PLN.CO.ID', 110, 635, '2019-09-03', 1, NULL, NULL, 0),
(2593, 3, 'ARIS KURNIAWAN NUGROHO', '9617068TCY', 'A.KURNIAWANNUGROHO@PLN.CO.ID', 221, 635, '2019-09-03', 1, NULL, NULL, 0),
(2594, 3, 'DIAN BAGUS INDRA KUSUMA', '9717071TCY', 'DIAN.KUSUMA@PLN.CO.ID', 221, 635, '2019-09-03', 1, NULL, NULL, 0),
(2595, 3, 'SOFA ERLANGGA', '9717075TCY', 'SOFA.ERLANGGA@PLN.CO.ID', 221, 635, '2019-09-03', 1, NULL, NULL, 0),
(2596, 3, 'ADAM CG MAHENDRA', '9817001TCY', 'ADAM.MAHENDRA@PLN.CO.ID', 124, 635, '2019-09-03', 1, NULL, NULL, 0),
(2597, 3, 'DONNY ROBIANTONO', '9817072TCY', 'DONNY.ROBIANTONO@PLN.CO.ID', 222, 635, '2019-09-03', 1, NULL, NULL, 0),
(2598, 3, 'HERWANTO', '9817073TCY', 'HERWANTO.HERWANTO@PLN.CO.ID', 221, 635, '2019-09-03', 1, NULL, NULL, 0),
(2599, 3, 'M BAYU ICHLASUL AKBAR', '9817074TCY', 'M.BAYUAKBAR@PLN.CO.ID', 221, 635, '2019-09-03', 1, NULL, NULL, 0),
(2600, 4, 'KAMBALI', '6388031JA', 'KAMBALI@PLN.CO.ID', 225, 636, '2019-09-03', 1, NULL, NULL, 0),
(2601, 4, 'INDRA WAHYUDI', '6484719K3', 'INDRAWAHYUDI@PLN.CO.ID', 226, 636, '2019-09-03', 1, NULL, NULL, 0),
(2602, 4, 'MUDJI RAHARDJO', '6485044JA', 'MUDJI.RH@PLN.CO.ID', 227, 636, '2019-09-03', 1, NULL, NULL, 0),
(2603, 4, 'AGOES HERMONO', '6588037JA', 'AG.HERMONO@PLN.CO.ID', 228, 636, '2019-09-03', 1, NULL, NULL, 0),
(2604, 4, 'AHMAD THOILAH', '6688033JA', 'THOILAH@PLN.CO.ID', 229, 636, '2019-09-03', 1, NULL, NULL, 0),
(2605, 4, 'WALOYO EKA KUNCORO', '6888053K3', 'EKAKUNCORO@PLN.CO.ID', 230, 636, '2019-09-03', 1, NULL, NULL, 0),
(2606, 4, 'DIDIK SUPRIJADI', '6891092JA', 'DIDIK.SUPRI@PLN.CO.ID', 231, 636, '2019-09-03', 1, NULL, NULL, 0),
(2607, 4, 'IMAM RACHMAD', '6992001P3B', 'IMAM.RACHMAD@PLN.CO.ID', 135, 636, '2019-09-03', 1, NULL, NULL, 0),
(2608, 4, 'S. MUJIYONO', '7092047K3', 'S.MUJIYONO@PLN.CO.ID', 232, 636, '2019-09-03', 1, NULL, NULL, 0),
(2609, 4, 'ISA ASHARI', '7092329JA', 'ISA.ASHARI@PLN.CO.ID', 225, 636, '2019-09-03', 1, NULL, NULL, 0),
(2610, 4, 'BUDI WALUYO', '7191088JA', 'BD.WALUYO@PLN.CO.ID', 142, 636, '2019-09-03', 1, NULL, NULL, 0),
(2611, 4, 'IDHAM ISMAIL', '7192325JA', 'IDHAM.ISMAIL@PLN.CO.ID', 233, 636, '2019-09-03', 1, NULL, NULL, 0),
(2612, 4, 'HARDANI', '7293269JA', 'HARDANI@PLN.CO.ID', 135, 636, '2019-09-03', 1, NULL, NULL, 0),
(2613, 4, 'SUJOKO', '7293511K3', 'SUJOKO72@PLN.CO.ID', 231, 636, '2019-09-03', 1, NULL, NULL, 0),
(2614, 4, 'RAFLIS', '7593503K3', 'RAFLIS@PLN.CO.ID', 234, 636, '2019-09-03', 1, NULL, NULL, 0),
(2615, 4, 'AULIYAURRAHMAN', '8407028P3B', 'AULIYA@PLN.CO.ID', 235, 636, '2019-09-03', 1, NULL, NULL, 0),
(2616, 4, 'BAGUS ROISMAN', '8708242P3B', 'BAROS@PLN.CO.ID', 236, 636, '2019-09-03', 1, NULL, NULL, 0),
(2617, 4, 'AHMAD BAYHAKI', '8808314P3B', 'BAYHAKI@PLN.CO.ID', 237, 636, '2019-09-03', 1, NULL, NULL, 0),
(2618, 4, 'FATKHUR ROHMAN HADI', '8908315P3B', 'FATKHUR_R@PLN.CO.ID', 238, 636, '2019-09-03', 1, NULL, NULL, 0),
(2619, 4, 'DWI ARIES SANDY', '8908350P3B', 'A_SANDY@PLN.CO.ID', 239, 636, '2019-09-03', 1, NULL, NULL, 0),
(2620, 4, 'NADIPRAHAS MAHAVANI', '8908351P3B', 'MAHAVANI@PLN.CO.ID', 157, 636, '2019-09-03', 1, NULL, NULL, 0),
(2621, 4, 'JATU SURYA NUGRAHA', '8909189J', 'JATU.S.NUGRAHA@PLN.CO.ID', 158, 636, '2019-09-03', 1, NULL, NULL, 0),
(2622, 4, 'BAGUS CAHYO YUWONO', '8909171P3B', 'BAGUSCY@PLN.CO.ID', 240, 636, '2019-09-03', 1, NULL, NULL, 0),
(2623, 4, 'VERY YOGI ERDANI', '8909199P3B', 'ERDANI@PLN.CO.ID', 241, 636, '2019-09-03', 1, NULL, NULL, 0),
(2624, 4, 'AGUS SUSANTO', '9008313P3B', 'AGUSS@PLN.CO.ID', 149, 636, '2019-09-03', 1, NULL, NULL, 0),
(2625, 4, 'YOGA BAGUS YONANDA', '9009160P3B', 'YONANDA@PLN.CO.ID', 242, 636, '2019-09-03', 1, NULL, NULL, 0),
(2626, 4, 'BUDI SETIYO UTOMO', '9009170P3B', 'BUDI_SU@PLN.CO.ID', 157, 636, '2019-09-03', 1, NULL, NULL, 0),
(2627, 4, 'ARDIAN PERMANA', '9009172P3B', 'ARDIAN_PER@PLN.CO.ID', 150, 636, '2019-09-03', 1, NULL, NULL, 0),
(2628, 4, 'SUGENG PRASETYO', '9009173P3B', 'SUGENG_PRAST@PLN.CO.ID', 152, 636, '2019-09-03', 1, NULL, NULL, 0),
(2629, 4, 'MIQDARURRIDLO', '9109156P3B', 'MIQDARURRIDLO@PLN.CO.ID', 243, 636, '2019-09-03', 1, NULL, NULL, 0),
(2630, 4, 'SULFIGAR RAMADHAN DWI PUTRA', '9315635ZY', 'SULFIGAR.R@PLN.CO.ID', 156, 636, '2019-09-03', 1, NULL, NULL, 0),
(2631, 4, 'MARIO MARTHIN', '93162740ZY', 'MARIO.MARTHIN@PLN.CO.ID', 136, 636, '2019-09-03', 1, NULL, NULL, 0),
(2632, 4, 'BAMBANG NOFRI SUSANTO', '93162819ZY', 'BAMBANG.SUSANTO@PLN.CO.ID', 156, 636, '2019-09-03', 1, NULL, NULL, 0),
(2633, 4, 'MUHAMMAD NAMIRUDDIN AL HASAN', '9319525ZY', 'M.HASAN93@PLN.CO.ID', 227, 636, '2019-09-03', 1, NULL, NULL, 0),
(2634, 4, 'KOMANG MITA ARIANI', '94162168ZY', 'KOMANG.ARIANI@PLN.CO.ID', 157, 636, '2019-09-03', 1, NULL, NULL, 0),
(2635, 4, 'ANNISA RIZKI CAHAYARANI', '9417173ZY', 'ANNISA.CAHAYARANI@PLN.CO.ID', 136, 636, '2019-09-03', 1, NULL, NULL, 0),
(2636, 4, 'FOGI ASGRENA PAHREZKI', '9419333ZY', 'FOGI.PAHREZKI@PLN.CO.ID', 156, 636, '2019-09-03', 1, NULL, NULL, 0),
(2637, 4, 'ROYS ANWAR ARIF', '9419529ZY', 'ROYS.ARIF@PLN.CO.ID', 244, 636, '2019-09-03', 1, NULL, NULL, 0),
(2638, 4, 'WAHYU KURNIAWAN', '9514043P3Y', 'WAHYU.KUR@PLN.CO.ID', 245, 636, '2019-09-03', 1, NULL, NULL, 0),
(2639, 4, 'ZUHRI ARIEFFASA SUFFATURRACHMAN', '9517550ZY', 'ZUHRI.ARIEFFASA@PLN.CO.ID', 237, 636, '2019-09-03', 1, NULL, NULL, 0),
(2640, 4, 'NUR AZIS PRASETYO', '9517558ZY', 'NUR.PRASETYO@PLN.CO.ID', 246, 636, '2019-09-03', 1, NULL, NULL, 0),
(2641, 4, 'REVANDY RADIK YODIAWAN', '9517559ZY', 'REVANDY.YODIAWAN@PLN.CO.ID', 247, 636, '2019-09-03', 1, NULL, NULL, 0),
(2642, 4, 'ADIAZ ADITYA PRATITO', '9518437ZY', 'ADIAZ.PRATITO@PLN.CO.ID', 248, 636, '2019-09-03', 1, NULL, NULL, 0),
(2643, 4, 'TAKHMIL IMAM RIFA\'I', '9519344ZY', 'TAKHMIL.RIFAI@PLN.CO.ID', 136, 636, '2019-09-03', 1, NULL, NULL, 0),
(2644, 4, 'MUHAMMAD AZWAR', '9519534ZY', 'M.AZWAR@PLN.CO.ID', 249, 636, '2019-09-03', 1, NULL, NULL, 0),
(2645, 4, 'AHMAD ARIF BADRUZ ZAMAN', '9616005TCY', 'AHMAD.ZAMAN@PLN.CO.ID', 250, 636, '2019-09-03', 1, NULL, NULL, 0),
(2646, 4, 'GALOH SAPUTRO', '9616026TCY', 'GALOH.SAPUTRO@PLN.CO.ID', 245, 636, '2019-09-03', 1, NULL, NULL, 0),
(2647, 4, 'TRIONO', '9616050TCY', 'TRIONO1@PLN.CO.ID', 245, 636, '2019-09-03', 1, NULL, NULL, 0),
(2648, 4, 'MOCHAMMAD BADRUS SALAM', '9617052TCY', 'MOCHAMAD.SALAM@PLN.CO.ID', 251, 636, '2019-09-03', 1, NULL, NULL, 0),
(2649, 4, 'DEWI ELVINANDARI', '9618876ZY', 'DEWI.ELVINANDARI@PLN.CO.ID', 156, 636, '2019-09-03', 1, NULL, NULL, 0),
(2650, 4, 'ALINDA SWARASWATI', '9618880ZY', 'ALINDA.SWARASWATI@PLN.CO.ID', 157, 636, '2019-09-03', 1, NULL, NULL, 0),
(2651, 4, 'NUR MUH NUZRAN', '9619535ZY', 'NUR.NUZRAN@PLN.CO.ID', 252, 636, '2019-09-03', 1, NULL, NULL, 0),
(2652, 4, 'DIO BHIMO ADJI SAPUTRO', '9716008TCY', 'DIO.SAPUTRO@PLN.CO.ID', 245, 636, '2019-09-03', 1, NULL, NULL, 0),
(2653, 4, 'MUHAMMAD ASIFUL MUHADI', '9716021TCY', 'MUHAMMAD.MUHADI@PLN.CO.ID', 250, 636, '2019-09-03', 1, NULL, NULL, 0),
(2654, 4, 'MUHAMMAD DIMAS FARHAN JAMIL', '9716022TCY', 'MDIMAS.JAMIL@PLN.CO.ID', 188, 636, '2019-09-03', 1, NULL, NULL, 0),
(2655, 4, 'RIZKY DWI HARFIAN', '9716032TCY', 'RIZKY.HARFIAN@PLN.CO.ID', 189, 636, '2019-09-03', 1, NULL, NULL, 0),
(2656, 4, 'DWI RIZKY MAULIDIN', '9817048TCY', 'DWI.MAULIDIN@PLN.CO.ID', 253, 636, '2019-09-03', 1, NULL, NULL, 0),
(2657, 4, 'SUYOTO', '6592169JA', 'SUYOTO65@PLN.CO.ID', 254, 637, '2019-09-03', 1, NULL, NULL, 0),
(2658, 4, 'RACHMAD WIDI', '6692338JA', 'RACHMAD@PLN.CO.ID', 136, 637, '2019-09-03', 1, NULL, NULL, 0),
(2659, 4, 'SURAHMAN', '6789024JA', 'SURAHMAN@PLN.CO.ID', 159, 637, '2019-09-03', 1, NULL, NULL, 0),
(2660, 4, 'ROEDI SOETRISNO', '6892330JA', 'ROEDI.S@PLN.CO.ID', 255, 637, '2019-09-03', 1, NULL, NULL, 0),
(2661, 4, 'SOEMINTO', '6992134JA', 'SOEMINTO@PLN.CO.ID', 142, 637, '2019-09-03', 1, NULL, NULL, 0),
(2662, 4, 'SAMSU ROCHMAD', '6992307JA', 'SAMSU.R@PLN.CO.ID', 256, 637, '2019-09-03', 1, NULL, NULL, 0),
(2663, 4, 'ISWAHYUDI', '6992336JA', 'ISWAHYUDI69@PLN.CO.ID', 257, 637, '2019-09-03', 1, NULL, NULL, 0),
(2664, 4, 'RUDYANTONO', '7092138JA', 'RUDYANTONO@PLN.CO.ID', 258, 637, '2019-09-03', 1, NULL, NULL, 0),
(2665, 4, 'SOENARTO', '7193181JA', 'SOENARTO55@PLN.CO.ID', 149, 637, '2019-09-03', 1, NULL, NULL, 0),
(2666, 4, 'SUGENG HARIYONO', '7493509K3', 'SUGENG.HARIYONO@PLN.CO.ID', 259, 637, '2019-09-03', 1, NULL, NULL, 0),
(2667, 4, 'BAYU ARDIANSYAH', '8808233P3B', 'BAYU22@PLN.CO.ID', 260, 637, '2019-09-03', 1, NULL, NULL, 0),
(2668, 4, 'FUAD WIRANATA', '8808318P3B', 'FUAD_W@PLN.CO.ID', 261, 637, '2019-09-03', 1, NULL, NULL, 0),
(2669, 4, 'EARRANT CLIFF COSA ARANDA', '8908042P3B', 'EARRANT.CCA2@PLN.CO.ID', 262, 637, '2019-09-03', 1, NULL, NULL, 0),
(2670, 4, 'FAUZAN ADHIMA PUTRA', '8908320P3B', 'ADHIMA@PLN.CO.ID', 159, 637, '2019-09-03', 1, NULL, NULL, 0),
(2671, 4, 'ZAINUL ARIFIN', '8908321P3B', 'ZAINUL_A@PLN.CO.ID', 152, 637, '2019-09-03', 1, NULL, NULL, 0),
(2672, 4, 'DWI SEPTIAN RAHADI', '8908322P3B', 'SEPTIAN_R@PLN.CO.ID', 263, 637, '2019-09-03', 1, NULL, NULL, 0),
(2673, 4, 'HENDRI ARDYANTO', '8908323P3B', 'H_ARDIYANTO@PLN.CO.ID', 150, 637, '2019-09-03', 1, NULL, NULL, 0),
(2674, 4, 'SYAHDANATA NURAL FIRDAUS', '9009175P3B', 'SYAHDANATA@PLN.CO.ID', 261, 637, '2019-09-03', 1, NULL, NULL, 0),
(2675, 4, 'RIO SAKTIAN ALFIANSYAH', '9516010TCY', 'RIO.ALFIANSYAH@PLN.CO.ID', 264, 637, '2019-09-03', 1, NULL, NULL, 0),
(2676, 4, 'MIFTAKHUL AZIS', '9518871ZY', 'MIFTAKHUL.AZIS@PLN.CO.ID', 164, 637, '2019-09-03', 1, NULL, NULL, 0),
(2677, 4, 'R. KAISAR HABIBIL IMAN', '9617054TCY', 'R.HABIBILIMAN@PLN.CO.ID', 188, 637, '2019-09-03', 1, NULL, NULL, 0),
(2678, 4, 'A. MUH. ILHAM', '9618882ZY', 'A.ILHAM@PLN.CO.ID', 265, 637, '2019-09-03', 1, NULL, NULL, 0),
(2679, 4, 'FAJRIANSYAH ICHSAN', '9619654ZY', '', 159, 637, '2019-09-03', 1, NULL, NULL, 0),
(2680, 4, 'FIQIH NOVAN', '9619655ZY', '', 157, 637, '2019-09-03', 1, NULL, NULL, 0),
(2681, 4, 'RIDWAN FIRDAUS', '9716031TCY', 'RIDWANFIRDAUS@PLN.CO.ID', 266, 637, '2019-09-03', 1, NULL, NULL, 0),
(2682, 4, 'MOCH HERI AMRIZAL', '9717051TCY', 'MOCH.AMRIZAL@PLN.CO.ID', 189, 637, '2019-09-03', 1, NULL, NULL, 0),
(2683, 4, 'MOH BAHRUN', '9717053TCY', 'MOH.BAHRUN@PLN.CO.ID', 189, 637, '2019-09-03', 1, NULL, NULL, 0),
(2684, 4, 'MUCHAMAD JA\'FAR SHODIK', '9719656ZY', '', 159, 637, '2019-09-03', 1, NULL, NULL, 0),
(2685, 4, 'FADHILAH RAHMAN', '9719657ZY', '', 156, 637, '2019-09-03', 1, NULL, NULL, 0),
(2686, 4, 'LIZA LOLITA PUTRI', '9819658ZY', '', 157, 637, '2019-09-03', 1, NULL, NULL, 0),
(2687, 4, 'BAMBANG DWI PRIJANTO', '6384714K3', 'BB.DWIPRIJANTO@PLN.CO.ID', 267, 638, '2019-09-03', 1, NULL, NULL, 0),
(2688, 4, 'SUWANDI', '6385113JA', 'SUWANDI.MYR@PLN.CO.ID', 194, 638, '2019-09-03', 1, NULL, NULL, 0),
(2689, 4, 'KARIM', '6484718K3', 'KARIM@PLN.CO.ID', 194, 638, '2019-09-03', 1, NULL, NULL, 0),
(2690, 4, 'KARJO', '6485278K3', 'KARJO@PLN.CO.ID', 194, 638, '2019-09-03', 1, NULL, NULL, 0),
(2691, 4, 'YUYUN AGUS PRIBADI', '6585117JA', 'YUYUN2@PLN.CO.ID', 194, 638, '2019-09-03', 1, NULL, NULL, 0),
(2692, 4, 'TATAN RUSTANDI', '6585149K3', 'TATAN.R@PLN.CO.ID', 268, 638, '2019-09-03', 1, NULL, NULL, 0),
(2693, 4, 'SUGENG', '6792133JA', 'SUGENG2@PLN.CO.ID', 202, 638, '2019-09-03', 1, NULL, NULL, 0),
(2694, 4, 'YULI WINARKO', '6892311JA', 'YULI@PLN.CO.ID', 269, 638, '2019-09-03', 1, NULL, NULL, 0),
(2695, 4, 'MUSHFAR FERDIAN', '8209562Z', 'MUSHFAR.F@PLN.CO.ID', 215, 638, '2019-09-03', 1, NULL, NULL, 0),
(2696, 4, 'AGUNG PAMBUDI', '8508553Z', 'agung.pambudi@pln.co.id', 270, 638, '2019-09-03', 1, NULL, NULL, 0),
(2697, 4, 'PASKALIS AGUNG PURNOMO', '8510094Z', 'PASKALIS@PLN.CO.ID', 271, 638, '2019-09-03', 1, NULL, NULL, 0),
(2698, 4, 'MOCH. FAUZI INDRA KUSUMA', '8511074Z', 'INDRAKUZUMA@PLN.CO.ID', 216, 638, '2019-09-03', 1, NULL, NULL, 0),
(2699, 4, 'NALURITA WIJAYANTI', '8610444Z', 'NALURITA.WIJAYANTI@PLN.CO.ID', 205, 638, '2019-09-03', 1, NULL, NULL, 0),
(2700, 4, 'KRISTIA LILA GERHANA', '8611105Z', 'Kristia.Gerhana@pln.co.id', 214, 638, '2019-09-03', 1, NULL, NULL, 0),
(2701, 4, 'CHOIRIATUS SAADAH', '8709046J', 'CHOIRIATUS.SAADAH@PLN.CO.ID', 133, 638, '2019-09-03', 1, NULL, NULL, 0),
(2702, 4, 'MUFTAKHUL EFENDI', '8808237P3B', 'MIFTA2@PLN.CO.ID', 272, 638, '2019-09-03', 1, NULL, NULL, 0),
(2703, 4, 'HISYAM ISTAHRIL MU\'AZ', '8808263P3B', 'MUAZ@PLN.CO.ID', 200, 638, '2019-09-03', 1, NULL, NULL, 0),
(2704, 4, 'VANNI IKA WULANDARI', '90112402Z', 'VANNI.WULANDARI@PLN.CO.ID', 273, 638, '2019-09-03', 1, NULL, NULL, 0),
(2705, 4, 'ALVINA FITRI AMALIA', '90112442Z', 'ALVINA.FITRI@PLN.CO.ID', 274, 638, '2019-09-03', 1, NULL, NULL, 0),
(2706, 4, 'A. RIZAL OKY BACHTIAR', '9015757ZY', 'A.RIZAL@PLN.CO.ID', 275, 638, '2019-09-03', 1, NULL, NULL, 0),
(2707, 4, 'ADI PAMUNGKAS', '92141085ZY', 'ADI.PAMUNGKAS@PLN.CO.ID', 276, 638, '2019-09-03', 1, NULL, NULL, 0),
(2708, 4, 'NUR HIDAYAT FEBRIYANTO', '9214292ZY', 'N.HIDAYAT@PLN.CO.ID', 198, 638, '2019-09-03', 1, NULL, NULL, 0),
(2709, 4, 'YUDHA ARIYANTO DWI SAPUTRA', '9215235ZY', 'Y.ARIYANTO@PLN.CO.ID', 277, 638, '2019-09-03', 1, NULL, NULL, 0),
(2710, 4, 'MOCH. RIZAL PAHLEVI', '92151209ZY', 'MR.PAHLEVI@PLN.CO.ID', 278, 638, '2019-09-03', 1, NULL, NULL, 0),
(2711, 4, 'HENDRI PRASETYO', '9413016P3Y', 'H.PRASETYO@PLN.CO.ID', 279, 638, '2019-09-03', 1, NULL, NULL, 0),
(2712, 4, 'GHALIB RAMADHAN', '94171900ZY', 'GHALIB.RAMADHAN94@PLN.CO.ID', 220, 638, '2019-09-03', 1, NULL, NULL, 0),
(2713, 4, 'ARIS SETYAWAN', '95171171ZY', 'ARIS.SETYAWAN@PLN.CO.ID', 280, 638, '2019-09-03', 1, NULL, NULL, 0),
(2714, 4, 'SHINTA ERIS VIRNITA', '9519339ZY', 'SHINTA.VIRNITA@PLN.CO.ID', 212, 638, '2019-09-03', 1, NULL, NULL, 0),
(2715, 4, 'ANDITTA DWI LESTARI', '9519532ZY', 'ANDITTA.LESTARI@PLN.CO.ID', 224, 638, '2019-09-03', 1, NULL, NULL, 0),
(2716, 5, 'ROKHIM', '6791100JA', 'ROKHIM@PLN.CO.ID', 281, 639, '2019-09-03', 1, NULL, NULL, 0),
(2717, 5, 'MUHAMAD KAMDI', '6888050K3', 'M.KAMDI@PLN.CO.ID', 282, 639, '2019-09-03', 1, NULL, NULL, 0),
(2718, 5, 'TAMSI', '6888076K3', 'TAMSI@PLN.CO.ID', 283, 639, '2019-09-03', 1, NULL, NULL, 0),
(2719, 5, 'SUDARNO', '6888080K3', 'SUDARNO68@PLN.CO.ID', 281, 639, '2019-09-03', 1, NULL, NULL, 0),
(2720, 5, 'AGUNG TJAHJONO', '6991087JA', 'AGUNG.TJAHJONO@PLN.CO.ID', 284, 639, '2019-09-03', 1, NULL, NULL, 0),
(2721, 5, 'MOH.SAIFUDDIN', '6991099JA', 'M.SAIFUDDIN@PLN.CO.ID', 285, 639, '2019-09-03', 1, NULL, NULL, 0),
(2722, 5, 'SAIFUL HUDA', '7092323JA', 'SF.HUDA@PLN.CO.ID', 149, 639, '2019-09-03', 1, NULL, NULL, 0),
(2723, 5, 'ASRUL TRI ANANDA', '7292304JA', 'ASRUL.TRI72@PLN.CO.ID', 142, 639, '2019-09-03', 1, NULL, NULL, 0),
(2724, 5, 'PUTUT TETUKO', '7292310JA', 'PUTUT.TETUKO@PLN.CO.ID', 286, 639, '2019-09-03', 1, NULL, NULL, 0),
(2725, 5, 'PRASETIYAWAN', '8708292P3B', 'PRASETIYAWAN@PLN.CO.ID', 152, 639, '2019-09-03', 1, NULL, NULL, 0),
(2726, 5, 'WIGNYO', '8708297P3B', 'WIGNYO@PLN.CO.ID', 150, 639, '2019-09-03', 1, NULL, NULL, 0),
(2727, 5, 'BAGUS ADHI TYAWAN', '8708311P3B', 'TYAWAN@PLN.CO.ID', 287, 639, '2019-09-03', 1, NULL, NULL, 0),
(2728, 5, 'UGIK YUFIANTORO', '8708317P3B', 'UGIK@PLN.CO.ID', 288, 639, '2019-09-03', 1, NULL, NULL, 0),
(2729, 5, 'JAURI', '8708324P3B', 'JAURI@PLN.CO.ID', 289, 639, '2019-09-03', 1, NULL, NULL, 0),
(2730, 5, 'HENDRIK SUSANTO', '8808289P3B', 'HENDRIK_S@PLN.CO.ID', 290, 639, '2019-09-03', 1, NULL, NULL, 0),
(2731, 5, 'ARI ANDRIANTO', '8808312P3B', 'ANDRIANTO2@PLN.CO.ID', 291, 639, '2019-09-03', 1, NULL, NULL, 0),
(2732, 5, 'MAFI YANWAR', '8808326P3B', 'MAFI@PLN.CO.ID', 292, 639, '2019-09-03', 1, NULL, NULL, 0),
(2733, 5, 'OVY PUJIANTO LESTARKO', '8908295P3B', 'OVY@PLN.CO.ID', 293, 639, '2019-09-03', 1, NULL, NULL, 0),
(2734, 5, 'NOVEN AMIK TANTOKO', '8908325P3B', 'NOVEN@PLN.CO.ID', 294, 639, '2019-09-03', 1, NULL, NULL, 0),
(2735, 5, 'GIGEH PRIYO SANTOSO', '9009201P3B', 'GIGEH_PS@PLN.CO.ID', 295, 639, '2019-09-03', 1, NULL, NULL, 0),
(2736, 5, 'RIZKY PRANATA BUDIONO', '93161876ZY', 'RIZKY.BUDIONO@PLN.CO.ID', 184, 639, '2019-09-03', 1, NULL, NULL, 0),
(2737, 5, 'ARIEF RACHMAN HADIMAN', '9414013P3Y', 'AR.HADIMAN@PLN.CO.ID', 189, 639, '2019-09-03', 1, NULL, NULL, 0),
(2738, 5, 'TIAN GUMELAR PRATAMA', '9417542ZY', 'TIAN.PRATAMA@PLN.CO.ID', 159, 639, '2019-09-03', 1, NULL, NULL, 0),
(2739, 5, 'SUMARNO', '9515114P3Y', 'SUMARNO_95@PLN.CO.ID', 296, 639, '2019-09-03', 1, NULL, NULL, 0),
(2740, 5, 'MUCHAMMAD MIFTAQUL ULUM', '9515115P3Y', 'M_MIFTAQULULUM@PLN.CO.ID', 297, 639, '2019-09-03', 1, NULL, NULL, 0),
(2741, 5, 'RUDI PUTRA PERDANA', '95171172ZY', 'RUDI.PERDANA@PLN.CO.ID', 156, 639, '2019-09-03', 1, NULL, NULL, 0),
(2742, 5, 'RUDIANTO APRIADIN', '9615120P3Y', 'RUDIANTO_APRIADIN@PLN.CO.ID', 296, 639, '2019-09-03', 1, NULL, NULL, 0),
(2743, 5, 'ABDUSSAMII STRONG DAUD', '9616002TCY', 'ABDUSSAMII.DAUD@PLN.CO.ID', 264, 639, '2019-09-03', 1, NULL, NULL, 0),
(2744, 5, 'MARSONO', '9616035TCY', 'MARSONO96@PLN.CO.ID', 296, 639, '2019-09-03', 1, NULL, NULL, 0),
(2745, 5, 'MUHAMAD INDRA GUNAWAN', '9616039TCY', 'MUHAMAD.GUNAWAN@PLN.CO.ID', 189, 639, '2019-09-03', 1, NULL, NULL, 0);
INSERT INTO `pegawai` (`id`, `ultg`, `nama`, `nip`, `email`, `jabatan`, `sub_ultg`, `createddate`, `createdby`, `updateddate`, `updatedby`, `deleted`) VALUES
(2746, 5, 'KARUNIA FAJAR YOGA SAKTI', '9617561ZY', 'KARUNIA.SAKTI@PLN.CO.ID', 156, 639, '2019-09-03', 1, NULL, NULL, 0),
(2747, 5, 'SANDY ASPRILLA LESMANA', '9617024TCY', 'SANDY.LESMANA@PLN.CO.ID', 298, 639, '2019-09-03', 1, NULL, NULL, 0),
(2748, 5, 'DWI SETYO NUGROHO', '9716009TCY', 'DWISETYO.NUGROHO@PLN.CO.ID', 188, 639, '2019-09-03', 1, NULL, NULL, 0),
(2749, 5, 'IRFAN ABDURRASYID', '9716011TCY', 'IRFAN.ABDURRASYID@PLN.CO.ID', 299, 639, '2019-09-03', 1, NULL, NULL, 0),
(2750, 5, 'MOH.ANWARUL UDNA', '9716019TCY', 'MOH.UDNA@PLN.CO.ID', 189, 639, '2019-09-03', 1, NULL, NULL, 0),
(2751, 5, 'SETYAWAN MEGA NADHA', '9716033TCY', 'SETYAWAN.NADHA@PLN.CO.ID', 300, 639, '2019-09-03', 1, NULL, NULL, 0),
(2752, 5, 'M. AZHAR MAULANA', '9717015TCY', 'M.MAULANA1@PLN.CO.ID', 301, 639, '2019-09-03', 1, NULL, NULL, 0),
(2753, 5, 'CANDRA FEBRIANTO', '9817012TCY', 'CANDRA.FEBRIANTO@PLN.CO.ID', 302, 639, '2019-09-03', 1, NULL, NULL, 0),
(2754, 5, 'MUHAMMAD EKO SUSANTO', '9817018TCY', 'MUHAMMAD.SUSANTO@PLN.CO.ID', 303, 639, '2019-09-03', 1, NULL, NULL, 0),
(2755, 5, 'NICOLA EDO WIJAYANTO', '9817021TCY', 'NICOLA.WIJAYANTO@PLN.CO.ID', 189, 639, '2019-09-03', 1, NULL, NULL, 0),
(2756, 5, 'SUROSO', '6584184JA', 'SUROSO2@PLN.CO.ID', 136, 640, '2019-09-03', 1, NULL, NULL, 0),
(2757, 5, 'MAKIN', '6589003JA', 'MAKIN@PLN.CO.ID', 304, 640, '2019-09-03', 1, NULL, NULL, 0),
(2758, 5, 'MOH. HASIM ASNGARI', '6793205JA', 'M.HASIM@PLN.CO.ID', 305, 640, '2019-09-03', 1, NULL, NULL, 0),
(2759, 5, 'SUTARWIN', '6891089JA', 'SUTARWIN@PLN.CO.ID', 305, 640, '2019-09-03', 1, NULL, NULL, 0),
(2760, 5, 'PURNOMO', '7192318JA', 'PURNOMO56@PLN.CO.ID', 306, 640, '2019-09-03', 1, NULL, NULL, 0),
(2761, 5, 'EKO KARYANTO', '7193265JA', 'EKO.KARYANTO@PLN.CO.ID', 307, 640, '2019-09-03', 1, NULL, NULL, 0),
(2762, 5, 'ARIS SUPRIYANTA', '7292180K3', 'ARIS.SUPRIYANTA@PLN.CO.ID', 308, 640, '2019-09-03', 1, NULL, NULL, 0),
(2763, 5, 'AGUS ADI ANSAH', '8609191P3B', 'AGUS_A2@PLN.CO.ID', 309, 640, '2019-09-03', 1, NULL, NULL, 0),
(2764, 5, 'HARI KRISTIAWAN', '8808298P3B', 'HARI_KRIST@PLN.CO.ID', 142, 640, '2019-09-03', 1, NULL, NULL, 0),
(2765, 5, 'MOCHAMAD CHOIRUL EFENDI', '8808302P3B', 'MC_EFFENDI@PLN.CO.ID', 156, 640, '2019-09-03', 1, NULL, NULL, 0),
(2766, 5, 'INDRA DWI LUKMANA', '8809192P3B', 'LUKMANA@PLN.CO.ID', 310, 640, '2019-09-03', 1, NULL, NULL, 0),
(2767, 5, 'ARI ERMAWAN', '8908287P3B', 'ARIER@PLN.CO.ID', 311, 640, '2019-09-03', 1, NULL, NULL, 0),
(2768, 5, 'ANAS SYAIFUDIN', '8908288P3B', 'ANAS_S@PLN.CO.ID', 312, 640, '2019-09-03', 1, NULL, NULL, 0),
(2769, 5, 'RIO SUSANTO', '8908299P3B', 'RIO@PLN.CO.ID', 313, 640, '2019-09-03', 1, NULL, NULL, 0),
(2770, 5, 'ANDI PRASETYO', '8908300P3B', 'ANDI_PRAST@PLN.CO.ID', 152, 640, '2019-09-03', 1, NULL, NULL, 0),
(2771, 5, 'RISKY WAHYU NUGROHO', '8910044P3B', 'RISKY.WN@PLN.CO.ID', 314, 640, '2019-09-03', 1, NULL, NULL, 0),
(2772, 5, 'FIRMAN APRIANTO', '9009190P3B', 'APRI@PLN.CO.ID', 149, 640, '2019-09-03', 1, NULL, NULL, 0),
(2773, 5, 'NOOR ZJULFA HELMY', '9014693ZY', 'NOOR.ZJULFHA@PLN.CO.ID', 156, 640, '2019-09-03', 1, NULL, NULL, 0),
(2774, 5, 'MEGA ARIFFIANTO', '9217165ZY', 'MEGA.ARIFFIANTO@PLN.CO.ID', 136, 640, '2019-09-03', 1, NULL, NULL, 0),
(2775, 5, 'RISMA ARIFTYONO', '9313033JY', 'RISMA.ARIFTYONO@PLN.CO.ID', 264, 640, '2019-09-03', 1, NULL, NULL, 0),
(2776, 5, 'SURYA DZULKHIYAR', '9319331ZY', 'SURYA.DZULKHIYAR@PLN.CO.ID', 136, 640, '2019-09-03', 1, NULL, NULL, 0),
(2777, 5, 'IVAN HASTA MAULANA', '9413013P3Y', 'IVAN.HASTA@PLN.CO.ID', 315, 640, '2019-09-03', 1, NULL, NULL, 0),
(2778, 5, 'BARUNA', '9414035P3Y', 'BARUNA@PLN.CO.ID', 316, 640, '2019-09-03', 1, NULL, NULL, 0),
(2779, 5, 'MUHAMMAD SAIFUSSALAM', '94171167ZY', 'MUHAMMAD.SAIFUSSALAM@PLN.CO.ID', 184, 640, '2019-09-03', 1, NULL, NULL, 0),
(2780, 5, 'AKHSAN SANAMUDIN AMIN', '9514071P3Y', 'A.SANAMUDIN@PLN.CO.ID', 317, 640, '2019-09-03', 1, NULL, NULL, 0),
(2781, 5, 'DENI EFENDI', '9515118P3Y', 'DENI_EFENDI@PLN.CO.ID', 318, 640, '2019-09-03', 1, NULL, NULL, 0),
(2782, 5, 'DENY SETYO BUDI', '9516003TCY', 'DENY.BUDI@PLN.CO.ID', 315, 640, '2019-09-03', 1, NULL, NULL, 0),
(2783, 5, 'AMALIA INDRAWATI', '9517549ZY', 'AMALIA.INDRAWATI@PLN.CO.ID', 157, 640, '2019-09-03', 1, NULL, NULL, 0),
(2784, 5, 'AYU BUDIARTI', '9517557ZY', 'AYU.BUDIARTI@PLN.CO.ID', 156, 640, '2019-09-03', 1, NULL, NULL, 0),
(2785, 5, 'MUHAMMAD ZULFAN MUKTI AL KAHFI', '9615119P3Y', 'M_ZULFANMUKTI@PLN.CO.ID', 319, 640, '2019-09-03', 1, NULL, NULL, 0),
(2786, 5, 'TRI AJI WAHYONO', '9615121P3Y', 'TRIAJI_W@PLN.CO.ID', 264, 640, '2019-09-03', 1, NULL, NULL, 0),
(2787, 5, 'BAGUS EFENDI', '9616012TCY', 'BAGUSEFENDI@PLN.CO.ID', 264, 640, '2019-09-03', 1, NULL, NULL, 0),
(2788, 5, 'DITA WAHYU SETYA DARMA', '9616021TCY', 'DITA.DARMA@PLN.CO.ID', 318, 640, '2019-09-03', 1, NULL, NULL, 0),
(2789, 5, 'M KHIFNI ANDREAN BUDI SETIAWAN', '9716014TCY', 'M.SETIAWAN@PLN.CO.ID', 320, 640, '2019-09-03', 1, NULL, NULL, 0),
(2790, 5, 'AKHMAD RISZA JULIANTO', '9717011TCY', 'AKHMAD.JULIANTO@PLN.CO.ID', 321, 640, '2019-09-03', 1, NULL, NULL, 0),
(2791, 5, 'MUHAMMAD BANGKIT', '9717017TCY', 'MUHAMMAD.BANGKIT@PLN.CO.ID', 319, 640, '2019-09-03', 1, NULL, NULL, 0),
(2792, 5, 'MUHAMMAD WAHYU ABDY CAHYA', '9717019TCY', 'MUHAMMAD.CAHYA@PLN.CO.ID', 316, 640, '2019-09-03', 1, NULL, NULL, 0),
(2793, 5, 'MOHAMMAD TIGOR SIRATU ILHAMI', '9817016TCY', 'MOHAMMAD.ILHAMI@PLN.CO.ID', 322, 640, '2019-09-03', 1, NULL, NULL, 0),
(2794, 5, 'MUKHAMMAD ALDILALA', '9817020TCY', 'MUKHAMMAD.ALDILALA@PLN.CO.ID', 323, 640, '2019-09-03', 1, NULL, NULL, 0),
(2795, 5, 'A D I', '6388054K3', 'ADI63@PLN.CO.ID', 324, 641, '2019-09-03', 1, NULL, NULL, 0),
(2796, 5, 'SYAMSUDIN', '6484182JA', 'SYAMSUDIN@PLN.CO.ID', 325, 641, '2019-09-03', 1, NULL, NULL, 0),
(2797, 5, 'TEGUH WAHYUDI', '6488047K3', 'WAHYUDI@PLN.CO.ID', 324, 641, '2019-09-03', 1, NULL, NULL, 0),
(2798, 5, 'SOELISTIJO', '6584183JA', 'SOELISTIJO@PLN.CO.ID', 326, 641, '2019-09-03', 1, NULL, NULL, 0),
(2799, 5, 'MUDJIONO BIN SUNARYO', '6687039JA', 'MUDJIONOBS@PLN.CO.ID', 142, 641, '2019-09-03', 1, NULL, NULL, 0),
(2800, 5, 'BAMBANG ISWAHYUDI ANTORO', '6792317JA', 'ISWAHYUDI3@PLN.CO.ID', 184, 641, '2019-09-03', 1, NULL, NULL, 0),
(2801, 5, 'ADI SAMPURNO', '6988075K3', 'ADISAMPURNO@PLN.CO.ID', 327, 641, '2019-09-03', 1, NULL, NULL, 0),
(2802, 5, 'HERU PRASETYO', '8708301P3B', 'HERU_PRAST@PLN.CO.ID', 328, 641, '2019-09-03', 1, NULL, NULL, 0),
(2803, 5, 'DINO ARI SETIABUDI', '8708331P3B', 'DINOARI@PLN.CO.ID', 329, 641, '2019-09-03', 1, NULL, NULL, 0),
(2804, 5, 'ARI SUPRAYITNO', '87101040Z', 'SUPRA@PLN.CO.ID', 330, 641, '2019-09-03', 1, NULL, NULL, 0),
(2805, 5, 'NUR QOLIK', '8808291P3B', 'NURQOLIK@PLN.CO.ID', 331, 641, '2019-09-03', 1, NULL, NULL, 0),
(2806, 5, 'SYAIFUL ANAM', '8808293P3B', 'S.ANAM@PLN.CO.ID', 152, 641, '2019-09-03', 1, NULL, NULL, 0),
(2807, 5, 'PEMBRI RIDHO HANAFI', '8808294P3B', 'PEMBRI@PLN.CO.ID', 150, 641, '2019-09-03', 1, NULL, NULL, 0),
(2808, 5, 'SUKONO', '8808296P3B', 'SUKONO@PLN.CO.ID', 149, 641, '2019-09-03', 1, NULL, NULL, 0),
(2809, 5, 'DHONY PRIYAGUNG', '8809206P3B', 'DPRIYA@PLN.CO.ID', 332, 641, '2019-09-03', 1, NULL, NULL, 0),
(2810, 5, 'AAN YUDHA PRAWIRA', '8908332P3B', 'AAN@PLN.CO.ID', 333, 641, '2019-09-03', 1, NULL, NULL, 0),
(2811, 5, 'DONA ALIANANTA', '8909204P3B', 'DONA_AL@PLN.CO.ID', 334, 641, '2019-09-03', 1, NULL, NULL, 0),
(2812, 5, 'NICHO SETYA HERLAMBANG', '8909205P3B', 'NICHO_SH@PLN.CO.ID', 335, 641, '2019-09-03', 1, NULL, NULL, 0),
(2813, 5, 'SIDIQ EKO NUSANTORO', '8910045P3B', 'SIDIQ.EN@PLN.CO.ID', 325, 641, '2019-09-03', 1, NULL, NULL, 0),
(2814, 5, 'AMIRUL MUKMININ', '9009207P3B', 'A_MUKMININ@PLN.CO.ID', 336, 641, '2019-09-03', 1, NULL, NULL, 0),
(2815, 5, 'DANNY NOOR FEBRIANTO', '9110046P3B', 'DANNY.NF@PLN.CO.ID', 156, 641, '2019-09-03', 1, NULL, NULL, 0),
(2816, 5, 'WISNU ANGGA SAKTI', '9115846ZY', 'WA.SAKTI@PLN.CO.ID', 136, 641, '2019-09-03', 1, NULL, NULL, 0),
(2817, 5, 'SOKHIBI', '9313012P3Y', 'SOKHIBI@PLN.CO.ID', 264, 641, '2019-09-03', 1, NULL, NULL, 0),
(2818, 5, 'AQHSA DUHAIRI', '9317172ZY', 'AQHSA.DUHAIRI@PLN.CO.ID', 184, 641, '2019-09-03', 1, NULL, NULL, 0),
(2819, 5, 'GESIT DWIYANTO', '9319332ZY', 'GESIT.DWIYANTO@PLN.CO.ID', 337, 641, '2019-09-03', 1, NULL, NULL, 0),
(2820, 5, 'IRMANSYAH', '94162864ZY', 'IRMANSYAH@PLN.CO.ID', 156, 641, '2019-09-03', 1, NULL, NULL, 0),
(2821, 5, 'RENDI', '9514036P3Y', 'RENDI@PLN.CO.ID', 189, 641, '2019-09-03', 1, NULL, NULL, 0),
(2822, 5, 'MUHAMMAD JAUHAR KAMALUDIN', '9514049P3Y', 'M.JAUHAR@PLN.CO.ID', 338, 641, '2019-09-03', 1, NULL, NULL, 0),
(2823, 5, 'ANDHIKA NIZAR SUSETYO', '9515112P3Y', 'ANDHIKA_NIZAR@PLN.CO.ID', 339, 641, '2019-09-03', 1, NULL, NULL, 0),
(2824, 5, 'PRASETYO SEPTIAN PUTRA', '9515113P3Y', 'P_SEPTIANPUTRA@PLN.CO.ID', 340, 641, '2019-09-03', 1, NULL, NULL, 0),
(2825, 5, 'RACHMAD ADHI WICAKSONO', '9515117P3Y', 'R_ADHIWICAKSONO@PLN.CO.ID', 338, 641, '2019-09-03', 1, NULL, NULL, 0),
(2826, 5, 'FAJAR RAMADIANTO', '9516004TCY', 'FAJAR.RAMADIANTO@PLN.CO.ID', 340, 641, '2019-09-03', 1, NULL, NULL, 0),
(2827, 5, 'HARMIDA WAHYU ADWIJAYA', '9516014TCY', 'HARMIDA.ADWIJAYA@PLN.CO.ID', 341, 641, '2019-09-03', 1, NULL, NULL, 0),
(2828, 5, 'SUGIANTO', '9615116P3Y', 'SUGIANTO_96@PLN.CO.ID', 264, 641, '2019-09-03', 1, NULL, NULL, 0),
(2829, 5, 'ALBET BASITH PRAMBUDI', '9615122P3Y', 'ALBET_BASITH@PLN.CO.ID', 264, 641, '2019-09-03', 1, NULL, NULL, 0),
(2830, 5, 'ALFIAN NURRACHMAN SETIA BUDI', '9616011TCY', 'ALFIAN.BUDI@PLN.CO.ID', 338, 641, '2019-09-03', 1, NULL, NULL, 0),
(2831, 5, 'BAYU ARFI ATDRIANSYAH', '9616013TCY', 'BAYU.ATDRIANSYAH@PLN.CO.ID', 188, 641, '2019-09-03', 1, NULL, NULL, 0),
(2832, 5, 'BUDI UTOMO', '9616015TCY', 'BUDIUTOMO96@PLN.CO.ID', 189, 641, '2019-09-03', 1, NULL, NULL, 0),
(2833, 5, 'DANY BAGUS SEPTIAWAN', '9616016TCY', 'DANY.SEPTIAWAN@PLN.CO.ID', 342, 641, '2019-09-03', 1, NULL, NULL, 0),
(2834, 5, 'EKO SURYAT MOKO', '9616022TCY', 'EKO.MOTO@PLN.CO.ID', 343, 641, '2019-09-03', 1, NULL, NULL, 0),
(2835, 5, 'IRAWAN HARI SAPUTRA', '9616030TCY', 'IRAWAN.SAPUTRA@PLN.CO.ID', 344, 641, '2019-09-03', 1, NULL, NULL, 0),
(2836, 5, 'WIDIK SURYA KISMARADIKHA', '9616051TCY', 'WIDIK.KISMARADIKHA@PLN.CO.ID', 345, 641, '2019-09-03', 1, NULL, NULL, 0),
(2837, 5, 'PUTHOT BAYU IRAWAN', '9617023TCY', 'PUTHOT.IRAWAN@PLN.CO.ID', 346, 641, '2019-09-03', 1, NULL, NULL, 0),
(2838, 5, 'ARIZANDA PRADANA PUTRA AJI', '9716004TCY', 'ARIZANDA.AJI@PLN.CO.ID', 347, 641, '2019-09-03', 1, NULL, NULL, 0),
(2839, 5, 'PANDU DJOKO PURNOMO', '9717022TCY', 'PANDU.PURNOMO@PLN.CO.ID', 348, 641, '2019-09-03', 1, NULL, NULL, 0),
(2840, 5, 'GALANG JATI WICAKSONO', '9817013TCY', 'GALANG.WICAKSONO@PLN.CO.ID', 346, 641, '2019-09-03', 1, NULL, NULL, 0),
(2841, 5, 'GALEH YUDHA PERKASA', '9817014TCY', 'GALEH.PERKASA@PLN.CO.ID', 338, 641, '2019-09-03', 1, NULL, NULL, 0),
(2842, 5, 'WAHJU SETIJONO', '6383082JA', 'WAHJU@PLN.CO.ID', 193, 642, '2019-09-03', 1, NULL, NULL, 0),
(2843, 5, 'SUWANDI', '6484870K3', 'SU.WANDI@PLN.CO.ID', 194, 642, '2019-09-03', 1, NULL, NULL, 0),
(2844, 5, 'SHOFIATUN', '6485099P2B', 'SHOFIATUN@PLN.CO.ID', 194, 642, '2019-09-03', 1, NULL, NULL, 0),
(2845, 5, 'HANDOYO', '6485104JA', 'HANDOYO64@PLN.CO.ID', 194, 642, '2019-09-03', 1, NULL, NULL, 0),
(2846, 5, 'MASTUR', '6485121JA', 'MASTUR@PLN.CO.ID', 194, 642, '2019-09-03', 1, NULL, NULL, 0),
(2847, 5, 'PARDJI', '6485158JA', 'PARDJI@PLN.CO.ID', 349, 642, '2019-09-03', 1, NULL, NULL, 0),
(2848, 5, 'ASTUTI MUGIWATI', '6585120JA', 'ASTUTI@PLN.CO.ID', 194, 642, '2019-09-03', 1, NULL, NULL, 0),
(2849, 5, 'DJOKO BASUKI', '6585164JA', 'DJOKOBASUKI@PLN.CO.ID', 350, 642, '2019-09-03', 1, NULL, NULL, 0),
(2850, 5, 'SUYITNO', '6585240JA', 'SUYITNO65@PLN.CO.ID', 351, 642, '2019-09-03', 1, NULL, NULL, 0),
(2851, 5, 'HERU SUSANTO', '6586010JA', 'HERU2@PLN.CO.ID', 194, 642, '2019-09-03', 1, NULL, NULL, 0),
(2852, 5, 'SUWOTO SUPARNO', '6586031JA', 'SUWOTO.SUPARNO@PLN.CO.ID', 194, 642, '2019-09-03', 1, NULL, NULL, 0),
(2853, 5, 'SRI PONCO ASIH', '6687033JA', 'PONCO@PLN.CO.ID', 194, 642, '2019-09-03', 1, NULL, NULL, 0),
(2854, 5, 'TOMIJAN', '6693263JA', 'TOMIJAN@PLN.CO.ID', 202, 642, '2019-09-03', 1, NULL, NULL, 0),
(2855, 5, 'SRI HANDAYANI', '6787034JA', 'HANDAYANI3@PLN.CO.ID', 352, 642, '2019-09-03', 1, NULL, NULL, 0),
(2856, 5, 'WACHID SOEGIHARTO', '6793146K3', 'WACHID@PLN.CO.ID', 194, 642, '2019-09-03', 1, NULL, NULL, 0),
(2857, 5, 'WIJANARKO', '6892149JA', 'WIJANARKO@PLN.CO.ID', 194, 642, '2019-09-03', 1, NULL, NULL, 0),
(2858, 5, 'HERY YULIANTO', '7094224K3', 'HERY@PLN.CO.ID', 353, 642, '2019-09-03', 1, NULL, NULL, 0),
(2859, 5, 'MUGI SANTOSO', '7292328JA', 'MUGI.SANTOSO@PLN.CO.ID', 194, 642, '2019-09-03', 1, NULL, NULL, 0),
(2860, 5, 'BAMBANG PUJOASMORO', '8404050P3B', 'BAMBANG4@PLN.CO.ID', 207, 642, '2019-09-03', 1, NULL, NULL, 0),
(2861, 5, 'ANI PURWITASARI', '8410078Z', 'A.PURWITASARI@PLN.CO.ID', 82, 642, '2019-09-03', 1, NULL, NULL, 0),
(2862, 5, 'YAN FISTHO PRIBADI', '8508219P3B', 'YAN@PLN.CO.ID', 209, 642, '2019-09-03', 1, NULL, NULL, 0),
(2863, 5, 'IRCHAM SUSANTO', '8509607Z', 'IRCHAMS@PLN.CO.ID', 271, 642, '2019-09-03', 1, NULL, NULL, 0),
(2864, 5, 'RIZA ISGIARTO', '8608213P3B', 'ISGIARTO@PLN.CO.ID', 211, 642, '2019-09-03', 1, NULL, NULL, 0),
(2865, 5, 'GUN PRASETYO', '8608286P3B', 'GUN@PLN.CO.ID', 214, 642, '2019-09-03', 1, NULL, NULL, 0),
(2866, 5, 'NOFA BIANTORO', '8708217P3B', 'NOFABI@PLN.CO.ID', 200, 642, '2019-09-03', 1, NULL, NULL, 0),
(2867, 5, 'CHOLIQ FAHRUDDIN', '8708303P3B', 'C_FAHRUDDIN@PLN.CO.ID', 217, 642, '2019-09-03', 1, NULL, NULL, 0),
(2868, 5, 'DANANG FAJAR KARYA SEPUTRA', '8709202P3B', 'DANANG_FKS@PLN.CO.ID', 215, 642, '2019-09-03', 1, NULL, NULL, 0),
(2869, 5, 'MUHAMMAD ISLAKHUDIN', '8808225P3B', 'ISLAKHUDIN@PLN.CO.ID', 354, 642, '2019-09-03', 1, NULL, NULL, 0),
(2870, 5, 'PUPUT CHANDRA IRAVANDHI', '88111585Z', 'PUPUT.CI@PLN.CO.ID', 355, 642, '2019-09-03', 1, NULL, NULL, 0),
(2871, 5, 'TOMMY PERDANA PUTRA', '8813145ZY', 'TOMMY.P@PLN.CO.ID', 218, 642, '2019-09-03', 1, NULL, NULL, 0),
(2872, 5, 'FERLIANTONI', '8908210P3B', 'FERLIANTONI@PLN.CO.ID', 210, 642, '2019-09-03', 1, NULL, NULL, 0),
(2873, 5, 'MUHAMMAD RIZZAL', '8909062P3B', 'M.RIZZAL@PLN.CO.ID', 203, 642, '2019-09-03', 1, NULL, NULL, 0),
(2874, 5, 'ALFIM MUHLISON', '8909193P3B', 'ALFIM@PLN.CO.ID', 272, 642, '2019-09-03', 1, NULL, NULL, 0),
(2875, 5, 'RIZKY WIBAWA', '89112098Z', 'RIZKY.WIBAWA@PLN.CO.ID', 76, 642, '2019-09-03', 1, NULL, NULL, 0),
(2876, 5, 'DEDY AGUS TRIYANTO', '9009203P3B', 'DEDY_AT@PLN.CO.ID', 216, 642, '2019-09-03', 1, NULL, NULL, 0),
(2877, 5, 'FAUZAN AMIR', '9013189ZY', 'FAUZAN.AMIR@PLN.CO.ID', 205, 642, '2019-09-03', 1, NULL, NULL, 0),
(2878, 5, 'WAHYONO TRI PRANOTO', '9112020P3Y', 'WAHYONO.TRI@PLN.CO.ID', 356, 642, '2019-09-03', 1, NULL, NULL, 0),
(2879, 5, 'ASIH HARDIANTI NURDIN', '9113257ZY', 'ASIH.HN@PLN.CO.ID', 357, 642, '2019-09-03', 1, NULL, NULL, 0),
(2880, 5, 'JEFRI ARSAND HENDRAWAN', '9212025P3Y', 'JEFRI.ARSAND@PLN.CO.ID', 356, 642, '2019-09-03', 1, NULL, NULL, 0),
(2881, 5, 'SOPYAN DWI SAPUTRO', '9212026P3Y', 'SOPYAN2@PLN.CO.ID', 221, 642, '2019-09-03', 1, NULL, NULL, 0),
(2882, 5, 'ARUM FATUNISA KUSUMASTUTI', '9214297ZY', 'ARUM.FATUNISA@PLN.CO.ID', 358, 642, '2019-09-03', 1, NULL, NULL, 0),
(2883, 5, 'FERDITYA KRISNANDA', '9215880ZY', 'FERDITYA.K@PLN.CO.ID', 198, 642, '2019-09-03', 1, NULL, NULL, 0),
(2884, 5, 'A. RIFANI IRHAM', '9218029ZY', 'A.IRHAM@PLN.CO.ID', 195, 642, '2019-09-03', 1, NULL, NULL, 0),
(2885, 5, 'ADI ABDILLA', '9312035P3Y', 'ABDILLA@PLN.CO.ID', 221, 642, '2019-09-03', 1, NULL, NULL, 0),
(2886, 5, 'M. RIFA\'I', '9312038P3Y', 'RIFAI93@PLN.CO.ID', 356, 642, '2019-09-03', 1, NULL, NULL, 0),
(2887, 5, 'SIGIT KUNCORO EKO SAKTI', '9315993ZY', 'SIGIT.KES@PLN.CO.ID', 208, 642, '2019-09-03', 1, NULL, NULL, 0),
(2888, 5, 'AMBAR ARIFFIYANTI', '93161882ZY', 'AMBAR.ARIFFIYANTI@PLN.CO.ID', 276, 642, '2019-09-03', 1, NULL, NULL, 0),
(2889, 5, 'PANGARSO UTOMO', '94161622ZY', 'PANGARSO.UTOMO@PLN.CO.ID', 110, 642, '2019-09-03', 1, NULL, NULL, 0),
(2890, 5, 'WINANDRA SUKMA WISUDA', '94161987ZY', 'WINANDRA.WISUDA@PLN.CO.ID', 280, 642, '2019-09-03', 1, NULL, NULL, 0),
(2891, 5, 'AHMAD RIDHWAN', '94171479ZY', 'AHMAD.RIDHWAN@PLN.CO.ID', 110, 642, '2019-09-03', 1, NULL, NULL, 0),
(2892, 5, 'FITRIYANTI', '95171903ZY', 'FITRIYANTI.FITRI@PLN.CO.ID', 220, 642, '2019-09-03', 1, NULL, NULL, 0),
(2893, 5, 'FARDATUL HUSNIAH', '9519533ZY', 'FARDATUL.HUSNIAH@PLN.CO.ID', 224, 642, '2019-09-03', 1, NULL, NULL, 0),
(2894, 5, 'FERLLY ANGGA PRAVIEDYA', '9615123P3Y', 'FERLLY_ANGGA@PLN.CO.ID', 359, 642, '2019-09-03', 1, NULL, NULL, 0),
(2895, 5, 'RIZKI UNTARI', '96171486ZY', 'RIZKI.UNTARI@PLN.CO.ID', 115, 642, '2019-09-03', 1, NULL, NULL, 0),
(2896, 5, 'FEBRIAN PRAHARA PUTRA', '9617061TCY', 'FEBRIAN.PUTRA@PLN.CO.ID', 221, 642, '2019-09-03', 1, NULL, NULL, 0),
(2897, 5, 'ADE TOPAN', '9717066TCY', 'ADE.TOPAN@PLN.CO.ID', 221, 642, '2019-09-03', 1, NULL, NULL, 0),
(2898, 5, 'BENNI MUAMALI', '9717070TCY', 'BENNI.MUAMALI@PLN.CO.ID', 221, 642, '2019-09-03', 1, NULL, NULL, 0),
(2899, 5, 'BUDI DWI PRIYONO', '9717076TCY', 'BUDI.DWIPRIYONO@PLN.CO.ID', 221, 642, '2019-09-03', 1, NULL, NULL, 0),
(2900, 5, 'DANI PRASETYO', '9717077TCY', 'DANI.PRASETYO97@PLN.CO.ID', 221, 642, '2019-09-03', 1, NULL, NULL, 0),
(2901, 5, 'IMRON KURNIADI', '9717081TCY', 'IMRON.KURNIADI@PLN.CO.ID', 221, 642, '2019-09-03', 1, NULL, NULL, 0),
(2902, 5, 'FITRI ZULAIKAH', '9817009TCY', 'FITRI.ZULAIKAH@PLN.CO.ID', 220, 642, '2019-09-03', 1, NULL, NULL, 0),
(2903, 5, 'FITRI YULIA NINGSIH', '9817010TCY', 'FITRI.NINGSIH@PLN.CO.ID', 129, 642, '2019-09-03', 1, NULL, NULL, 0),
(2904, 6, 'MUZAIYIN', '6487035K3', 'MUZAIYIN@PLN.CO.ID', 360, 643, '2019-09-03', 1, NULL, NULL, 0),
(2905, 6, 'MA\'RUF', '6587037K3', 'MA.RUF@PLN.CO.ID', 361, 643, '2019-09-03', 1, NULL, NULL, 0),
(2906, 6, 'UNTUNG KARIYONO', '6591106JA', 'UNTUNG.KARIYONO@PLN.CO.ID', 362, 643, '2019-09-03', 1, NULL, NULL, 0),
(2907, 6, 'HARMAN', '6792309JA', 'HARMAN@PLN.CO.ID', 363, 643, '2019-09-03', 1, NULL, NULL, 0),
(2908, 6, 'TEGUH BASUKI', '6888048K3', 'TEGUHBASUKI@PLN.CO.ID', 364, 643, '2019-09-03', 1, NULL, NULL, 0),
(2909, 6, 'SUNGGUL GULTOM', '6890003JA', 'SUNGGUL.GULTOM@PLN.CO.ID', 365, 643, '2019-09-03', 1, NULL, NULL, 0),
(2910, 6, 'MUHAMAD ROJIKAN', '6892141JA', 'ROJIKAN@PLN.CO.ID', 149, 643, '2019-09-03', 1, NULL, NULL, 0),
(2911, 6, 'NUR SODIK', '6993492K3', 'NURSODIK@PLN.CO.ID', 366, 643, '2019-09-03', 1, NULL, NULL, 0),
(2912, 6, 'IBNU AZAM', '7192334JA', 'IBNUAZAM@PLN.CO.ID', 367, 643, '2019-09-03', 1, NULL, NULL, 0),
(2913, 6, 'SUNARDI', '7292182K3', 'SUNARDI72@PLN.CO.ID', 368, 643, '2019-09-03', 1, NULL, NULL, 0),
(2914, 6, 'NANANG ASHARI', '7294001K3', 'NANANG3@PLN.CO.ID', 142, 643, '2019-09-03', 1, NULL, NULL, 0),
(2915, 6, 'YUSTA ASYA PRIBADI', '8708277P3B', 'YUSTA@PLN.CO.ID', 369, 643, '2019-09-03', 1, NULL, NULL, 0),
(2916, 6, 'NANU PRABOWO', '8808278P3B', 'NANU@PLN.CO.ID', 152, 643, '2019-09-03', 1, NULL, NULL, 0),
(2917, 6, 'PUJO SETIO', '8808285P3B', 'PUJO_SETIO@PLN.CO.ID', 150, 643, '2019-09-03', 1, NULL, NULL, 0),
(2918, 6, 'ALFIAN ADI NOERHAMSYAH', '8809165P3B', 'FIAN_KARJI@PLN.CO.ID', 360, 643, '2019-09-03', 1, NULL, NULL, 0),
(2919, 6, 'PRIHATMANTA SATRIA DINATA', '8810938Z', 'SATRIA.DINATA@PLN.CO.ID', 136, 643, '2019-09-03', 1, NULL, NULL, 0),
(2920, 6, 'ALI MASDUKI', '8908275P3B', 'ALI_MASDUKI@PLN.CO.ID', 370, 643, '2019-09-03', 1, NULL, NULL, 0),
(2921, 6, 'ARIA WIDYA PERDANA', '8908284P3B', 'ARIA@PLN.CO.ID', 371, 643, '2019-09-03', 1, NULL, NULL, 0),
(2922, 6, 'ARIS PRATAMA', '8909168P3B', 'APRATAMA@PLN.CO.ID', 360, 643, '2019-09-03', 1, NULL, NULL, 0),
(2923, 6, 'BENI PRASETIYO', '9009162P3B', 'BENI_PRAS@PLN.CO.ID', 360, 643, '2019-09-03', 1, NULL, NULL, 0),
(2924, 6, 'SABILA ROSYADI', '9116880ZY', 'SABILA.ROSYADI@PLN.CO.ID', 136, 643, '2019-09-03', 1, NULL, NULL, 0),
(2925, 6, 'RYAN REZAKY PADARSA', '9217168ZY', 'RYAN.PADARSA@PLN.CO.ID', 372, 643, '2019-09-03', 1, NULL, NULL, 0),
(2926, 6, 'PUTRA SEPTIAN PERMANA', '93163776ZY', 'PUTRAS.PERMANA@PLN.CO.ID', 136, 643, '2019-09-03', 1, NULL, NULL, 0),
(2927, 6, 'MARLUHUT  G. H. SIGIRO', '9317308ZY', 'MARLUHUT.SIGIRO@PLN.CO.ID', 184, 643, '2019-09-03', 1, NULL, NULL, 0),
(2928, 6, 'FAUZI OCTHA MAULANA', '9414025P3Y', 'FAUZI.OCTHA@PLN.CO.ID', 373, 643, '2019-09-03', 1, NULL, NULL, 0),
(2929, 6, 'RAMADHAN DWI NUGROHO', '9417540ZY', 'RAMADHAN.NUGROHO@PLN.CO.ID', 135, 643, '2019-09-03', 1, NULL, NULL, 0),
(2930, 6, 'ROBY SEPTAULTSANI', '9417543ZY', 'ROBY.SEPTAULTSANI@PLN.CO.ID', 157, 643, '2019-09-03', 1, NULL, NULL, 0),
(2931, 6, 'MOCHAMAD FACHRI ROSADI', '94171480ZY', 'MOCHAMAD.ROSADI@PLN.CO.ID', 184, 643, '2019-09-03', 1, NULL, NULL, 0),
(2932, 6, 'AHMAD KHOIRUL NUR HADIYANTO', '9516002TCY', 'AHMAD.HADIYANTO@PLN.CO.ID', 189, 643, '2019-09-03', 1, NULL, NULL, 0),
(2933, 6, 'TIARA DEASYANTARI', '9517551ZY', 'TIARA.DEASYANTARI@PLN.CO.ID', 157, 643, '2019-09-03', 1, NULL, NULL, 0),
(2934, 6, 'CHANDRA PRAYOGA', '9517554ZY', 'CHANDRA.PRAYOGA@PLN.CO.ID', 159, 643, '2019-09-03', 1, NULL, NULL, 0),
(2935, 6, 'CECEP TAUFIK HIDAYAT', '95171483ZY', 'CECEP.HIDAYAT@PLN.CO.ID', 159, 643, '2019-09-03', 1, NULL, NULL, 0),
(2936, 6, 'HIFDILLAH KHARISMA MUHAMMAD', '9615108P3Y', 'HIFDILLAH_KHARISMA@PLN.CO.ID', 373, 643, '2019-09-03', 1, NULL, NULL, 0),
(2937, 6, 'GALIH SETIA RAHMADHANY', '9616025TCY', 'GALIH.RAHMADHANY@PLN.CO.ID', 374, 643, '2019-09-03', 1, NULL, NULL, 0),
(2938, 6, 'LAYIN WAHYU DJUNAEDI', '9616033TCY', 'LAYIN.DJUNAEDI@PLN.CO.ID', 375, 643, '2019-09-03', 1, NULL, NULL, 0),
(2939, 6, 'RIZAL ADITAMA', '9616045TCY', 'RIZAL.ADITAMA@PLN.CO.ID', 376, 643, '2019-09-03', 1, NULL, NULL, 0),
(2940, 6, 'MOH FADHILATUL HUSNI', '9817028TCY', 'MOH.HUSNI@PLN.CO.ID', 373, 643, '2019-09-03', 1, NULL, NULL, 0),
(2941, 6, 'UGIK ASNAWAN', '9817032TCY', 'UGIK.ASNAWAN@PLN.CO.ID', 377, 643, '2019-09-03', 1, NULL, NULL, 0),
(2942, 6, 'WAHYU ASYARI ADITYA', '9817033TCY', 'WAHYU.ADITYA@PLN.CO.ID', 189, 643, '2019-09-03', 1, NULL, NULL, 0),
(2943, 6, 'RUDI WINARYO', '6393254JA', 'RUDI.WINARYO@PLN.CO.ID', 135, 644, '2019-09-03', 1, NULL, NULL, 0),
(2944, 6, 'MAS\'UD', '6487020JA', 'MAS\'UD@PLN.CO.ID', 378, 644, '2019-09-03', 1, NULL, NULL, 0),
(2945, 6, 'SUYONO', '6584097JA', 'S.YONO@PLN.CO.ID', 135, 644, '2019-09-03', 1, NULL, NULL, 0),
(2946, 6, 'SONNY', '6586036JA', 'SONNY@PLN.CO.ID', 135, 644, '2019-09-03', 1, NULL, NULL, 0),
(2947, 6, 'TAU TUMPAK MULIA TAMBUNAN', '6891102JA', 'MULIA.TAMBUNAN@PLN.CO.ID', 156, 644, '2019-09-03', 1, NULL, NULL, 0),
(2948, 6, 'NANANG SUJIONO', '7192305JA', 'NANANG.SUJIONO@PLN.CO.ID', 142, 644, '2019-09-03', 1, NULL, NULL, 0),
(2949, 6, 'DESSY FERDINAND LATUPAPUA', '7292327JA', 'DESSY.LATUPAPUA@PLN.CO.ID', 135, 644, '2019-09-03', 1, NULL, NULL, 0),
(2950, 6, 'KUSHENDARTO', '7294019P3B', 'KUSHENDARTO@PLN.CO.ID', 379, 644, '2019-09-03', 1, NULL, NULL, 0),
(2951, 6, 'NURWATHONY ABDILLAH', '8407032P3B', 'THONY@PLN.CO.ID', 380, 644, '2019-09-03', 1, NULL, NULL, 0),
(2952, 6, 'TEZAR PUNGKAS PRIHATIN', '8506088P3B', 'TEZAR@PLN.CO.ID', 381, 644, '2019-09-03', 1, NULL, NULL, 0),
(2953, 6, 'RONI ARIFIANTO', '8608250P3B', 'ARIFIANTO@PLN.CO.ID', 382, 644, '2019-09-03', 1, NULL, NULL, 0),
(2954, 6, 'JOHNNY PRIONGGO BUDI', '8608259P3B', 'JOHNNY@PLN.CO.ID', 383, 644, '2019-09-03', 1, NULL, NULL, 0),
(2955, 6, 'HERY SULISTIYO', '8609147P3B', 'HSULISTIYO@PLN.CO.ID', 382, 644, '2019-09-03', 1, NULL, NULL, 0),
(2956, 6, 'JOKO PRAYITNO', '8808254P3B', 'J_PRAYITNO@PLN.CO.ID', 384, 644, '2019-09-03', 1, NULL, NULL, 0),
(2957, 6, 'YOPI YULIANTO', '8808260P3B', 'YOPI@PLN.CO.ID', 385, 644, '2019-09-03', 1, NULL, NULL, 0),
(2958, 6, 'HARIYADI SURYA HAKIKI', '8808261P3B', 'HAKIKI@PLN.CO.ID', 386, 644, '2019-09-03', 1, NULL, NULL, 0),
(2959, 6, 'MOHAMMAD SUBACHAN', '8808264P3B', 'SUBACHAN@PLN.CO.ID', 387, 644, '2019-09-03', 1, NULL, NULL, 0),
(2960, 6, 'EDI PURNOMO', '8808269P3B', 'EDIPUR@PLN.CO.ID', 388, 644, '2019-09-03', 1, NULL, NULL, 0),
(2961, 6, 'MOCHAMAD SULTON', '8908252P3B', 'SULTON@PLN.CO.ID', 389, 644, '2019-09-03', 1, NULL, NULL, 0),
(2962, 6, 'MADA FIYANTORO', '8908255P3B', 'FIYANTORO@PLN.CO.ID', 149, 644, '2019-09-03', 1, NULL, NULL, 0),
(2963, 6, 'DENY PEBRI UTOMO', '8908265P3B', 'PEBRI@PLN.CO.ID', 390, 644, '2019-09-03', 1, NULL, NULL, 0),
(2964, 6, 'ARIF KURNIAWAN', '8908266P3B', 'AK@PLN.CO.ID', 150, 644, '2019-09-03', 1, NULL, NULL, 0),
(2965, 6, 'CANDRA AGUNG CAHYONO', '8908271P3B', 'CANDRA3@PLN.CO.ID', 391, 644, '2019-09-03', 1, NULL, NULL, 0),
(2966, 6, 'TRI BIANTORO', '8908272P3B', 'BIANTORO@PLN.CO.ID', 392, 644, '2019-09-03', 1, NULL, NULL, 0),
(2967, 6, 'YANUARDI RUDIANTO', '8908330P3B', 'YANUARDI@PLN.CO.ID', 393, 644, '2019-09-03', 1, NULL, NULL, 0),
(2968, 6, 'DEVI ARISTIANTO HARIYADI', '8908348P3B', 'DEVI2@PLN.CO.ID', 394, 644, '2019-09-03', 1, NULL, NULL, 0),
(2969, 6, 'DWI NURCAHYONO', '8909167P3B', '2NURCAHYONO@PLN.CO.ID', 157, 644, '2019-09-03', 1, NULL, NULL, 0),
(2970, 6, 'HENDRI FEBRIANTO', '9009176P3B', 'HENDRI_F@PLN.CO.ID', 395, 644, '2019-09-03', 1, NULL, NULL, 0),
(2971, 6, 'AHMAD YANI', '9117163ZY', 'AHMAD.YANI91@PLN.CO.ID', 136, 644, '2019-09-03', 1, NULL, NULL, 0),
(2972, 6, 'ARIF YUDIO RUSTANDI', '9317170ZY', 'ARIF.RUSTANDI@PLN.CO.ID', 157, 644, '2019-09-03', 1, NULL, NULL, 0),
(2973, 6, 'SOCA BASKARA', '93171165ZY', 'SOCA.BASKARA@PLN.CO.ID', 136, 644, '2019-09-03', 1, NULL, NULL, 0),
(2974, 6, 'UGIH SUGIANTO', '9414026P3Y', 'UGIH.S@PLN.CO.ID', 396, 644, '2019-09-03', 1, NULL, NULL, 0),
(2975, 6, 'FERRY NUGRAHA', '94161599ZY', 'FERRYNUGRAHA1@PLN.CO.ID', 157, 644, '2019-09-03', 1, NULL, NULL, 0),
(2976, 6, 'MUHAMMAD ARSYAD ARRIZQI', '94162925ZY', 'MUHAMMAD.ARRIZQI@PLN.CO.ID', 156, 644, '2019-09-03', 1, NULL, NULL, 0),
(2977, 6, 'SISCA NUR VIASARI', '94162858ZY', 'SISCA.VIASARI@PLN.CO.ID', 156, 644, '2019-09-03', 1, NULL, NULL, 0),
(2978, 6, 'MOH. IQBAL SETIAWAN', '94174008ZY', 'IQBAL.SETIAWAN1@PLN.CO.ID', 156, 644, '2019-09-03', 1, NULL, NULL, 0),
(2979, 6, 'FARIZ HASBI ARSANTO', '94171166ZY', 'FARIZ.ARSANTO@PLN.CO.ID', 135, 644, '2019-09-03', 1, NULL, NULL, 0),
(2980, 6, 'UJANG ROHMANNURHAKIM', '9514051P3Y', 'UJANG.RN@PLN.CO.ID', 397, 644, '2019-09-03', 1, NULL, NULL, 0),
(2981, 6, 'YOGA IYAN HAVIYANTO', '9515107P3Y', 'YOGA_IYAN@PLN.CO.ID', 264, 644, '2019-09-03', 1, NULL, NULL, 0),
(2982, 6, 'MOCHAMAD FARIES ZAMZAMI', '9515110P3Y', 'M_FARIESZAMZAMI@PLN.CO.ID', 398, 644, '2019-09-03', 1, NULL, NULL, 0),
(2983, 6, 'MUHAMAT NURKOLES', '9515111P3Y', 'MUHAMAT_NURKOLES@PLN.CO.ID', 397, 644, '2019-09-03', 1, NULL, NULL, 0),
(2984, 6, 'M.IMAM NURAINI', '9516008TCY', 'M.NURAINI@PLN.CO.ID', 399, 644, '2019-09-03', 1, NULL, NULL, 0),
(2985, 6, 'AUDIAMIKA PUTRI MARDYANTI', '95171482ZY', 'AUDIAMIKA.MARDYANTI@PLN.CO.ID', 159, 644, '2019-09-03', 1, NULL, NULL, 0),
(2986, 6, 'RIDHA ARDAN ISTIAWAN', '9615109P3Y', 'RIDHA_ARDAN@PLN.CO.ID', 400, 644, '2019-09-03', 1, NULL, NULL, 0),
(2987, 6, 'ACHMAD IRBABUL LUBAB SHOFI', '9616003TCY', 'ACHMAD.SHOFI@PLN.CO.ID', 401, 644, '2019-09-03', 1, NULL, NULL, 0),
(2988, 6, 'ARIEF RACHMAN HERMANTO', '9716003TCY', 'ARIEF.HERMANTO@PLN.CO.ID', 400, 644, '2019-09-03', 1, NULL, NULL, 0),
(2989, 6, 'MOCH ONI NOVARIANSYAH', '9616036TCY', 'MOCH.NOVARIANSYAH@PLN.CO.ID', 188, 644, '2019-09-03', 1, NULL, NULL, 0),
(2990, 6, 'SURYA SETIYASNO', '9616049TCY', 'SURYA.SATIYASNO@PLN.CO.ID', 402, 644, '2019-09-03', 1, NULL, NULL, 0),
(2991, 6, 'MOCH HABIBUR ROHMAN', '9716018TCY', 'MOCH.ROHMAN@PLN.CO.ID', 398, 644, '2019-09-03', 1, NULL, NULL, 0),
(2992, 6, 'IVAN HARIANTO RENESSE', '9717027TCY', 'IVAN.RENESSE@PLN.CO.ID', 264, 644, '2019-09-03', 1, NULL, NULL, 0),
(2993, 6, 'MUHAMMAD ANNAHUMAN MACHDIH', '9817029TCY', 'MUHAMMAD.MACHDIH@PLN.CO.ID', 403, 644, '2019-09-03', 1, NULL, NULL, 0),
(2994, 6, 'RIFALDO BONDAN SUROWANGI', '9817031TCY', 'RIFALDO.SUROWANGI@PLN.CO.ID', 404, 644, '2019-09-03', 1, NULL, NULL, 0),
(2995, 6, 'SARWONO', '6588051K3', 'SARWONO2@PLN.CO.ID', 405, 645, '2019-09-03', 1, NULL, NULL, 0),
(2996, 6, 'SUJOKO MARJANI', '6686003P3B', 'SUJOKO@PLN.CO.ID', 156, 645, '2019-09-03', 1, NULL, NULL, 0),
(2997, 6, 'MULYONO', '6792332JA', 'MULYONO67@PLN.CO.ID', 406, 645, '2019-09-03', 1, NULL, NULL, 0),
(2998, 6, 'EDIE PURWANTO', '6892315JA', 'EDIE.PW@PLN.CO.ID', 407, 645, '2019-09-03', 1, NULL, NULL, 0),
(2999, 6, 'SISWO', '6992322JA', 'SISWO@PLN.CO.ID', 364, 645, '2019-09-03', 1, NULL, NULL, 0),
(3000, 6, 'SUWARNO', '6992337JA', 'WARNO2@PLN.CO.ID', 184, 645, '2019-09-03', 1, NULL, NULL, 0),
(3001, 6, 'SUGIARTO', '6993186JA', 'SUGIARTO2@PLN.CO.ID', 142, 645, '2019-09-03', 1, NULL, NULL, 0),
(3002, 6, 'EKO SUPRIYANTO', '7393175JA', 'EKOSUPRIYANTO@PLN.CO.ID', 408, 645, '2019-09-03', 1, NULL, NULL, 0),
(3003, 6, 'AGUS RIYANTO', '7393401K3', 'AGUS.RIYANTO@PLN.CO.ID', 364, 645, '2019-09-03', 1, NULL, NULL, 0),
(3004, 6, 'MUHAJIR', '8708276P3B', 'MUHAJIR87@PLN.CO.ID', 409, 645, '2019-09-03', 1, NULL, NULL, 0),
(3005, 6, 'MUHAMMAD IKHSANUDDIN CHALIMY', '8808279P3B', 'CHALIMY@PLN.CO.ID', 149, 645, '2019-09-03', 1, NULL, NULL, 0),
(3006, 6, 'ENDRIK DWI WIBOWO', '8808283P3B', 'ENDRIK_DW@PLN.CO.ID', 152, 645, '2019-09-03', 1, NULL, NULL, 0),
(3007, 6, 'FERYDIANTO OKTA PRAMUDYA', '8809163P3B', 'FO_PRAMUDYA@PLN.CO.ID', 410, 645, '2019-09-03', 1, NULL, NULL, 0),
(3008, 6, 'TRITYA SUKMA', '8809169P3B', 'TRITYAS@PLN.CO.ID', 411, 645, '2019-09-03', 1, NULL, NULL, 0),
(3009, 6, 'MUHAMMAD FAHMI RIZAL SJUHADA', '8908274P3B', 'RIZAL_SJUHADA@PLN.CO.ID', 412, 645, '2019-09-03', 1, NULL, NULL, 0),
(3010, 6, 'ASEP DWI SAPUTRO', '8908281P3B', 'ASEP_DS@PLN.CO.ID', 413, 645, '2019-09-03', 1, NULL, NULL, 0),
(3011, 6, 'EDY PRASETIYO', '8908282P3B', 'EDY_PRAST@PLN.CO.ID', 414, 645, '2019-09-03', 1, NULL, NULL, 0),
(3012, 6, 'ANTOK SUDRAJAD', '8909164P3B', 'ANTOK_JAD@PLN.CO.ID', 415, 645, '2019-09-03', 1, NULL, NULL, 0),
(3013, 6, 'RONY HERMINTO', '9009166P3B', 'HERMINTO@PLN.CO.ID', 150, 645, '2019-09-03', 1, NULL, NULL, 0),
(3014, 6, 'KHARISMA DARMAWAN PUTRA', '9015350ZY', 'KHARISMA.DP@PLN.CO.ID', 184, 645, '2019-09-03', 1, NULL, NULL, 0),
(3015, 6, 'RHEZANANTA ARYA HUMANIORA', '9115839ZY', 'RHEZANANTA.AH@PLN.CO.ID', 136, 645, '2019-09-03', 1, NULL, NULL, 0),
(3016, 6, 'RIZCHA BUDIARTI FRIENTIANA', '92141079ZY', 'RIZCHA.FRIENTIANA@PLN.CO.ID', 416, 645, '2019-09-03', 1, NULL, NULL, 0),
(3017, 6, 'MOCH. FAHMI ADI', '9313018P3Y', 'FAHMI.ADI@PLN.CO.ID', 417, 645, '2019-09-03', 1, NULL, NULL, 0),
(3018, 6, 'MOH HERI MAFIK', '9313019P3Y', 'MAFIK@PLN.CO.ID', 418, 645, '2019-09-03', 1, NULL, NULL, 0),
(3019, 6, 'GRAND LIMBONG MANTONG', '93161867ZY', 'GRAND.MANTONG@PLN.CO.ID', 135, 645, '2019-09-03', 1, NULL, NULL, 0),
(3020, 6, 'YUSUF IRKHAM', '93162751ZY', 'YUSUF.IRKHAM@PLN.CO.ID', 157, 645, '2019-09-03', 1, NULL, NULL, 0),
(3021, 6, 'DZIKRI PURNAMA', '93163721ZY', 'DZIKRI.PURNAMA@PLN.CO.ID', 136, 645, '2019-09-03', 1, NULL, NULL, 0),
(3022, 6, 'FACHTUR RAHMAN', '9418124ZY', 'FACHTUR.RAHMAN@PLN.CO.ID', 156, 645, '2019-09-03', 1, NULL, NULL, 0),
(3023, 6, 'RIZAL KURNIAWAN HANDOKO', '9517555ZY', 'RIZAL.HANDOKO@PLN.CO.ID', 156, 645, '2019-09-03', 1, NULL, NULL, 0),
(3024, 6, 'DICKY FIRDA ANDRIAN', '9616019TCY', 'DICKY.ANDRIAN@PLN.CO.ID', 419, 645, '2019-09-03', 1, NULL, NULL, 0),
(3025, 6, 'ELVAN YULIO VRENDA', '9616023TCY', 'ELVAN.VRENDA@PLN.CO.ID', 418, 645, '2019-09-03', 1, NULL, NULL, 0),
(3026, 6, 'IMRON JULIANSYAH', '9616429TCY', 'IMRON.JULIANSYAH@PLN.CO.ID', 420, 645, '2019-09-03', 1, NULL, NULL, 0),
(3027, 6, 'M. AGUS KHOIRURRIZQI', '9616034TCY', 'M.KHOIRURRIZQI@PLN.CO.ID', 421, 645, '2019-09-03', 1, NULL, NULL, 0),
(3028, 6, 'YOGA PANTRIYA', '9616053TCY', 'YOGA.PANTRIYA@PLN.CO.ID', 422, 645, '2019-09-03', 1, NULL, NULL, 0),
(3029, 6, 'EDWIN ANDRIANSYAH', '9716010TCY', 'EDWIN.ANDRIANSYAH@PLN.CO.ID', 264, 645, '2019-09-03', 1, NULL, NULL, 0),
(3030, 6, 'RICKY ARWANDA', '9716030TCY', 'RICKY.ARWANDA@PLN.CO.ID', 421, 645, '2019-09-03', 1, NULL, NULL, 0),
(3031, 6, 'SLAMET PRAMONO', '9716034TCY', 'SLAMET.PRAMONO@PLN.CO.ID', 188, 645, '2019-09-03', 1, NULL, NULL, 0),
(3032, 6, 'MUHAMMAD DODI KURNIAWAN', '9717030TCY', 'MUHAMMAD.KURNIAWAN1@PLN.CO.ID', 423, 645, '2019-09-03', 1, NULL, NULL, 0),
(3033, 6, 'LUKMAN PRASETYO SANTOSO', '9717034TCY', 'LUKMAN.SANTOSO@PLN.CO.ID', 420, 645, '2019-09-03', 1, NULL, NULL, 0),
(3034, 6, 'WAHYONO', '6383237JA', 'WAHYONO2@PLN.CO.ID', 194, 646, '2019-09-03', 1, NULL, NULL, 0),
(3035, 6, 'SA\'AMAH', '6385243JA', 'SA\'AMAH@PLN.CO.ID', 273, 646, '2019-09-03', 1, NULL, NULL, 0),
(3036, 6, 'SISWANTORO', '6483199JA', 'SISWANTORO@PLN.CO.ID', 195, 646, '2019-09-03', 1, NULL, NULL, 0),
(3037, 6, 'TEGUH SUWAHYO', '6485125JA', 'SUWAHYO@PLN.CO.ID', 194, 646, '2019-09-03', 1, NULL, NULL, 0),
(3038, 6, 'SUGIHARTO', '6486008JA', 'SUGIHARTO2@PLN.CO.ID', 193, 646, '2019-09-03', 1, NULL, NULL, 0),
(3039, 6, 'SUPRIYADI SARBANI', '6585116JA', 'SUPRIYADI.SARBANI@PLN.CO.ID', 194, 646, '2019-09-03', 1, NULL, NULL, 0),
(3040, 6, 'IMAM ASYHARI', '6587031JA', 'IMAM2@PLN.CO.ID', 194, 646, '2019-09-03', 1, NULL, NULL, 0),
(3041, 6, 'KRISTIAN TEGUH MEIANTO', '6588026JA', 'KRISTIAN@PLN.CO.ID', 194, 646, '2019-09-03', 1, NULL, NULL, 0),
(3042, 6, 'SUPIANTONO BULUS MUARAYADI', '6591120JA', 'SUPIANTONO@PLN.CO.ID', 194, 646, '2019-09-03', 1, NULL, NULL, 0),
(3043, 6, 'DJOKO PITONO', '6792217JA', 'DJOKOPITONO@PLN.CO.ID', 214, 646, '2019-09-03', 1, NULL, NULL, 0),
(3044, 6, 'KARTIKA HANDAJASARI', '6889020JA', 'KARTIKA.H@PLN.CO.ID', 424, 646, '2019-09-03', 1, NULL, NULL, 0),
(3045, 6, 'BUDI PRIYONO', '6891090JA', 'BUDI.PRIYONO@PLN.CO.ID', 194, 646, '2019-09-03', 1, NULL, NULL, 0),
(3046, 6, 'ELLY YUNITA', '6891125JA', 'E.YUNITA@PLN.CO.ID', 92, 646, '2019-09-03', 1, NULL, NULL, 0),
(3047, 6, 'TOTO HARDIJANTO', '6991118JA', 'TOTOHARDIJANTO@PLN.CO.ID', 425, 646, '2019-09-03', 1, NULL, NULL, 0),
(3048, 6, 'SOEDJONO', '6991122JA', 'SOEDJONO@PLN.CO.ID', 202, 646, '2019-09-03', 1, NULL, NULL, 0),
(3049, 6, 'SOEGIHARTI', '7091126JA', 'SOEGIHARTI@PLN.CO.ID', 195, 646, '2019-09-03', 1, NULL, NULL, 0),
(3050, 6, 'IVONNE MARIA SUPARDI', '7292216JA', 'IVONNE@PLN.CO.ID', 92, 646, '2019-09-03', 1, NULL, NULL, 0),
(3051, 6, 'NURHADI', '7393264JA', 'NURHADI73@PLN.CO.ID', 219, 646, '2019-09-03', 1, NULL, NULL, 0),
(3052, 6, 'SAIFUL', '7493449K3', 'SAIFUL74@PLN.CO.ID', 269, 646, '2019-09-03', 1, NULL, NULL, 0),
(3053, 6, 'IKA SUDARMAJA', '8106367Z', 'IKASUDAR@PLN.CO.ID', 426, 646, '2019-09-03', 1, NULL, NULL, 0),
(3054, 6, 'MADE GITA MARDIKA', '8108430Z', 'made.gm@pln.co.id', 271, 646, '2019-09-03', 1, NULL, NULL, 0),
(3055, 6, 'RADIANSA AGUNG SAMBODO', '8206083P3B', 'RADIANSA@PLN.CO.ID', 427, 646, '2019-09-03', 1, NULL, NULL, 0),
(3056, 6, 'CYNTHIA ROOSALY MARYANA', '8308171Z', 'CYNTHIA_RM@PLN.CO.ID', 355, 646, '2019-09-03', 1, NULL, NULL, 0),
(3057, 6, 'SOLICHUL AMIN', '8404054P3B', 'SOLICHUL@PLN.CO.ID', 207, 646, '2019-09-03', 1, NULL, NULL, 0),
(3058, 6, 'YANU PRASETIYO', '8407031P3B', 'YANU@PLN.CO.ID', 198, 646, '2019-09-03', 1, NULL, NULL, 0),
(3059, 6, 'YUDHA HARDIYANTORO', '8504047P3B', 'YUDHA@PLN.CO.ID', 210, 646, '2019-09-03', 1, NULL, NULL, 0),
(3060, 6, 'MUKHAMMAD HANAFI', '8506082P3B', 'M.HANAFI85@PLN.CO.ID', 217, 646, '2019-09-03', 1, NULL, NULL, 0),
(3061, 6, 'RANANDA GHEA NOVRIALPAN', '8508396Z', 'RANANDA08@PLN.CO.ID', 272, 646, '2019-09-03', 1, NULL, NULL, 0),
(3062, 6, 'M.RIZKI AMIRULLAH', '8608273P3B', 'AMIRULLAH2@PLN.CO.ID', 203, 646, '2019-09-03', 1, NULL, NULL, 0),
(3063, 6, 'ARIP PRIYANTO', '8708098P3B', 'ARIP.P@PLN.CO.ID', 200, 646, '2019-09-03', 1, NULL, NULL, 0),
(3064, 6, 'SHOFIN HELMI BACHRUDIN', '8808262P3B', 'SHOFIN@PLN.CO.ID', 216, 646, '2019-09-03', 1, NULL, NULL, 0),
(3065, 6, 'LAILATUL FITRIYAH', '88112010Z', 'LAILATUL.F@PLN.CO.ID', 215, 646, '2019-09-03', 1, NULL, NULL, 0),
(3066, 6, 'ANUGERAH TRIA ADELINA', '88111113Z', 'ANUGERAH.ADELINA@PLN.CO.ID', 76, 646, '2019-09-03', 1, NULL, NULL, 0),
(3067, 6, 'DIAN ALFI NURROZI', '8814037ZY', 'DIAN.ALFI@PLN.CO.ID', 428, 646, '2019-09-03', 1, NULL, NULL, 0),
(3068, 6, 'NDARU WASESO', '8908223P3B', 'NDARU@PLN.CO.ID', 211, 646, '2019-09-03', 1, NULL, NULL, 0),
(3069, 6, 'FATAH RIZKA FAHIM ROYANI', '8908258P3B', 'RIZKAFAHIM@PLN.CO.ID', 429, 646, '2019-09-03', 1, NULL, NULL, 0),
(3070, 6, 'ANA MAWADDATUL FIKRIYAH', '9110008K2', 'Ana.Fikriyah@pln.co.id', 205, 646, '2019-09-03', 1, NULL, NULL, 0),
(3071, 6, 'ADRIEN MAURICE RANDA GINTING', '9115198ZY', 'ADRIEN.MRG@PLN.CO.ID', 430, 646, '2019-09-03', 1, NULL, NULL, 0),
(3072, 6, 'ROHMAT TASRIPAN', '9212030P3Y', 'ROHMATT@PLN.CO.ID', 221, 646, '2019-09-03', 1, NULL, NULL, 0),
(3073, 6, 'MUHAMMAD MISBAHUL MUNIR', '9212033P3Y', 'MM.MUNIR@PLN.CO.ID', 356, 646, '2019-09-03', 1, NULL, NULL, 0),
(3074, 6, 'DIAN AJI PRAMANA', '9212023P3Y', 'DA.PRAMANA@PLN.CO.ID', 356, 646, '2019-09-03', 1, NULL, NULL, 0),
(3075, 6, 'NISA\' LATIFATUL NGILMA', '9215867ZY', 'NISA.LATIFATUL@PLN.CO.ID', 218, 646, '2019-09-03', 1, NULL, NULL, 0),
(3076, 6, 'INTAN NISA ARROYAN', '93161547ZY', 'INTAN.ARROYAN@PLN.CO.ID', 431, 646, '2019-09-03', 1, NULL, NULL, 0),
(3077, 6, 'SINTIA TUMEWU', '93161911ZY', 'SINTIA.TUMEWU@PLN.CO.ID', 196, 646, '2019-09-03', 1, NULL, NULL, 0),
(3078, 6, 'PURI CINTYA ARDI', '94171899ZY', 'PURI.ARDI@PLN.CO.ID', 220, 646, '2019-09-03', 1, NULL, NULL, 0),
(3079, 6, 'OKTARIDA NURRACHMI FAHNI', '94171901ZY', 'OKTARIDA.FAHNI@PLN.CO.ID', 195, 646, '2019-09-03', 1, NULL, NULL, 0),
(3080, 6, 'DEWAN CIPTA WIJAYA', '9616018TCY', 'DEWAN.WIJAYA@PLN.CO.ID', 221, 646, '2019-09-03', 1, NULL, NULL, 0),
(3081, 6, 'SEKAR AYU TUNJUNGSARI', '9517560ZY', 'SEKAR.TUNJUNGSARI@PLN.CO.ID', 432, 646, '2019-09-03', 1, NULL, NULL, 0),
(3082, 6, 'AHMAD DICKY RAMADHANI', '9615003P3Y', 'DICKY.RAMADHANI@PLN.CO.ID', 356, 646, '2019-09-03', 1, NULL, NULL, 0),
(3083, 6, 'MIFTACHUL HUDA', '9615006P3Y', 'MIFTACHUL.HUDA@PLN.CO.ID', 356, 646, '2019-09-03', 1, NULL, NULL, 0),
(3084, 6, 'HISYAM JODI SAFNIDAR', '9616027TCY', 'HISYAM.SAFNIDAR@PLN.CO.ID', 133, 646, '2019-09-03', 1, NULL, NULL, 0),
(3085, 6, 'MOCHAMAD RIZKI DWI SAPUTRA', '9616037TCY', 'MOCHAMAD.SAPUTRA@PLN.CO.ID', 359, 646, '2019-09-03', 1, NULL, NULL, 0),
(3086, 6, 'WAHID SYAIFUDIN', '9716036TCY', 'WAHID.SYAIFUDIN@PLN.CO.ID', 433, 646, '2019-09-03', 1, NULL, NULL, 0),
(3087, 6, 'AHMARUZA JEFRY PRASETYO', '9717058TCY', 'AHMARUZA.PRASETYO@PLN.CO.ID', 221, 646, '2019-09-03', 1, NULL, NULL, 0),
(3088, 6, 'LANTIS KESUMA PUTRA', '9717062TCY', 'LANTIS.PUTRA@PLN.CO.ID', 221, 646, '2019-09-03', 1, NULL, NULL, 0),
(3089, 6, 'ARLAN NOVENDIKA YAHYA', '9717069TCY', 'ARLAN.YAHYA@PLN.CO.ID', 221, 646, '2019-09-03', 1, NULL, NULL, 0),
(3090, 6, 'MOHAMAD HABIBI MARZUKI', '9717083TCY', 'MOHAMAD.MARZUKI@PLN.CO.ID', 221, 646, '2019-09-03', 1, NULL, NULL, 0),
(3091, 6, 'LUTFIANI NUR ADILIYAH', '9817025TCY', 'LUTFIANI.ADILIYAH@PLN.CO.ID', 129, 646, '2019-09-03', 1, NULL, NULL, 0),
(3092, 6, 'LINGGA APRILIA PUTRI YUANA', '9817026TCY', 'LINGGA.YUANA@PLN.CO.ID', 124, 646, '2019-09-03', 1, NULL, NULL, 0),
(3093, 6, 'ARDHITYA BAHANA ADIL WICAKSONO', '9817059TCY', 'ARDHITYA.WICAKSONO@PLN.CO.ID', 221, 646, '2019-09-03', 1, NULL, NULL, 0),
(3094, 6, 'AKHMAD RIFKI FAHREZA', '9817067TCY', 'AKHMAD.FAHREZA@PLN.CO.ID', 221, 646, '2019-09-03', 1, NULL, NULL, 0),
(3095, 7, 'SURJO TULUS HARTONO', '6488025JA', 'SURJOTULUS@PLN.CO.ID', 434, 647, '2019-09-03', 1, NULL, NULL, 0),
(3096, 7, 'ABDUL HAMID', '6587041K3', 'ABDUL.HAMID2@PLN.CO.ID', 435, 647, '2019-09-03', 1, NULL, NULL, 0),
(3097, 7, 'SUGENG MULYONO', '6691113JA', 'SUGENG.M@PLN.CO.ID', 136, 647, '2019-09-03', 1, NULL, NULL, 0),
(3098, 7, 'KRISTIAN PUDJI RAHARDJO', '6791101JA', 'KRISTIAN67@PLN.CO.ID', 436, 647, '2019-09-03', 1, NULL, NULL, 0),
(3099, 7, 'ALI MURUAPEY', '7093500K3', 'ALI2@PLN.CO.ID', 437, 647, '2019-09-03', 1, NULL, NULL, 0),
(3100, 7, 'HANDOKO PRASETYAWAN', '7193176JA', 'HANDOKO2@PLN.CO.ID', 149, 647, '2019-09-03', 1, NULL, NULL, 0),
(3101, 7, 'IRWAN ROSIDI', '7294011K3', 'IRWAN.ROSIDI@PLN.CO.ID', 438, 647, '2019-09-03', 1, NULL, NULL, 0),
(3102, 7, 'AGUS SUPRIYADI', '7294014K3', 'AGUS.SUPRIYADI@PLN.CO.ID', 135, 647, '2019-09-03', 1, NULL, NULL, 0),
(3103, 7, 'IMAM HIDAYAT', '7393184JA', 'IMAMHIDAYAT@PLN.CO.ID', 439, 647, '2019-09-03', 1, NULL, NULL, 0),
(3104, 7, 'BAMBANG HARTONO', '7394007K3', 'BB.HARTONO@PLN.CO.ID', 142, 647, '2019-09-03', 1, NULL, NULL, 0),
(3105, 7, 'OLTA SISPASHA', '8206084P3B', 'OLTA@PLN.CO.ID', 440, 647, '2019-09-03', 1, NULL, NULL, 0),
(3106, 7, 'AHMAD HARITS', '8306089P3B', 'HARITS@PLN.CO.ID', 441, 647, '2019-09-03', 1, NULL, NULL, 0),
(3107, 7, 'FATHOR ROSYI', '8608248P3B', 'ROSYI@PLN.CO.ID', 150, 647, '2019-09-03', 1, NULL, NULL, 0),
(3108, 7, 'DWI SETIAWAN', '8608253P3B', 'D_SETIAWAN@PLN.CO.ID', 442, 647, '2019-09-03', 1, NULL, NULL, 0),
(3109, 7, 'MOKHAMMAD FUAD', '8609367Z', 'M_FUAD@PLN.CO.ID', 152, 647, '2019-09-03', 1, NULL, NULL, 0),
(3110, 7, 'ACHMAD SUHARTONO', '8708268P3B', 'A_SUHARTONO@PLN.CO.ID', 443, 647, '2019-09-03', 1, NULL, NULL, 0),
(3111, 7, 'ROBERT SITANGGANG', '87111007Z', 'ROBERT.S@PLN.CO.ID', 444, 647, '2019-09-03', 1, NULL, NULL, 0),
(3112, 7, 'RIFAN FAUZI', '8808256P3B', 'RIFAN_F@PLN.CO.ID', 445, 647, '2019-09-03', 1, NULL, NULL, 0),
(3113, 7, 'HENDYKA WAHYU PRADANA', '8908270P3B', 'HENDYKA@PLN.CO.ID', 446, 647, '2019-09-03', 1, NULL, NULL, 0),
(3114, 7, 'JUNAEDI PRABOWO', '8909178P3B', 'J_PRABOWO@PLN.CO.ID', 156, 647, '2019-09-03', 1, NULL, NULL, 0),
(3115, 7, 'ANJAS ASMORO', '8912435ZY', 'ANJAS.ASMORO2@PLN.CO.ID', 337, 647, '2019-09-03', 1, NULL, NULL, 0),
(3116, 7, 'HERU PRASETYO', '9313017P3Y', 'HERU.P2@PLN.CO.ID', 264, 647, '2019-09-03', 1, NULL, NULL, 0),
(3117, 7, 'PURBA  PUTRA MARGANA', '9317171ZY', 'PURBA.MARGANA@PLN.CO.ID', 136, 647, '2019-09-03', 1, NULL, NULL, 0),
(3118, 7, 'ABDULLAH NAFIK', '9413015P3Y', 'A.NAFIK@PLN.CO.ID', 188, 647, '2019-09-03', 1, NULL, NULL, 0),
(3119, 7, 'NUR CAHYO WIDARTO', '9414017P3Y', 'NC.WIDARTO@PLN.CO.ID', 447, 647, '2019-09-03', 1, NULL, NULL, 0),
(3120, 7, 'GANDA BAHARI PRAWITATAMA', '9516005TCY', 'GANDA.PRAWITATAMA@PLN.CO.ID', 448, 647, '2019-09-03', 1, NULL, NULL, 0),
(3121, 7, 'NAFITA HANA SARASWATI', '9517553ZY', 'NAFITA.SARASWATI@PLN.CO.ID', 157, 647, '2019-09-03', 1, NULL, NULL, 0),
(3122, 7, 'ADHI HERMAWAN', '9615125P3Y', 'ADHI_HERMAWAN@PLN.CO.ID', 449, 647, '2019-09-03', 1, NULL, NULL, 0),
(3123, 7, 'PATRIA KRESNA', '9615126P3Y', 'PATRIA.KRESNA@PLN.CO.ID', 450, 647, '2019-09-03', 1, NULL, NULL, 0),
(3124, 7, 'NANANG HARYANTO', '9615130P3Y', 'NANANG_HARYANTO@PLN.CO.ID', 451, 647, '2019-09-03', 1, NULL, NULL, 0),
(3125, 7, 'DICKY SETYAWAN', '9616020TCY', 'DICKY.SETYAWAN@PLN.CO.ID', 452, 647, '2019-09-03', 1, NULL, NULL, 0),
(3126, 7, 'KHARIS HIDAYAT', '9616032TCY', 'KHARIS.HIDAYAT@PLN.CO.ID', 448, 647, '2019-09-03', 1, NULL, NULL, 0),
(3127, 7, 'YOSSUA KRISTIAN', '9616054TCY', 'YOSSUA.KRISTIAN@PLN.CO.ID', 452, 647, '2019-09-03', 1, NULL, NULL, 0),
(3128, 7, 'ARI HARDIANSYAH', '9618873ZY', 'ARI.HARDIANSYAH@PLN.CO.ID', 453, 647, '2019-09-03', 1, NULL, NULL, 0),
(3129, 7, 'GITA SETYANI PUTRI', '9618878ZY', 'GITA.PUTRI@PLN.CO.ID', 156, 647, '2019-09-03', 1, NULL, NULL, 0),
(3130, 7, 'MAUSUL EFENDI', '6384128JA', 'MAUSUL@PLN.CO.ID', 454, 648, '2019-09-03', 1, NULL, NULL, 0),
(3131, 7, 'NURWANTO', '6384129JA', 'NURWANTO@PLN.CO.ID', 159, 648, '2019-09-03', 1, NULL, NULL, 0),
(3132, 7, 'MOHAMAD ABUARTO', '6487027JA', 'ABUARTO@PLN.CO.ID', 455, 648, '2019-09-03', 1, NULL, NULL, 0),
(3133, 7, 'SUNARYO', '6487028JA', 'SUNARYO4@PLN.CO.ID', 142, 648, '2019-09-03', 1, NULL, NULL, 0),
(3134, 7, 'MAWIYANTO', '7294018P3B', 'MAWIYANTO@PLN.CO.ID', 456, 648, '2019-09-03', 1, NULL, NULL, 0),
(3135, 7, 'FAISOL RAHMAN', '8307033P3B', 'FAISOL2@PLN.CO.ID', 457, 648, '2019-09-03', 1, NULL, NULL, 0),
(3136, 7, 'FIRMAN EFFENDI', '8507034P3B', 'F_EFFENDI@PLN.CO.ID', 458, 648, '2019-09-03', 1, NULL, NULL, 0),
(3137, 7, 'AGUS BUCHARI', '8608307P3B', 'BUCHARI3@PLN.CO.ID', 459, 648, '2019-09-03', 1, NULL, NULL, 0),
(3138, 7, 'FRENDI SURYADI', '8708306P3B', 'FRENDI@PLN.CO.ID', 460, 648, '2019-09-03', 1, NULL, NULL, 0),
(3139, 7, 'RAGIL BUNTORO', '8709186P3B', 'BUNTORO2@PLN.CO.ID', 461, 648, '2019-09-03', 1, NULL, NULL, 0),
(3140, 7, 'MUHAMMAD ARIEF HIDAYAT', '8808267P3B', 'MA_HIDAYAT@PLN.CO.ID', 159, 648, '2019-09-03', 1, NULL, NULL, 0),
(3141, 7, 'GITA ROSADI', '8808304P3B', 'GITAROSADI@PLN.CO.ID', 462, 648, '2019-09-03', 1, NULL, NULL, 0),
(3142, 7, 'MUKHAMMAD FARIZ', '8808308P3B', 'M_FARIZ@PLN.CO.ID', 150, 648, '2019-09-03', 1, NULL, NULL, 0),
(3143, 7, 'EKIK PRASETYO WIDODO', '8808327P3B', 'EKIK@PLN.CO.ID', 157, 648, '2019-09-03', 1, NULL, NULL, 0),
(3144, 7, 'EKA PUJI MARTYONO', '8908305P3B', 'MARTYONO@PLN.CO.ID', 463, 648, '2019-09-03', 1, NULL, NULL, 0),
(3145, 7, 'ARIF WIDIANTORO', '8908310P3B', 'WIDIANTORO@PLN.CO.ID', 149, 648, '2019-09-03', 1, NULL, NULL, 0),
(3146, 7, 'KHARISMA DWI YUSUF', '8909187P3B', 'KHARISMA_DY@PLN.CO.ID', 159, 648, '2019-09-03', 1, NULL, NULL, 0),
(3147, 7, 'CENDY ALIM PRAMANA', '9009188P3B', 'CENDY@PLN.CO.ID', 156, 648, '2019-09-03', 1, NULL, NULL, 0),
(3148, 7, 'ARIS SETIAWAN', '9009189P3B', 'ARIS_SETIA@PLN.CO.ID', 156, 648, '2019-09-03', 1, NULL, NULL, 0),
(3149, 7, 'EKKY YANUAR ABDILLAH', '9009198P3B', 'EKKY_YA@PLN.CO.ID', 464, 648, '2019-09-03', 1, NULL, NULL, 0),
(3150, 7, 'I GEDE PUTRA INDRAWAN', '9010013J', 'I.GEDE.PUTRA@PLN.CO.ID', 465, 648, '2019-09-03', 1, NULL, NULL, 0),
(3151, 7, 'ESTYAN SYAHRONI', '9110043P3B', 'ESTYAN.SYAH@PLN.CO.ID', 152, 648, '2019-09-03', 1, NULL, NULL, 0),
(3152, 7, 'HARIYANTO', '9115801ZY', 'HARIYAN.TO@PLN.CO.ID', 157, 648, '2019-09-03', 1, NULL, NULL, 0),
(3153, 7, 'MISAEL SIMSON PARAISU', '9117162ZY', 'MISAEL.PARAISU@PLN.CO.ID', 136, 648, '2019-09-03', 1, NULL, NULL, 0),
(3154, 7, 'MUHAMMAD HARIS', '9118122ZY', 'MUHAMMAD.HARIS@PLN.CO.ID', 466, 648, '2019-09-03', 1, NULL, NULL, 0),
(3155, 7, 'KRISTIN CAHYA RATNA SARI', '9318431ZY', 'KRISTIN.SARI@PLN.CO.ID', 156, 648, '2019-09-03', 1, NULL, NULL, 0),
(3156, 7, 'RIANA PAMUNGKAS', '9414032P3Y', 'RIANA.P@PLN.CO.ID', 467, 648, '2019-09-03', 1, NULL, NULL, 0),
(3157, 7, 'FAJAR INDRA SISWANTO', '9418869ZY', 'FAJAR.INDRAS@PLN.CO.ID', 157, 648, '2019-09-03', 1, NULL, NULL, 0),
(3158, 7, 'ALAN BUDI IKHWANTORO', '9514057P3Y', 'ALAN.BUDI@PLN.CO.ID', 468, 648, '2019-09-03', 1, NULL, NULL, 0),
(3159, 7, 'FAISAL RIDHA', '9515129P3Y', 'FAISALRIDHA@PLN.CO.ID', 469, 648, '2019-09-03', 1, NULL, NULL, 0),
(3160, 7, 'IMRON GHOZALI', '9516007TCY', 'IMRON.GHOZALI@PLN.CO.ID', 189, 648, '2019-09-03', 1, NULL, NULL, 0),
(3161, 7, 'SAHRUL PUJI CAHYONO', '9516011TCY', 'SAHRUL.CAHYONO@PLN.CO.ID', 470, 648, '2019-09-03', 1, NULL, NULL, 0),
(3162, 7, 'DIMAS KHULUQI ADIMI', '9615124P3Y', 'D_KHULUQIADIMI@PLN.CO.ID', 469, 648, '2019-09-03', 1, NULL, NULL, 0),
(3163, 7, 'RICO YUSDIAN VANDANA', '9615127P3Y', 'RICO_YUSDIAN@PLN.CO.ID', 467, 648, '2019-09-03', 1, NULL, NULL, 0),
(3164, 7, 'AKHMAD MUHAJIR', '9616010TCY', 'AKHMAD.MUHAJIR@PLN.CO.ID', 264, 648, '2019-09-03', 1, NULL, NULL, 0),
(3165, 7, 'RAHMANDA NOVIANSYAH', '9616044TCY', 'RAHMANDA.NOVIANSYAH@PLN.CO.ID', 471, 648, '2019-09-03', 1, NULL, NULL, 0),
(3166, 7, 'ROZY ANDY SADHANA', '9617041TCY', 'ROZY.SADHANA@PLN.CO.ID', 472, 648, '2019-09-03', 1, NULL, NULL, 0),
(3167, 7, 'MUHAMMAD HISYAM FARID', '9716024TCY', 'MHISYAM.FARID@PLN.CO.ID', 472, 648, '2019-09-03', 1, NULL, NULL, 0),
(3168, 7, 'RETNO IMAM RUDIANTORO', '9716028TCY', 'RETNO.RUDIANTORO@PLN.CO.ID', 473, 648, '2019-09-03', 1, NULL, NULL, 0),
(3169, 7, 'SUKOCO WAHYU PRATAMA BUDIONO', '9716035TCY', 'SUKOCO.BUDIONO@PLN.CO.ID', 470, 648, '2019-09-03', 1, NULL, NULL, 0),
(3170, 7, 'MUHAMMAD ALIF MUSHONNIF', '9817038TCY', 'MUHAMMAD.MUSHONNIF@PLN.CO.ID', 468, 648, '2019-09-03', 1, NULL, NULL, 0),
(3171, 7, 'TAUFIQURRAHMAN MAKSUM', '9817042TCY', 'TAUFIQ.MAKSUM@PLN.CO.ID', 468, 648, '2019-09-03', 1, NULL, NULL, 0),
(3172, 7, 'SAMSUL HADI', '6487030JA', 'SAMSUL.HADI64@PLN.CO.ID', 434, 649, '2019-09-03', 1, NULL, NULL, 0),
(3173, 7, 'TOTOK GIRI PRATOMO', '6586015K3', 'GIRI.PRATOMO@PLN.CO.ID', 474, 649, '2019-09-03', 1, NULL, NULL, 0),
(3174, 7, 'SUWITO TAMSIR', '6686033JA', 'SUWITO.TAMSIR@PLN.CO.ID', 135, 649, '2019-09-03', 1, NULL, NULL, 0),
(3175, 7, 'SUDARMAJI', '6993179JA', 'SUDARMAJI2@PLN.CO.ID', 475, 649, '2019-09-03', 1, NULL, NULL, 0),
(3176, 7, 'RIDWANTO', '6994006K3', 'RIDWANTO@PLN.CO.ID', 159, 649, '2019-09-03', 1, NULL, NULL, 0),
(3177, 7, 'AGUS SANTOSO', '7192178K3', 'AG.SANTOSO@PLN.CO.ID', 474, 649, '2019-09-03', 1, NULL, NULL, 0),
(3178, 7, 'ALIM', '7194010K3', 'ALIM@PLN.CO.ID', 159, 649, '2019-09-03', 1, NULL, NULL, 0),
(3179, 7, 'TARMONO', '7293502K3', 'TARMONO@PLN.CO.ID', 476, 649, '2019-09-03', 1, NULL, NULL, 0),
(3180, 7, 'AHMAD NISER', '7294012K3', 'AHMAD.NS@PLN.CO.ID', 142, 649, '2019-09-03', 1, NULL, NULL, 0),
(3181, 7, 'HARSONO', '7294013K3', 'HARSONO72@PLN.CO.ID', 477, 649, '2019-09-03', 1, NULL, NULL, 0),
(3182, 7, 'ASEP MOCH. YUSUP', '7393501K3', 'ASEP.MY@PLN.CO.ID', 478, 649, '2019-09-03', 1, NULL, NULL, 0),
(3183, 7, 'MOH. SAIFUDIN', '7394009K3', 'M.SAIFUDIN@PLN.CO.ID', 479, 649, '2019-09-03', 1, NULL, NULL, 0),
(3184, 7, 'ARSUKI', '7394020P3B', 'ARSUKI@PLN.CO.ID', 480, 649, '2019-09-03', 1, NULL, NULL, 0),
(3185, 7, 'FAJAR ARDIANSYAH', '8508309P3B', 'F_ARDIANSYAH@PLN.CO.ID', 481, 649, '2019-09-03', 1, NULL, NULL, 0),
(3186, 7, 'MOCH. YUSUF BAHARUN', '8708349P3B', 'BAHARUN@PLN.CO.ID', 159, 649, '2019-09-03', 1, NULL, NULL, 0),
(3187, 7, 'ADI CANDRA PARAWINATA', '8808329P3B', 'PARAWINATA@PLN.CO.ID', 150, 649, '2019-09-03', 1, NULL, NULL, 0),
(3188, 7, 'HEPY DWI PRASETYA', '8908247P3B', 'HEPY@PLN.CO.ID', 152, 649, '2019-09-03', 1, NULL, NULL, 0),
(3189, 7, 'PRI HANDONO DWI YUDANTO', '8909181P3B', 'PRIHANDONO@PLN.CO.ID', 157, 649, '2019-09-03', 1, NULL, NULL, 0),
(3190, 7, 'ACHMAD ZAZULI', '8909184P3B', 'A_ZAZULI@PLN.CO.ID', 479, 649, '2019-09-03', 1, NULL, NULL, 0),
(3191, 7, 'ADI WICAKSONO', '8909185P3B', 'ADI_WICAKSONO@PLN.CO.ID', 479, 649, '2019-09-03', 1, NULL, NULL, 0),
(3192, 7, 'SAIFUL ANAM', '9009177P3B', 'SAIFULANAM@PLN.CO.ID', 482, 649, '2019-09-03', 1, NULL, NULL, 0),
(3193, 7, 'IBNU ABDUL ROHMAN', '9009180P3B', 'IBNU_AR@PLN.CO.ID', 157, 649, '2019-09-03', 1, NULL, NULL, 0),
(3194, 7, 'GEDE PRAYUDA HERLANA PUTRA', '9015706ZY', 'GEDE.PHP@PLN.CO.ID', 156, 649, '2019-09-03', 1, NULL, NULL, 0),
(3195, 7, 'PICO SAPUTRA', '90171476ZY', 'PICO.SAPUTRA@PLN.CO.ID', 184, 649, '2019-09-03', 1, NULL, NULL, 0),
(3196, 7, 'RAGIEL SLAMED AMIRUL BAHAR', '9110042P3B', 'RAGIEL.SAB@PLN.CO.ID', 479, 649, '2019-09-03', 1, NULL, NULL, 0),
(3197, 7, 'WISNU DEWASMORO', '9214752ZY', 'W.DEWASMORO@PLN.CO.ID', 156, 649, '2019-09-03', 1, NULL, NULL, 0),
(3198, 7, 'TEGAR WAHYU PAMUNGKAS', '9413014P3Y', 'TEGAR.WP@PLN.CO.ID', 189, 649, '2019-09-03', 1, NULL, NULL, 0),
(3199, 7, 'MOH. MAHRUS ZUHDI', '94171481ZY', 'MOH.ZUHDI@PLN.CO.ID', 159, 649, '2019-09-03', 1, NULL, NULL, 0),
(3200, 7, 'SULUNG MEGAMASAYEH MAULANA', '9515128P3Y', 'SULUNG_MEGAMASAYEH@PLN.CO.ID', 483, 649, '2019-09-03', 1, NULL, NULL, 0),
(3201, 7, 'ARDAKA MUHAMMAD ROFIQI', '9515131P3Y', 'ARDAKA_MR@PLN.CO.ID', 484, 649, '2019-09-03', 1, NULL, NULL, 0);
INSERT INTO `pegawai` (`id`, `ultg`, `nama`, `nip`, `email`, `jabatan`, `sub_ultg`, `createddate`, `createdby`, `updateddate`, `updatedby`, `deleted`) VALUES
(3202, 7, 'ADEK WAHYU ANDITO PRATAMA', '9516001TCY', 'ADEK.PRATAMA@PLN.CO.ID', 484, 649, '2019-09-03', 1, NULL, NULL, 0),
(3203, 7, 'SATRIA RIZKY NOVANI FASAH', '9516012TCY', 'SATRIA.FASAH@PLN.CO.ID', 483, 649, '2019-09-03', 1, NULL, NULL, 0),
(3204, 7, 'RANNY ULFA MULYANINGRUM', '95171170ZY', 'RANNY.MULYANINGRUM@PLN.CO.ID', 156, 649, '2019-09-03', 1, NULL, NULL, 0),
(3205, 7, 'AGIL AKBAR AGLIYANA', '9518128ZY', 'AGIL.AGLIYANA@PLN.CO.ID', 157, 649, '2019-09-03', 1, NULL, NULL, 0),
(3206, 7, 'JORGI RODI BRAMANTYO', '9616031TCY', 'JORGI.BRAMANTYO@PLN.CO.ID', 484, 649, '2019-09-03', 1, NULL, NULL, 0),
(3207, 7, 'MUCHAMMAD AFAN GHOFAR', '9616038TCY', 'MUCHAMMAD.GHOFAR@PLN.CO.ID', 485, 649, '2019-09-03', 1, NULL, NULL, 0),
(3208, 7, 'MUHAMMAD DWI IMRON', '9616040TCY', 'MUHAMMAD.IMRON1@PLN.CO.ID', 485, 649, '2019-09-03', 1, NULL, NULL, 0),
(3209, 7, 'QORRY SATRIA RUSDI', '9616043TCY', 'QORRY.RUSDI@PLN.CO.ID', 483, 649, '2019-09-03', 1, NULL, NULL, 0),
(3210, 7, 'RIVALDO OKTAVIAN', '9617040TCY', 'RIVALDO.OKTAVIAN@PLN.CO.ID', 486, 649, '2019-09-03', 1, NULL, NULL, 0),
(3211, 7, 'DIKI PRATAMA', '9716007TCY', 'DIKI.PRATAMA@PLN.CO.ID', 487, 649, '2019-09-03', 1, NULL, NULL, 0),
(3212, 7, 'MOH JAHRUDY', '9717037TCY', 'MOH.JAHRUDY@PLN.CO.ID', 487, 649, '2019-09-03', 1, NULL, NULL, 0),
(3213, 7, 'RAYANA JAKA SURYA', '9717039TCY', 'RAYANA.SURYA@PLN.CO.ID', 488, 649, '2019-09-03', 1, NULL, NULL, 0),
(3214, 7, 'MUKTI RIDLO SANTOSA', '6385471K3', 'MUKTI.RS@PLN.CO.ID', 194, 650, '2019-09-03', 1, NULL, NULL, 0),
(3215, 7, 'DARMIN', '6387026JA', 'DARMIN@PLN.CO.ID', 273, 650, '2019-09-03', 1, NULL, NULL, 0),
(3216, 7, 'ACHMAD SULTHONI', '6485190K3', 'SULTHONI@PLN.CO.ID', 194, 650, '2019-09-03', 1, NULL, NULL, 0),
(3217, 7, 'KHAIRIL ANWAR', '6485237JA', 'KHAIRIL.ANWAR@PLN.CO.ID', 197, 650, '2019-09-03', 1, NULL, NULL, 0),
(3218, 7, 'IMAM WAHYUDI', '6485238JA', 'IMAMWAHYUDI@PLN.CO.ID', 197, 650, '2019-09-03', 1, NULL, NULL, 0),
(3219, 7, 'SUJUD', '6586014K3', 'SUJUD@PLN.CO.ID', 194, 650, '2019-09-03', 1, NULL, NULL, 0),
(3220, 7, 'PUDJI ASTUTI', '6792211JA', 'PUDJI2@PLN.CO.ID', 92, 650, '2019-09-03', 1, NULL, NULL, 0),
(3221, 7, 'SUPARJO', '6792222K3', 'SUPARJO@PLN.CO.ID', 220, 650, '2019-09-03', 1, NULL, NULL, 0),
(3222, 7, 'EKO ADI KURNIAWAN', '6891107JA', 'EKO.ADI@PLN.CO.ID', 355, 650, '2019-09-03', 1, NULL, NULL, 0),
(3223, 7, 'AGUS SUPRIYANTO', '6891112JA', 'AGUS.SUP@PLN.CO.ID', 267, 650, '2019-09-03', 1, NULL, NULL, 0),
(3224, 7, 'IRWANSYAH', '6992001JA', 'IRWANSYAH@PLN.CO.ID', 218, 650, '2019-09-03', 1, NULL, NULL, 0),
(3225, 7, 'RUDI HANDOKO', '6993496K3', 'RUDI2@PLN.CO.ID', 214, 650, '2019-09-03', 1, NULL, NULL, 0),
(3226, 7, 'PRIHADI', '7091123JA', 'PRIHADI@PLN.CO.ID', 430, 650, '2019-09-03', 1, NULL, NULL, 0),
(3227, 7, 'SUTRIJANTONO', '7191116JA', 'SUTRI@PLN.CO.ID', 424, 650, '2019-09-03', 1, NULL, NULL, 0),
(3228, 7, 'DJAYANTO', '7193499K3', 'DJAYANTO@PLN.CO.ID', 489, 650, '2019-09-03', 1, NULL, NULL, 0),
(3229, 7, 'ABD. ROKHIM', '7394002K3', 'ABD.ROKHIM@PLN.CO.ID', 216, 650, '2019-09-03', 1, NULL, NULL, 0),
(3230, 7, 'KUSAINI', '7394022P3B', 'KUSAINI@PLN.CO.ID', 350, 650, '2019-09-03', 1, NULL, NULL, 0),
(3231, 7, 'MEGO PUTRA', '7594003K3', 'MEGOPUTRA@PLN.CO.ID', 280, 650, '2019-09-03', 1, NULL, NULL, 0),
(3232, 7, 'PUTUT TRI AGUSTIANTO', '8404053P3B', 'PUTUT@PLN.CO.ID', 207, 650, '2019-09-03', 1, NULL, NULL, 0),
(3233, 7, 'HENDRIK MARYONO', '8408509Z', 'HENDRIK08@PLN.CO.ID', 490, 650, '2019-09-03', 1, NULL, NULL, 0),
(3234, 7, 'SUBHAN EFENDI', '8608214P3B', 'SUBHAN@PLN.CO.ID', 209, 650, '2019-09-03', 1, NULL, NULL, 0),
(3235, 7, 'DODY KURNIAWAN ASMONO PUTRA', '8610116Z', 'DODY.AP@PLN.CO.ID', 491, 650, '2019-09-03', 1, NULL, NULL, 0),
(3236, 7, 'BAYU EKA PARIKESIT', '8708216P3B', 'PARIKESIT@PLN.CO.ID', 211, 650, '2019-09-03', 1, NULL, NULL, 0),
(3237, 7, 'MUHAMMAD NURHUDI', '8708251P3B', 'NURHUDI@PLN.CO.ID', 433, 650, '2019-09-03', 1, NULL, NULL, 0),
(3238, 7, 'RIA DINIATI PRATIWI', '8711123Z', 'Ria.Pratiwi@pln.co.id', 205, 650, '2019-09-03', 1, NULL, NULL, 0),
(3239, 7, 'AKHMAD JUNAEDI', '8808221P3B', 'JUNED@PLN.CO.ID', 202, 650, '2019-09-03', 1, NULL, NULL, 0),
(3240, 7, 'PURSANTOSO', '8809179P3B', 'PUR_SANTOSO@PLN.CO.ID', 198, 650, '2019-09-03', 1, NULL, NULL, 0),
(3241, 7, 'FIRLI ADLU', '8811891Z', 'ADLU@PLN.CO.ID', 102, 650, '2019-09-03', 1, NULL, NULL, 0),
(3242, 7, 'PRIMA RANGGA PRATAMA', '8908218P3B', 'PRIMARANGGA@PLN.CO.ID', 492, 650, '2019-09-03', 1, NULL, NULL, 0),
(3243, 7, 'TEGUH WAHYUDI', '8908222P3B', 'TEGUH_WYUDI@PLN.CO.ID', 200, 650, '2019-09-03', 1, NULL, NULL, 0),
(3244, 7, 'ANDRI DWI ARIYANTO', '8908228P3B', 'AD_ARIYANTO@PLN.CO.ID', 210, 650, '2019-09-03', 1, NULL, NULL, 0),
(3245, 7, 'AFRISA PONCO ANDRIANTO', '8910047P3B', 'AFRISA.PA@PLN.CO.ID', 279, 650, '2019-09-03', 1, NULL, NULL, 0),
(3246, 7, 'ZEINDIDIA YUSAK', '9009182P3B', 'ZEINDIDIA@PLN.CO.ID', 215, 650, '2019-09-03', 1, NULL, NULL, 0),
(3247, 7, 'DIMASHUTRI PANJI PAMUNGKAS', '9009183P3B', 'DIMASHUTRI@PLN.CO.ID', 110, 650, '2019-09-03', 1, NULL, NULL, 0),
(3248, 7, 'FAJAR NUGRAHA', '90171477ZY', 'FAJAR.NUGRAHA2@PLN.CO.ID', 219, 650, '2019-09-03', 1, NULL, NULL, 0),
(3249, 7, 'ILMAN KHOIRUL MUHTAR', '9112019P3Y', 'ILMAN@PLN.CO.ID', 356, 650, '2019-09-03', 1, NULL, NULL, 0),
(3250, 7, 'RAMADANI GAMARIDHO', '9112022P3Y', 'RAMADANI2@PLN.CO.ID', 356, 650, '2019-09-03', 1, NULL, NULL, 0),
(3251, 7, 'ADIETYA DINI ALDILA', '9114904ZY', 'ADIETYA.D@PLN.CO.ID', 431, 650, '2019-09-03', 1, NULL, NULL, 0),
(3252, 7, 'SYARIFAH SITI RABI\'AH', '91171892ZY', 'SYARIFAH.RABI\'AH@PLN.CO.ID', 195, 650, '2019-09-03', 1, NULL, NULL, 0),
(3253, 7, 'FITRI RAHMAWATI', '91171893ZY', 'FITRI.RAHMAWATI@PLN.CO.ID', 92, 650, '2019-09-03', 1, NULL, NULL, 0),
(3254, 7, 'ANAS LISTIA PUTRA', '9215239ZY', 'A.LISTIA@PLN.CO.ID', 203, 650, '2019-09-03', 1, NULL, NULL, 0),
(3255, 7, 'MUHAMMAD YUSUF FATHURROHMAN', '9215900ZY', 'MUHAMMAD.YF@PLN.CO.ID', 272, 650, '2019-09-03', 1, NULL, NULL, 0),
(3256, 7, 'NI PUTU ARI LISTYA DEWI', '9216904ZY', 'PUTU.ARILISTYA@PLN.CO.ID', 493, 650, '2019-09-03', 1, NULL, NULL, 0),
(3257, 7, 'YUDAPASA NUGRAHA', '9217164ZY', 'YUDAPASA.NUGRAHA@PLN.CO.ID', 424, 650, '2019-09-03', 1, NULL, NULL, 0),
(3258, 7, 'SYAHDINDA RESTU PUTRA', '9312036P3Y', 'SYAHDINDA@PLN.CO.ID', 221, 650, '2019-09-03', 1, NULL, NULL, 0),
(3259, 7, 'ESA ASIVA RACHMAT', '9417541ZY', 'ESA.RACHMAT@PLN.CO.ID', 115, 650, '2019-09-03', 1, NULL, NULL, 0),
(3260, 7, 'MUHAMMAD ADDIN BRATAWIJAYA', '94171478ZY', 'MUHAMMAD.BRATAWIJAYA@PLN.CO.ID', 76, 650, '2019-09-03', 1, NULL, NULL, 0),
(3261, 7, 'EVRIZAL WARDHANA', '9515005P3Y', 'EVRIZAL.W@PLN.CO.ID', 356, 650, '2019-09-03', 1, NULL, NULL, 0),
(3262, 7, 'ABDUL HALIM NUSANTARA MM', '9517552ZY', 'ABDUL.MM@PLN.CO.ID', 429, 650, '2019-09-03', 1, NULL, NULL, 0),
(3263, 7, 'SUNDAY AMANSA PAKPAHAN', '9518435ZY', 'SUNDAY.PAKPAHAN@PLN.CO.ID', 224, 650, '2019-09-03', 1, NULL, NULL, 0),
(3264, 7, 'SEBRINA PUTRI ERMA DAYU', '9616047TCY', 'SEBRINA.DAYU@PLN.CO.ID', 220, 650, '2019-09-03', 1, NULL, NULL, 0),
(3265, 7, 'SITI NUR AINI', '96171904ZY', 'SITI.AINI@PLN.CO.ID', 220, 650, '2019-09-03', 1, NULL, NULL, 0),
(3266, 7, 'FATKUR ADI SUCIPTO', '9617079TCY', 'FATKUR.SUCIPTO@PLN.CO.ID', 221, 650, '2019-09-03', 1, NULL, NULL, 0),
(3267, 7, 'FEBULLA NADIA FITRIALITA', '9618874ZY', 'FEBULLA.FITRIALITA@PLN.CO.ID', 123, 650, '2019-09-03', 1, NULL, NULL, 0),
(3268, 7, 'OKTAVIA DWI AMBARWATI', '9717035TCY', 'OKTAVIA.AMBARWATI@PLN.CO.ID', 129, 650, '2019-09-03', 1, NULL, NULL, 0),
(3269, 7, 'NUR AINI', '9717036TCY', 'NUR.AINI1@PLN.CO.ID', 133, 650, '2019-09-03', 1, NULL, NULL, 0),
(3270, 7, 'MUCHAMMAD ILHAM MUZAKKI', '9717085TCY', 'MUCHAMMAD.MUZAKKI@PLN.CO.ID', 221, 650, '2019-09-03', 1, NULL, NULL, 0),
(3271, 7, 'FAHMI IMADUL BILAD', '9817078TCY', 'FAHMI.BILAD@PLN.CO.ID', 221, 650, '2019-09-03', 1, NULL, NULL, 0),
(3272, 7, 'FIRDAUS ARDIANSYAH', '9817080TCY', 'FIRDAUS.ARDIANSYAH@PLN.CO.ID', 221, 650, '2019-09-03', 1, NULL, NULL, 0),
(3273, 7, 'MOCH ANDIKI KRISGANANDA', '9817082TCY', 'MOCH.KRISGANANDA@PLN.CO.ID', 221, 650, '2019-09-03', 1, NULL, NULL, 0),
(3274, 7, 'MOHAMMAD ANWAR SHIDDIQ', '9917084TCY', 'MOHAMMAD.SHIDDIQ@PLN.CO.ID', 221, 650, '2019-09-03', 1, NULL, NULL, 0),
(3275, 8, 'SUNOTO', '6892302JA', 'SUNOTO68@PLN.CO.ID', 494, 651, '2019-09-03', 1, NULL, NULL, 0),
(3276, 8, 'SUDIARWANTO', '6892339JA', 'SUDIARWANTO@PLN.CO.ID', 142, 651, '2019-09-03', 1, NULL, NULL, 0),
(3277, 8, 'MUDJIANTO', '6991007JA', 'MUDJIANTO69@PLN.CO.ID', 136, 651, '2019-09-03', 1, NULL, NULL, 0),
(3278, 8, 'SURYADI', '6991108JA', 'SURYADI2@PLN.CO.ID', 156, 651, '2019-09-03', 1, NULL, NULL, 0),
(3279, 8, 'HERY CATUR WAHYONO', '6992319JA', 'HERY4@PLN.CO.ID', 225, 651, '2019-09-03', 1, NULL, NULL, 0),
(3280, 8, 'TRIANANG JULIANTO', '7091093JA', 'TRIANANG@PLN.CO.ID', 337, 651, '2019-09-03', 1, NULL, NULL, 0),
(3281, 8, 'ABDUL GOFUR', '7192135JA', 'GOFUR@PLN.CO.ID', 136, 651, '2019-09-03', 1, NULL, NULL, 0),
(3282, 8, 'SAIUN ALIM', '7194004K3', 'SAIUN.ALIM@PLN.CO.ID', 495, 651, '2019-09-03', 1, NULL, NULL, 0),
(3283, 8, 'KINARNO', '7293182JA', 'KINARNO@PLN.CO.ID', 496, 651, '2019-09-03', 1, NULL, NULL, 0),
(3284, 8, 'MUCHAMMAD FAIZIN', '8508006CLG', 'M.Faizin@pln.co.id', 497, 651, '2019-09-03', 1, NULL, NULL, 0),
(3285, 8, 'IRVAN BUDI SETYOKO', '8608215P3B', 'IRVAN_BS@PLN.CO.ID', 149, 651, '2019-09-03', 1, NULL, NULL, 0),
(3286, 8, 'MOH. IMRON ROSYADI', '8608232P3B', 'MIMRON@PLN.CO.ID', 498, 651, '2019-09-03', 1, NULL, NULL, 0),
(3287, 8, 'RACHMADHA DHIKY NOVIANTO', '8609158P3B', 'RACHMADA@PLN.CO.ID', 499, 651, '2019-09-03', 1, NULL, NULL, 0),
(3288, 8, 'HISHNUL YAQIN', '8710931Z', 'H.YAQIN@PLN.CO.ID', 500, 651, '2019-09-03', 1, NULL, NULL, 0),
(3289, 8, 'RANGGA DWI SAPUTRA', '8908234P3B', 'RANGGA@PLN.CO.ID', 501, 651, '2019-09-03', 1, NULL, NULL, 0),
(3290, 8, 'TEGUH ANDRIANTO', '8908236P3B', 'TANDRIANTO@PLN.CO.ID', 502, 651, '2019-09-03', 1, NULL, NULL, 0),
(3291, 8, 'CATUR KUNCORO YONO', '8908239P3B', 'CATURKY@PLN.CO.ID', 150, 651, '2019-09-03', 1, NULL, NULL, 0),
(3292, 8, 'MOHAMAD HASAN SIDIK NASRULLOH', '8908240P3B', 'MOHASINAS@PLN.CO.ID', 503, 651, '2019-09-03', 1, NULL, NULL, 0),
(3293, 8, 'ERVAN SETIA', '8909159P3B', 'ERVANS@PLN.CO.ID', 157, 651, '2019-09-03', 1, NULL, NULL, 0),
(3294, 8, 'ANDI WIJAYA', '9008238P3B', 'ANDIWIJAYA@PLN.CO.ID', 152, 651, '2019-09-03', 1, NULL, NULL, 0),
(3295, 8, 'ARIF SYAIFUDIN', '9009151P3B', 'A_SYAIFUDIN@PLN.CO.ID', 504, 651, '2019-09-03', 1, NULL, NULL, 0),
(3296, 8, 'ARISTOMY KURNIANTO', '9009161P3B', 'ARISTOMY@PLN.CO.ID', 156, 651, '2019-09-03', 1, NULL, NULL, 0),
(3297, 8, 'ADE REZKI SPADANA', '91151489ZY', 'SPADANA@PLN.CO.ID', 156, 651, '2019-09-03', 1, NULL, NULL, 0),
(3298, 8, 'YASIR ARAFAT', '9217167ZY', 'YASIR.ARAFAT92@PLN.CO.ID', 159, 651, '2019-09-03', 1, NULL, NULL, 0),
(3299, 8, 'MUHAMAD', '9318123ZY', 'MUHAMAD93@PLN.CO.ID', 505, 651, '2019-09-03', 1, NULL, NULL, 0),
(3300, 8, 'TOHA KHULATINGULLOH', '9418432ZY', 'TOHA.KHULATINGULLOH@PLN.CO.ID', 506, 651, '2019-09-03', 1, NULL, NULL, 0),
(3301, 8, 'NUR RIZKI KURNIATI', '9418434ZY', 'NUR.KURNIATI@PLN.CO.ID', 156, 651, '2019-09-03', 1, NULL, NULL, 0),
(3302, 8, 'ANDY RIZAL AKBAR', '9418870ZY', 'ANDY.AKBAR@PLN.CO.ID', 505, 651, '2019-09-03', 1, NULL, NULL, 0),
(3303, 8, 'PUJO UTOMO', '9419334ZY', 'PUJO.UTOMO@PLN.CO.ID', 136, 651, '2019-09-03', 1, NULL, NULL, 0),
(3304, 8, 'MUHAMMAD NASHIH RABBANI', '9419335ZY', 'm.rabbani@pln.co.id', 244, 651, '2019-09-03', 1, NULL, NULL, 0),
(3305, 8, 'FIKRI RAMADHANI', '9419336ZY', 'FIKRI.RAMADHANI@PLN.CO.ID', 337, 651, '2019-09-03', 1, NULL, NULL, 0),
(3306, 8, 'ADELINA PURBA', '95171485ZY', 'ADELINA.PURBA@PLN.CO.ID', 157, 651, '2019-09-03', 1, NULL, NULL, 0),
(3307, 8, 'DAVID PARULIAN', '9519343ZY', 'D.PARULIAN@PLN.CO.ID', 244, 651, '2019-09-03', 1, NULL, NULL, 0),
(3308, 8, 'WILDAN NURDIANSYAH', '9616052TCY', 'WILDAN.NURDIANSYAH@PLN.CO.ID', 507, 651, '2019-09-03', 1, NULL, NULL, 0),
(3309, 8, 'MUCHAMMAD FISAL FARDANSAH', '9716020TCY', 'MUCHAMMAD.FARDANSYAH@PLN.CO.ID', 508, 651, '2019-09-03', 1, NULL, NULL, 0),
(3310, 8, 'NUR ADIANSYAH', '9716026TCY', 'NUR.ADIANSYAH@PLN.CO.ID', 509, 651, '2019-09-03', 1, NULL, NULL, 0),
(3311, 8, 'REVANALI YUSUF AYATULLOH', '9716029TCY', 'REVANALI.AYATULLOH@PLN.CO.ID', 510, 651, '2019-09-03', 1, NULL, NULL, 0),
(3312, 8, 'DWI CAHYANA PUTRA', '9717047TCY', 'DWI.PUTRA2@PLN.CO.ID', 509, 651, '2019-09-03', 1, NULL, NULL, 0),
(3313, 8, 'FIKRI GHAZALI ZULKARNAIN', '9817049TCY', 'FIKRI.ZULKARNAIN@PLN.CO.ID', 511, 651, '2019-09-03', 1, NULL, NULL, 0),
(3314, 8, 'HANDIKA ADI SETIA NEGARA', '9817050TCY', 'HANDIKA.NEGARA@PLN.CO.ID', 512, 651, '2019-09-03', 1, NULL, NULL, 0),
(3315, 8, 'MUHAMMAD BAHRUDIN', '9817055TCY', 'MUHAMMAD.BAHRUDIN@PLN.CO.ID', 513, 651, '2019-09-03', 1, NULL, NULL, 0),
(3316, 8, 'MUHAMAD ALI', '6387036K3', 'MUHAMADALI@PLN.CO.ID', 514, 652, '2019-09-03', 1, NULL, NULL, 0),
(3317, 8, 'BOWO WISENO', '6388030JA', 'BOWOWISENO@PLN.CO.ID', 515, 652, '2019-09-03', 1, NULL, NULL, 0),
(3318, 8, 'SUTIKNO', '6591103JA', 'SUTIKNO2@PLN.CO.ID', 516, 652, '2019-09-03', 1, NULL, NULL, 0),
(3319, 8, 'MOCH. ROMLI', '6791096JA', 'M.ROMLI@PLN.CO.ID', 517, 652, '2019-09-03', 1, NULL, NULL, 0),
(3320, 8, 'BUDIARTO', '6892142JA', 'BUDIARTO2@PLN.CO.ID', 518, 652, '2019-09-03', 1, NULL, NULL, 0),
(3321, 8, 'MUJI HARIYADI', '6992213JA', 'MUJI.HARIYADI@PLN.CO.ID', 518, 652, '2019-09-03', 1, NULL, NULL, 0),
(3322, 8, 'AGUS SANTOSO', '7091095JA', 'AGUS.SAN@PLN.CO.ID', 519, 652, '2019-09-03', 1, NULL, NULL, 0),
(3323, 8, 'I MADE SUSILA HADIWIJAYA', '7192150JA', 'MADE.SUSILA@PLN.CO.ID', 142, 652, '2019-09-03', 1, NULL, NULL, 0),
(3324, 8, 'MUHAMMAD HIDAYAT', '7192303JA', 'm.hidayat71@PLN.CO.ID', 520, 652, '2019-09-03', 1, NULL, NULL, 0),
(3325, 8, 'ABDUL LATIF', '7493510K3', 'A.LATIF@PLN.CO.ID', 521, 652, '2019-09-03', 1, NULL, NULL, 0),
(3326, 8, 'PUNGKY SETIAWAN', '8508244P3B', 'PUNGKY@PLN.CO.ID', 152, 652, '2019-09-03', 1, NULL, NULL, 0),
(3327, 8, 'AGUNG REVANA', '8609157P3B', 'A_REVANA@PLN.CO.ID', 522, 652, '2019-09-03', 1, NULL, NULL, 0),
(3328, 8, 'MERDEKA SETIAWAN', '8708231P3B', 'GENDHOET@PLN.CO.ID', 523, 652, '2019-09-03', 1, NULL, NULL, 0),
(3329, 8, 'INDRA BAYU SURYAWAN', '8708245P3B', 'IBSURYA87@PLN.CO.ID', 149, 652, '2019-09-03', 1, NULL, NULL, 0),
(3330, 8, 'I KOMANG NATANAEL ADI WIBOWO', '8809153P3B', 'NATANAEL@PLN.CO.ID', 524, 652, '2019-09-03', 1, NULL, NULL, 0),
(3331, 8, 'HENDRA SATRIA PAMBUDI', '8908235P3B', 'HENDRAPAMBUDI@PLN.CO.ID', 525, 652, '2019-09-03', 1, NULL, NULL, 0),
(3332, 8, 'RIZKI DWI SETIAWAN', '8908246P3B', 'RIZKI2@PLN.CO.ID', 526, 652, '2019-09-03', 1, NULL, NULL, 0),
(3333, 8, 'PANJI CITRA SOMA DIMAS KAYAKI', '8909150P3B', 'SOMA_KAYAKI@PLN.CO.ID', 527, 652, '2019-09-03', 1, NULL, NULL, 0),
(3334, 8, 'TRIYAN KURNIA HARTADY', '8909152P3B', 'TRIYANKH@PLN.CO.ID', 528, 652, '2019-09-03', 1, NULL, NULL, 0),
(3335, 8, 'HALIM PRIYANGGA', '9009149P3B', 'HALIMP@PLN.CO.ID', 529, 652, '2019-09-03', 1, NULL, NULL, 0),
(3336, 8, 'PANDU PRIHANTONO', '9009154P3B', 'PPRIHANTONO@PLN.CO.ID', 150, 652, '2019-09-03', 1, NULL, NULL, 0),
(3337, 8, 'ARGHIAN KRESNADIAN JANUAR SUNDIK', '9009155P3B', 'AKJ_SUNDIK@PLN.CO.ID', 530, 652, '2019-09-03', 1, NULL, NULL, 0),
(3338, 8, 'MUHAMMAD RAZALI', '90151130ZY', 'M.RAZALI@PLN.CO.ID', 156, 652, '2019-09-03', 1, NULL, NULL, 0),
(3339, 8, 'BRILIANDA ADI WICAKSONO', '9115832ZY', 'BRILIANDA.AW@PLN.CO.ID', 184, 652, '2019-09-03', 1, NULL, NULL, 0),
(3340, 8, 'SEPTIAN ALAN SUSANTO', '92163639ZY', 'SEPTIAN.SUSANTO@PLN.CO.ID', 136, 652, '2019-09-03', 1, NULL, NULL, 0),
(3341, 8, 'DWI AGUS SETIONO', '9217166ZY', 'DWI.SETIYONO@PLN.CO.ID', 136, 652, '2019-09-03', 1, NULL, NULL, 0),
(3342, 8, 'FERA HARTOYO', '93162671ZY', 'FERA.HARTOYO@PLN.CO.ID', 156, 652, '2019-09-03', 1, NULL, NULL, 0),
(3343, 8, 'AKHMAD GUNAWAN SAPUTRA', '9318430ZY', 'AKHMAD.SAPUTRA@PLN.CO.ID', 531, 652, '2019-09-03', 1, NULL, NULL, 0),
(3344, 8, 'MUHAMMAD ALAN FAZA', '9414019P3Y', 'MA.FAZA@PLN.CO.ID', 532, 652, '2019-09-03', 1, NULL, NULL, 0),
(3345, 8, 'ARIF GUNAWAN', '9417174ZY', 'ARIF.GUNAWAN@PLN.CO.ID', 533, 652, '2019-09-03', 1, NULL, NULL, 0),
(3346, 8, 'ANGGA ADI PRASETYO', '9418433ZY', 'ANGGA.PRASETYO@PLN.CO.ID', 530, 652, '2019-09-03', 1, NULL, NULL, 0),
(3347, 8, 'HERSUKMA INDRA ABID ATHO\'ILLAH', '9516006TCY', 'HERSUKMA.ATHO\'ILLAH@PLN.CO.ID', 264, 652, '2019-09-03', 1, NULL, NULL, 0),
(3348, 8, 'MUHAMMAD YOGA FADILLAH', '95171484ZY', 'MUHAMMAD.FADILLAH1@PLN.CO.ID', 525, 652, '2019-09-03', 1, NULL, NULL, 0),
(3349, 8, 'FAUZI FIRMANSYAH', '95171174ZY', 'FAUZI.FIRMANSYAH@PLN.CO.ID', 530, 652, '2019-09-03', 1, NULL, NULL, 0),
(3350, 8, 'IWAN TRIDIANTO', '9518125ZY', 'IWAN.TRIDIANTO@PLN.CO.ID', 521, 652, '2019-09-03', 1, NULL, NULL, 0),
(3351, 8, 'MUHAMMAD NUR IHSAN. S', '9518872ZY', 'MUHAMMAD.IHSANS@PLN.CO.ID', 534, 652, '2019-09-03', 1, NULL, NULL, 0),
(3352, 8, 'LESTARINA TAMPUBOLON', '9519338ZY', 'LESTARINA.TAMPUBOLON@PLN.CO.ID', 157, 652, '2019-09-03', 1, NULL, NULL, 0),
(3353, 8, 'MUHAMMAD NUGRATAMA SUDARSANTO', '9519341ZY', 'MUHAMMAD.SUDARSANTO@PLN.CO.ID', 535, 652, '2019-09-03', 1, NULL, NULL, 0),
(3354, 8, 'A. TAUFIQ NURUL FAJRI', '9616001TCY', 'A.TAUFIQ@PLN.CO.ID', 536, 652, '2019-09-03', 1, NULL, NULL, 0),
(3355, 8, 'AGUS FADELI', '9616004TCY', 'AGUS.FADELI@PLN.CO.ID', 188, 652, '2019-09-03', 1, NULL, NULL, 0),
(3356, 8, 'AHMAD BASIR MUSADAT', '9616006TCY', 'AHMAD.MUSADAT@PLN.CO.ID', 537, 652, '2019-09-03', 1, NULL, NULL, 0),
(3357, 8, 'FIBRI TRISDIARTYAN MULIA', '9616024TCY', 'FIBRI.MULIA@PLN.CO.ID', 538, 652, '2019-09-03', 1, NULL, NULL, 0),
(3358, 8, 'ALDI NUR ARSYI', '9617046TCY', 'ALDI.NURARSYI@PLN.CO.ID', 539, 652, '2019-09-03', 1, NULL, NULL, 0),
(3359, 8, 'ACHMAD RIZAL BINTANG SETIAWAN', '9716002TCY', 'ACHMADRIZAL.SETIAWAN@PLN.CO.ID', 189, 652, '2019-09-03', 1, NULL, NULL, 0),
(3360, 8, 'IRVAN RUDYANSYAH', '9716013TCY', 'IRVAN.RUDIANSYAH@PLN.CO.ID', 540, 652, '2019-09-03', 1, NULL, NULL, 0),
(3361, 8, 'MALDIAN DWI PRASETYO', '9716015TCY', 'MALDIAN.PRASETYO@PLN.CO.ID', 264, 652, '2019-09-03', 1, NULL, NULL, 0),
(3362, 8, 'WASIS PRAYOGI', '6385118JA', 'WASIS@PLN.CO.ID', 197, 653, '2019-09-03', 1, NULL, NULL, 0),
(3363, 8, 'SUBIJONO', '6483236JA', 'SUBIJONO@PLN.CO.ID', 194, 653, '2019-09-03', 1, NULL, NULL, 0),
(3364, 8, 'MUHAMMAD RIF\'AN', '6484099JA', 'M.RIFAN@PLN.CO.ID', 196, 653, '2019-09-03', 1, NULL, NULL, 0),
(3365, 8, 'SISWOYO DASOEL', '6485105JA', 'SISWOYO@PLN.CO.ID', 196, 653, '2019-09-03', 1, NULL, NULL, 0),
(3366, 8, 'HEBOH MAPHILINDO', '6485106JA', 'HEBOH@PLN.CO.ID', 193, 653, '2019-09-03', 1, NULL, NULL, 0),
(3367, 8, 'HERIJONO', '6485107JA', 'HERIJONO@PLN.CO.ID', 197, 653, '2019-09-03', 1, NULL, NULL, 0),
(3368, 8, 'MOH. ARIS MARIYANTO', '6486007JA', 'ARISMARIYANTO@PLN.CO.ID', 197, 653, '2019-09-03', 1, NULL, NULL, 0),
(3369, 8, 'SUCIONO', '6488079K3', 'SUCIONO@PLN.CO.ID', 273, 653, '2019-09-03', 1, NULL, NULL, 0),
(3370, 8, 'MADJID ASMORO', '6585109JA', 'MADJID@PLN.CO.ID', 194, 653, '2019-09-03', 1, NULL, NULL, 0),
(3371, 8, 'HERY PRATISTO', '6585115JA', 'HERY.PRATISTO@PLN.CO.ID', 193, 653, '2019-09-03', 1, NULL, NULL, 0),
(3372, 8, 'UGIB DWI RAKHMAWATI', '6591041P', 'UGIB@PLN.CO.ID', 195, 653, '2019-09-03', 1, NULL, NULL, 0),
(3373, 8, 'SUGIANTORO', '6688035JA', 'SUGIANTORO@PLN.CO.ID', 194, 653, '2019-09-03', 1, NULL, NULL, 0),
(3374, 8, 'ENDARYANA', '6691084JA', 'ENDARYANA@PLN.CO.ID', 541, 653, '2019-09-03', 1, NULL, NULL, 0),
(3375, 8, 'FATCHUR ROFIK', '6788036JA', 'ROFIK@PLN.CO.ID', 197, 653, '2019-09-03', 1, NULL, NULL, 0),
(3376, 8, 'YANUAR PRIBADI', '6891082JA', 'YANUAR.P@PLN.CO.ID', 119, 653, '2019-09-03', 1, NULL, NULL, 0),
(3377, 8, 'MOCH. RIADI', '6892145JA', 'RIADI@PLN.CO.ID', 350, 653, '2019-09-03', 1, NULL, NULL, 0),
(3378, 8, 'SUKAMTO', '6892308JA', 'SUKAMTO2@PLN.CO.ID', 119, 653, '2019-09-03', 1, NULL, NULL, 0),
(3379, 8, 'HADI SUPRIYANTO', '7088052K3', 'SUMPRIT@PLN.CO.ID', 195, 653, '2019-09-03', 1, NULL, NULL, 0),
(3380, 8, 'TOTOK MARIJONO', '7091009JA', 'MARIJONO@PLN.CO.ID', 199, 653, '2019-09-03', 1, NULL, NULL, 0),
(3381, 8, 'WARNOTO', '7192132JA', 'WARNOTO@PLN.CO.ID', 216, 653, '2019-09-03', 1, NULL, NULL, 0),
(3382, 8, 'HERY PURWANTO', '7192143JA', 'HERY.PURWANTO@PLN.CO.ID', 200, 653, '2019-09-03', 1, NULL, NULL, 0),
(3383, 8, 'SUMARWAN', '7192314JA', 'SUMARWAN2@PLN.CO.ID', 119, 653, '2019-09-03', 1, NULL, NULL, 0),
(3384, 8, 'MOH. SUBEHAN NURSAMSI', '7192316JA', 'SUBEHAN@PLN.CO.ID', 92, 653, '2019-09-03', 1, NULL, NULL, 0),
(3385, 8, 'GANJAR SUPRAHONO', '7392313JA', 'GANJAR@PLN.CO.ID', 541, 653, '2019-09-03', 1, NULL, NULL, 0),
(3386, 8, 'DWI YUSANTO', '7493170JA', 'DWI@PLN.CO.ID', 215, 653, '2019-09-03', 1, NULL, NULL, 0),
(3387, 8, 'RAHMAT', '8005008PBS', 'RAHMAT.80@PLN.CO.ID', 542, 653, '2019-09-03', 1, NULL, NULL, 0),
(3388, 8, 'AKHMAD TAUFIQ', '8404048P3B', 'AKHMAD@PLN.CO.ID', 210, 653, '2019-09-03', 1, NULL, NULL, 0),
(3389, 8, 'MERY ANDRIANTO', '8404052P3B', 'MERY@PLN.CO.ID', 207, 653, '2019-09-03', 1, NULL, NULL, 0),
(3390, 8, 'BAMBANG SUKARIYANTO', '8408355Z', 'BAMBANG.SUKARIYANTO@PLN.CO.ID', 430, 653, '2019-09-03', 1, NULL, NULL, 0),
(3391, 8, 'RICCA PUSPA SARI', '8509294Z', 'RICCA@PLN.CO.ID', 218, 653, '2019-09-03', 1, NULL, NULL, 0),
(3392, 8, 'HENDRA DHARMAWAN', '8511075Z', 'HENDRA.DHARMAWAN@PLN.CO.ID', 214, 653, '2019-09-03', 1, NULL, NULL, 0),
(3393, 8, 'JOKO SANTOSO', '8608209P3B', 'JOKOSANTOSO@PLN.CO.ID', 211, 653, '2019-09-03', 1, NULL, NULL, 0),
(3394, 8, 'NUR FAJAR FARDIANSYAH UMAR', '8610316Z', 'NURFAJAR@PLN.CO.ID', 271, 653, '2019-09-03', 1, NULL, NULL, 0),
(3395, 8, 'SHANTI HARIANTI', '8611978Z', 'SHANTI.H@PLN.CO.ID', 217, 653, '2019-09-03', 1, NULL, NULL, 0),
(3396, 8, 'HENDRIK HARIONO', '86111510Z', 'HENDRIK.H@PLN.CO.ID', 198, 653, '2019-09-03', 1, NULL, NULL, 0),
(3397, 8, 'FRIESCA FURNARIASARI', '8611279Z', 'FRIESCA.F@PLN.CO.ID', 34, 653, '2019-09-03', 1, NULL, NULL, 0),
(3398, 8, 'KRISDIANA', '87111094Z', 'KRISDI@PLN.CO.ID', 205, 653, '2019-09-03', 1, NULL, NULL, 0),
(3399, 8, 'DEDI EKO PRASTIYO', '8808229P3B', 'DEPRAST@PLN.CO.ID', 133, 653, '2019-09-03', 1, NULL, NULL, 0),
(3400, 8, 'BAYU PRASETYO', '8815658ZY', 'BAYU.P@PLN.CO.ID', 543, 653, '2019-09-03', 1, NULL, NULL, 0),
(3401, 8, 'WISNU FITRI PRADITAMA', '8908249P3B', 'PRADITAMA@PLN.CO.ID', 203, 653, '2019-09-03', 1, NULL, NULL, 0),
(3402, 8, 'EKO TUBAN ADI PERDANA', '8909174P3B', 'TUBAN@PLN.CO.ID', 272, 653, '2019-09-03', 1, NULL, NULL, 0),
(3403, 8, 'HABIB ZARNUJI', '90162355ZY', 'HABIB.ZARNUJI@PLN.CO.ID', 76, 653, '2019-09-03', 1, NULL, NULL, 0),
(3404, 8, 'GENIS RATNA SARI', '9114268ZY', 'GENIS.RATNA@PLN.CO.ID', 208, 653, '2019-09-03', 1, NULL, NULL, 0),
(3405, 8, 'ANDRI WICAKSONO S', '9116863ZY', 'ANDRI.WICAKSONO@PLN.CO.ID', 202, 653, '2019-09-03', 1, NULL, NULL, 0),
(3406, 8, 'GALUH ANDRIANTO', '9212024P3Y', 'GALUH.ANDRIANTO@PLN.CO.ID', 356, 653, '2019-09-03', 1, NULL, NULL, 0),
(3407, 8, 'FAJAR SANTOSO WICAKSONO', '9212028P3Y', 'FAJAR.SW@PLN.CO.ID', 221, 653, '2019-09-03', 1, NULL, NULL, 0),
(3408, 8, 'AN\'NUUR RIDWAN PRIMANTHO', '9212029P3Y', 'AR.PRIMANTHO@PLN.CO.ID', 356, 653, '2019-09-03', 1, NULL, NULL, 0),
(3409, 8, 'ADHI SETIYANTO', '9212032P3Y', 'A.SETIYANTO@PLN.CO.ID', 356, 653, '2019-09-03', 1, NULL, NULL, 0),
(3410, 8, 'IMAM NAWAWI', '9312034P3Y', 'IMAM.NAWAWI@PLN.CO.ID', 221, 653, '2019-09-03', 1, NULL, NULL, 0),
(3411, 8, 'ANGGRA VICTORY ERVIN', '9316322ZY', 'ANGGRA.V@PLN.CO.ID', 431, 653, '2019-09-03', 1, NULL, NULL, 0),
(3412, 8, 'I KETUT KARSA YOJANA', '93161873ZY', 'IKETUT.YOJANA@PLN.CO.ID', 102, 653, '2019-09-03', 1, NULL, NULL, 0),
(3413, 8, 'FIRA ENGGAR TURMUDZI', '9317539ZY', 'FIRA.TURMUDZI@PLN.CO.ID', 280, 653, '2019-09-03', 1, NULL, NULL, 0),
(3414, 8, 'YOVINA ASRIFA', '93171896ZY', 'YOVINA.ASRIFA@PLN.CO.ID', 195, 653, '2019-09-03', 1, NULL, NULL, 0),
(3415, 8, 'FAJAR SUTOMO', '9414004P3Y', 'F.SUTOMO@PLN.CO.ID', 427, 653, '2019-09-03', 1, NULL, NULL, 0),
(3416, 8, 'NINDYA ARIYANTI', '9417545ZY', 'NINDYA.ARIYANTI@PLN.CO.ID', 219, 653, '2019-09-03', 1, NULL, NULL, 0),
(3417, 8, 'GUSTI AYU CHANDRA TRY BUANA', '9419337ZY', 'GUSTI.BUANA@PLN.CO.ID', 427, 653, '2019-09-03', 1, NULL, NULL, 0),
(3418, 8, 'I MADE NIANTARA RIANDANA', '9419527ZY', 'I.RIANDANA@PLN.CO.ID', 544, 653, '2019-09-03', 1, NULL, NULL, 0),
(3419, 8, 'DIANA MURIANTI', '9419528ZY', 'DIANA.MURIANTI@PLN.CO.ID', 353, 653, '2019-09-03', 1, NULL, NULL, 0),
(3420, 8, 'HENING ING TYAS', '9518438ZY', 'HENING.TYAS@PLN.CO.ID', 429, 653, '2019-09-03', 1, NULL, NULL, 0),
(3421, 8, 'MARGILANG BIMO AL HAZMI', '9519531ZY', 'MARGILANG.HAZMI@PLN.CO.ID', 357, 653, '2019-09-03', 1, NULL, NULL, 0),
(3422, 8, 'SETYO WAHYU WINDIARTO', '9616048TCY', 'SETYO.WINDIARTO@PLN.CO.ID', 115, 653, '2019-09-03', 1, NULL, NULL, 0),
(3423, 8, 'BAGUS HAQQIN', '9617060TCY', 'BAGUS.HAQQIN@PLN.CO.ID', 221, 653, '2019-09-03', 1, NULL, NULL, 0),
(3424, 8, 'LULUT RESTYO BEKTI', '9617063TCY', 'LULUT.BEKTI@PLN.CO.ID', 221, 653, '2019-09-03', 1, NULL, NULL, 0),
(3425, 8, 'LISNA ZULFIA', '9618883ZY', 'LISNA.ZULFIA@PLN.CO.ID', 208, 653, '2019-09-03', 1, NULL, NULL, 0),
(3426, 8, 'REGINA ROSSY YANUARISTA', '9716027TCY', 'REGINA.YANUARISTA@PLN.CO.ID', 220, 653, '2019-09-03', 1, NULL, NULL, 0),
(3427, 8, 'AKHMAD AFANDI', '9717044TCY', 'AKHMAD.AFANDI@PLN.CO.ID', 279, 653, '2019-09-03', 1, NULL, NULL, 0),
(3428, 8, 'WINDA DWI ANGGASTYA', '9717045TCY', 'WINDA.ANGGASTYA@PLN.CO.ID', 220, 653, '2019-09-03', 1, NULL, NULL, 0),
(3429, 8, 'ACHMAD SETYAWAN CARAKA', '9717056TCY', 'ACHMAD.CARAKA@PLN.CO.ID', 221, 653, '2019-09-03', 1, NULL, NULL, 0),
(3430, 8, 'NUR HUDA DWI ARI JATMIKO', '9816002TCY', 'NUR.JATMIKO@PLN.CO.ID', 545, 653, '2019-09-03', 1, NULL, NULL, 0),
(3431, 8, 'LINTA UNTSA SIFA DHANA', '9817043TCY', 'LINTA.DHANA@PLN.CO.ID', 129, 653, '2019-09-03', 1, NULL, NULL, 0),
(3432, 8, 'AHMAD PUJI AMIRUDIN', '9817057TCY', 'AHMAD.AMIRUDIN@PLN.CO.ID', 221, 653, '2019-09-03', 1, NULL, NULL, 0),
(3433, 8, 'MOHAMMAD ILHAM ZAHIDI', '9817064TCY', 'MOHAMMAD.ZAHIDI@PLN.CO.ID', 221, 653, '2019-09-03', 1, NULL, NULL, 0),
(3434, 8, 'MUHAMMAD AGUNG SYAHJEHAN', '9817065TCY', 'MUHAMMAD.SYAHJEHAN@PLN.CO.ID', 221, 653, '2019-09-03', 1, NULL, NULL, 0);

-- --------------------------------------------------------

--
-- Table structure for table `pegawai_job_desk`
--

CREATE TABLE `pegawai_job_desk` (
  `id` int(11) NOT NULL,
  `jenis_job` int(11) NOT NULL,
  `giver` int(11) DEFAULT NULL COMMENT 'giver () jika terisi maka job yag diberikan kepada pegawai tsb',
  `tanggal` date DEFAULT NULL,
  `pegawai` int(11) NOT NULL COMMENT 'jika diberikan atasan maka ini adalah pegawai tujuan',
  `keterangan` text,
  `time_target` date DEFAULT NULL,
  `disposisi` varchar(150) DEFAULT NULL,
  `sifat` varchar(150) DEFAULT NULL,
  `proses_bisnis` varchar(255) DEFAULT NULL,
  `createddate` date DEFAULT NULL,
  `createdby` int(11) DEFAULT NULL,
  `updateddate` datetime DEFAULT NULL,
  `updatedby` int(11) DEFAULT NULL,
  `deleted` int(11) DEFAULT '0'
) ENGINE=InnoDB DEFAULT CHARSET=latin1;

--
-- Dumping data for table `pegawai_job_desk`
--

INSERT INTO `pegawai_job_desk` (`id`, `jenis_job`, `giver`, `tanggal`, `pegawai`, `keterangan`, `time_target`, `disposisi`, `sifat`, `proses_bisnis`, `createddate`, `createdby`, `updateddate`, `updatedby`, `deleted`) VALUES
(1, 1, 1, '2019-09-01', 1, 'Pekerjaan A', '2019-09-19', NULL, 'Sifat Lanjutan', 'Proses Bisnis A', '2019-09-01', 1, NULL, NULL, 0),
(2, 1, NULL, '2019-09-04', 1, 'TEs', '2019-09-12', NULL, 'Sifat Lanjutan', 'Proses Bisnis A', '2019-09-04', 2, NULL, NULL, 0),
(3, 1, 2, '2019-09-04', 2292, 'Coba kerjakan ini', '2019-09-13', NULL, 'Sifat Lanjutan', 'Proses Bisnis B', '2019-09-04', 2, NULL, NULL, 0);

-- --------------------------------------------------------

--
-- Table structure for table `pegawai_user`
--

CREATE TABLE `pegawai_user` (
  `id` int(11) NOT NULL,
  `user` int(11) NOT NULL,
  `pegawai` int(11) NOT NULL,
  `createddate` date DEFAULT NULL,
  `createdby` int(11) DEFAULT NULL,
  `updateddate` datetime DEFAULT NULL,
  `updatedby` int(11) DEFAULT NULL,
  `deleted` int(11) DEFAULT '0'
) ENGINE=InnoDB DEFAULT CHARSET=latin1;

-- --------------------------------------------------------

--
-- Table structure for table `priveledge`
--

CREATE TABLE `priveledge` (
  `id` int(11) NOT NULL,
  `hak_akses` varchar(150) DEFAULT NULL,
  `createddate` date DEFAULT NULL,
  `createdby` int(11) DEFAULT NULL,
  `updateddate` datetime DEFAULT NULL,
  `updatedby` int(11) DEFAULT NULL,
  `deleted` int(11) DEFAULT '0'
) ENGINE=InnoDB DEFAULT CHARSET=latin1;

--
-- Dumping data for table `priveledge`
--

INSERT INTO `priveledge` (`id`, `hak_akses`, `createddate`, `createdby`, `updateddate`, `updatedby`, `deleted`) VALUES
(1, 'Superadmin', NULL, NULL, NULL, NULL, 0);

-- --------------------------------------------------------

--
-- Table structure for table `room`
--

CREATE TABLE `room` (
  `id` int(11) NOT NULL,
  `user` int(11) NOT NULL,
  `nomer_room` varchar(150) DEFAULT NULL,
  `nama` varchar(150) DEFAULT NULL,
  `row` int(11) DEFAULT NULL,
  `createddate` date DEFAULT NULL,
  `createdby` int(11) DEFAULT NULL,
  `updateddate` datetime DEFAULT NULL,
  `updatedby` int(11) DEFAULT NULL,
  `deleted` int(11) DEFAULT '0'
) ENGINE=InnoDB DEFAULT CHARSET=latin1;

--
-- Dumping data for table `room`
--

INSERT INTO `room` (`id`, `user`, `nomer_room`, `nama`, `row`, `createddate`, `createdby`, `updateddate`, `updatedby`, `deleted`) VALUES
(1, 1, 'ROOM19AUG001', 'ROOM A', 2, '2019-08-21', 1, '2019-09-28 08:06:10', 1, 0),
(2, 1, 'ROOM19SEP001', 'ROOM B', 3, '2019-09-05', 1, '2019-09-28 08:06:10', 1, 0),
(3, 1, 'ROOM19SEP002', 'BARU', 1, '2019-09-12', 1, '2019-09-28 08:06:10', 1, 0);

-- --------------------------------------------------------

--
-- Table structure for table `room_body`
--

CREATE TABLE `room_body` (
  `id` int(11) NOT NULL,
  `title` varchar(150) DEFAULT NULL,
  `file` text,
  `row` int(11) DEFAULT NULL,
  `pesan` varchar(255) DEFAULT NULL,
  `tipe_upload` int(11) DEFAULT NULL,
  `url` text,
  `room_header` int(11) NOT NULL,
  `room_category` int(11) NOT NULL,
  `createddate` date DEFAULT NULL,
  `createdby` int(11) DEFAULT NULL,
  `updateddate` datetime DEFAULT NULL,
  `updatedby` int(11) DEFAULT NULL,
  `deleted` int(11) DEFAULT '0'
) ENGINE=InnoDB DEFAULT CHARSET=latin1;

--
-- Dumping data for table `room_body`
--

INSERT INTO `room_body` (`id`, `title`, `file`, `row`, `pesan`, `tipe_upload`, `url`, `room_header`, `room_category`, `createddate`, `createdby`, `updateddate`, `updatedby`, `deleted`) VALUES
(4, 'Body Child I', NULL, NULL, NULL, NULL, NULL, 1, 1, '2019-08-21', 1, '2019-09-04 09:28:03', 1, 1),
(5, 'Body Child II', 'RAB Aplikasi Toolapps.pdf', NULL, 'Keterangan Body Child II', 2, NULL, 1, 1, '2019-08-31', 1, '2019-09-04 09:28:00', 1, 1),
(6, 'Body Child I', 'Invoice-10987.pdf', 2, 'Keterangan Body Child II', 2, NULL, 1, 1, '2019-09-04', 1, '2019-10-01 13:45:09', 1, 0),
(7, 'Tes', 'Invoice-10987.pdf', 1, 'Tes', 2, NULL, 1, 1, '2019-09-04', 1, '2019-10-01 13:45:09', 1, 0),
(8, 'Coba', 'Invoice-10983.pdf', NULL, 'Coba', 2, NULL, 1, 1, '2019-09-04', 1, '2019-09-04 09:46:19', 1, 1),
(9, 'Coba', 'Invoice-10983.pdf', 3, 'Coba', 2, NULL, 1, 1, '2019-09-04', 1, '2019-10-01 13:45:09', 1, 0),
(10, 'Tes', 'Invoice-10987.pdf', NULL, 'Tes Dua', 2, NULL, 2, 1, '2019-09-04', 1, NULL, NULL, 0),
(11, 'Coba satu', 'PK3.TJBTB.01. Pros. Partisipasi & Konsultasi.pdf', 4, 'Coba satu', 2, NULL, 1, 1, '2019-09-04', 1, '2019-10-01 13:45:09', 1, 0),
(12, 'coba dua', 'PK3.TJBTB.05. Pros. Penggunaan Produk (Material Habis Pakai) edit New.pdf', 5, 'Coba dua', 2, NULL, 1, 1, '2019-09-04', 1, '2019-10-01 13:45:09', 1, 0),
(13, 'Coba Tiga', 'MK3.TJBTB. Manual SMK3 final.pdf', 6, 'Coba Tiga', 2, NULL, 1, 1, '2019-09-04', 1, '2019-10-01 13:45:09', 1, 0),
(14, 'Dappsolutions', NULL, 7, 'Website Dappsolutions', 3, 'https://solutionsdapps.com', 1, 1, '2019-09-10', 1, '2019-10-01 13:45:09', 1, 0);

-- --------------------------------------------------------

--
-- Table structure for table `room_body_comment`
--

CREATE TABLE `room_body_comment` (
  `id` int(11) NOT NULL,
  `user` int(11) NOT NULL,
  `room_body_sub_comment` int(11) NOT NULL,
  `isi` text,
  `refer` int(11) DEFAULT NULL,
  `createddate` date DEFAULT NULL,
  `createdby` int(11) DEFAULT NULL,
  `updateddate` datetime DEFAULT NULL,
  `updatedby` int(11) DEFAULT NULL,
  `deleted` int(11) DEFAULT '0'
) ENGINE=InnoDB DEFAULT CHARSET=latin1;

--
-- Dumping data for table `room_body_comment`
--

INSERT INTO `room_body_comment` (`id`, `user`, `room_body_sub_comment`, `isi`, `refer`, `createddate`, `createdby`, `updateddate`, `updatedby`, `deleted`) VALUES
(1, 2, 4, 'kurang lengkap', NULL, '2019-09-11', 1, NULL, NULL, 0),
(3, 1, 4, 'siap', 1, '2019-09-11', 1, NULL, NULL, 0),
(4, 1, 4, 'okeee', 1, '2019-09-11', 1, NULL, NULL, 0),
(5, 2, 4, 'makasih', 4, '2019-09-11', 2, NULL, NULL, 0);

-- --------------------------------------------------------

--
-- Table structure for table `room_body_detail`
--

CREATE TABLE `room_body_detail` (
  `id` int(11) NOT NULL,
  `title` varchar(150) DEFAULT NULL,
  `tipe_upload` int(11) NOT NULL,
  `file` text,
  `room_body` int(11) NOT NULL,
  `createddate` date DEFAULT NULL,
  `createdby` int(11) DEFAULT NULL,
  `updateddate` datetime DEFAULT NULL,
  `updatedby` int(11) DEFAULT NULL,
  `deleted` int(11) DEFAULT '0'
) ENGINE=InnoDB DEFAULT CHARSET=latin1;

--
-- Dumping data for table `room_body_detail`
--

INSERT INTO `room_body_detail` (`id`, `title`, `tipe_upload`, `file`, `room_body`, `createddate`, `createdby`, `updateddate`, `updatedby`, `deleted`) VALUES
(1, 'Pengumuman A', 2, 'RAB Aplikasi Toolapps.pdf', 4, '2019-08-23', 1, NULL, NULL, 0);

-- --------------------------------------------------------

--
-- Table structure for table `room_body_download`
--

CREATE TABLE `room_body_download` (
  `id` int(11) NOT NULL,
  `user` int(11) NOT NULL,
  `room_body_detail` int(11) NOT NULL,
  `createddate` date DEFAULT NULL,
  `createdby` int(11) DEFAULT NULL,
  `updateddate` datetime DEFAULT NULL,
  `updatedby` int(11) DEFAULT NULL
) ENGINE=InnoDB DEFAULT CHARSET=latin1;

-- --------------------------------------------------------

--
-- Table structure for table `room_body_field_value`
--

CREATE TABLE `room_body_field_value` (
  `id` int(11) NOT NULL,
  `room_body_row_uniq` int(11) NOT NULL,
  `room_body_table_has_field` int(11) NOT NULL,
  `isi` text,
  `row` int(11) DEFAULT NULL,
  `createddate` date DEFAULT NULL,
  `createdby` int(11) DEFAULT NULL,
  `updateddate` datetime DEFAULT NULL,
  `updatedby` int(11) DEFAULT NULL,
  `deleted` int(11) DEFAULT '0'
) ENGINE=InnoDB DEFAULT CHARSET=latin1;

--
-- Dumping data for table `room_body_field_value`
--

INSERT INTO `room_body_field_value` (`id`, `room_body_row_uniq`, `room_body_table_has_field`, `isi`, `row`, `createddate`, `createdby`, `updateddate`, `updatedby`, `deleted`) VALUES
(1, 1, 9, '1', 1, '2019-09-14', 2, '2019-09-23 06:32:17', 1, 0),
(2, 1, 10, 'Tejo Kurniawan', 1, '2019-09-14', 2, '2019-09-23 06:32:17', 1, 0),
(3, 2, 9, '2', 4, '2019-09-23', 2, '2019-09-23 06:32:17', 1, 0),
(4, 2, 10, 'Dodik Rismawan Affrudin', 4, '2019-09-23', 2, '2019-09-23 06:32:17', 1, 0),
(7, 3, 9, '3', 2, '2019-09-23', 2, '2019-09-23 06:32:17', 1, 0),
(8, 3, 10, 'Bejo', 2, '2019-09-23', 2, '2019-09-23 06:32:17', 1, 0),
(9, 4, 9, '4', 6, '2019-09-23', 2, '2019-09-23 06:32:17', 1, 0),
(10, 4, 10, 'Dani', 6, '2019-09-23', 2, '2019-09-23 06:32:17', 1, 0),
(11, 5, 9, '5', 3, '2019-09-23', 2, '2019-09-23 06:32:17', 1, 0),
(12, 5, 10, 'Meni', 3, '2019-09-23', 2, '2019-09-23 06:32:17', 1, 0),
(13, 6, 9, '6', 5, '2019-09-23', 2, '2019-09-23 06:32:17', 1, 0),
(14, 6, 10, 'Tedi', 5, '2019-09-23', 2, '2019-09-23 06:32:17', 1, 0);

-- --------------------------------------------------------

--
-- Table structure for table `room_body_form`
--

CREATE TABLE `room_body_form` (
  `id` int(11) NOT NULL,
  `room_body` int(11) NOT NULL,
  `kolom` varchar(150) DEFAULT NULL,
  `tipe_data` int(11) NOT NULL,
  `createddate` date DEFAULT NULL,
  `createdby` int(11) DEFAULT NULL,
  `updateddate` datetime DEFAULT NULL,
  `updatedby` int(11) DEFAULT NULL,
  `deleted` int(11) DEFAULT '0'
) ENGINE=InnoDB DEFAULT CHARSET=latin1;

-- --------------------------------------------------------

--
-- Table structure for table `room_body_like`
--

CREATE TABLE `room_body_like` (
  `id` int(11) NOT NULL,
  `user` int(11) NOT NULL,
  `room_body` int(11) NOT NULL,
  `createddate` date DEFAULT NULL,
  `createdby` int(11) DEFAULT NULL,
  `updateddate` datetime DEFAULT NULL,
  `updatedby` int(11) DEFAULT NULL
) ENGINE=InnoDB DEFAULT CHARSET=latin1;

--
-- Dumping data for table `room_body_like`
--

INSERT INTO `room_body_like` (`id`, `user`, `room_body`, `createddate`, `createdby`, `updateddate`, `updatedby`) VALUES
(1, 1, 4, '2019-08-31', 1, NULL, NULL),
(2, 1, 5, '2019-08-31', 1, NULL, NULL),
(3, 2, 5, '2019-08-31', 2, NULL, NULL),
(4, 2, 4, '2019-08-31', 2, NULL, NULL);

-- --------------------------------------------------------

--
-- Table structure for table `room_body_permission`
--

CREATE TABLE `room_body_permission` (
  `id` int(11) NOT NULL,
  `user` int(11) NOT NULL,
  `room_body` int(11) NOT NULL,
  `view` varchar(45) DEFAULT '0',
  `download` int(11) DEFAULT '0',
  `createddate` date DEFAULT NULL,
  `createdby` int(11) DEFAULT NULL,
  `updateddate` datetime DEFAULT NULL,
  `updatedby` int(11) DEFAULT NULL,
  `deleted` int(11) DEFAULT '0'
) ENGINE=InnoDB DEFAULT CHARSET=latin1;

--
-- Dumping data for table `room_body_permission`
--

INSERT INTO `room_body_permission` (`id`, `user`, `room_body`, `view`, `download`, `createddate`, `createdby`, `updateddate`, `updatedby`, `deleted`) VALUES
(1, 2, 6, '1', 0, '2019-09-21', 1, '2019-09-21 08:33:47', 1, 0),
(2, 3, 6, '1', 0, '2019-09-21', 1, '2019-09-21 08:33:47', 1, 0);

-- --------------------------------------------------------

--
-- Table structure for table `room_body_row_uniq`
--

CREATE TABLE `room_body_row_uniq` (
  `id` int(11) NOT NULL,
  `user` int(11) NOT NULL,
  `no_document` varchar(150) DEFAULT NULL,
  `room_body_table` int(11) NOT NULL,
  `row` int(11) DEFAULT NULL,
  `createddate` date DEFAULT NULL,
  `createdby` int(11) DEFAULT NULL,
  `updateddate` datetime DEFAULT NULL,
  `updatedby` int(11) DEFAULT NULL,
  `deleted` int(11) DEFAULT '0'
) ENGINE=InnoDB DEFAULT CHARSET=latin1;

--
-- Dumping data for table `room_body_row_uniq`
--

INSERT INTO `room_body_row_uniq` (`id`, `user`, `no_document`, `room_body_table`, `row`, `createddate`, `createdby`, `updateddate`, `updatedby`, `deleted`) VALUES
(1, 2, 'VAL19SEP001', 5, 1, '2019-09-14', 2, '2019-09-23 06:32:17', 1, 0),
(2, 2, 'VAL19SEP002', 5, 4, '2019-09-23', 2, '2019-09-23 06:32:17', 1, 0),
(3, 2, 'VAL19SEP003', 5, 2, '2019-09-23', 2, '2019-09-23 06:32:17', 1, 0),
(4, 2, 'VAL19SEP004', 5, 6, '2019-09-23', 2, '2019-09-23 06:32:17', 1, 0),
(5, 2, 'VAL19SEP005', 5, 3, '2019-09-23', 2, '2019-09-23 06:32:17', 1, 0),
(6, 2, 'VAL19SEP006', 5, 5, '2019-09-23', 2, '2019-09-23 06:32:17', 1, 0);

-- --------------------------------------------------------

--
-- Table structure for table `room_body_sub_comment`
--

CREATE TABLE `room_body_sub_comment` (
  `id` int(11) NOT NULL,
  `user` int(11) NOT NULL,
  `room_body` int(11) NOT NULL,
  `title` varchar(45) DEFAULT NULL,
  `createddate` date DEFAULT NULL,
  `createdby` int(11) DEFAULT NULL,
  `updateddate` datetime DEFAULT NULL,
  `updatedby` int(11) DEFAULT NULL,
  `deleted` int(11) DEFAULT '0'
) ENGINE=InnoDB DEFAULT CHARSET=latin1;

--
-- Dumping data for table `room_body_sub_comment`
--

INSERT INTO `room_body_sub_comment` (`id`, `user`, `room_body`, `title`, `createddate`, `createdby`, `updateddate`, `updatedby`, `deleted`) VALUES
(4, 2, 6, 'Pengumuman A', '2019-09-11', 1, '2019-09-11 06:50:19', 1, 0);

-- --------------------------------------------------------

--
-- Table structure for table `room_body_table`
--

CREATE TABLE `room_body_table` (
  `id` int(11) NOT NULL,
  `nama` varchar(255) DEFAULT NULL,
  `createddate` date DEFAULT NULL,
  `createdby` int(11) DEFAULT NULL,
  `updateddate` datetime DEFAULT NULL,
  `updatedby` int(11) DEFAULT NULL,
  `deleted` int(11) DEFAULT '0'
) ENGINE=InnoDB DEFAULT CHARSET=latin1;

--
-- Dumping data for table `room_body_table`
--

INSERT INTO `room_body_table` (`id`, `nama`, `createddate`, `createdby`, `updateddate`, `updatedby`, `deleted`) VALUES
(5, 'Table a', '2019-09-14', 1, NULL, NULL, 0),
(6, NULL, '2019-09-14', 1, '2019-09-17 02:51:50', 1, 1);

-- --------------------------------------------------------

--
-- Table structure for table `room_body_table_has_field`
--

CREATE TABLE `room_body_table_has_field` (
  `id` int(11) NOT NULL,
  `room_body_table` int(11) NOT NULL,
  `nama_field` varchar(150) DEFAULT NULL,
  `width` int(11) DEFAULT NULL,
  `createddate` date DEFAULT NULL,
  `createdby` int(11) DEFAULT NULL,
  `updateddate` datetime DEFAULT NULL,
  `updatedby` int(11) DEFAULT NULL,
  `deleted` int(11) DEFAULT '0'
) ENGINE=InnoDB DEFAULT CHARSET=latin1;

--
-- Dumping data for table `room_body_table_has_field`
--

INSERT INTO `room_body_table_has_field` (`id`, `room_body_table`, `nama_field`, `width`, `createddate`, `createdby`, `updateddate`, `updatedby`, `deleted`) VALUES
(9, 5, 'no', NULL, '2019-09-14', 1, NULL, NULL, 0),
(10, 5, 'nama', NULL, '2019-09-14', 1, NULL, NULL, 0),
(11, 6, 'Item A', NULL, '2019-09-14', 1, NULL, NULL, 0),
(12, 6, 'Item B', NULL, '2019-09-14', 1, NULL, NULL, 0);

-- --------------------------------------------------------

--
-- Table structure for table `room_category`
--

CREATE TABLE `room_category` (
  `id` int(11) NOT NULL,
  `kategori` varchar(150) DEFAULT NULL,
  `createddate` date DEFAULT NULL,
  `createdby` int(11) DEFAULT NULL,
  `updateddate` datetime DEFAULT NULL,
  `updatedby` int(11) DEFAULT NULL,
  `deleted` int(11) DEFAULT '0'
) ENGINE=InnoDB DEFAULT CHARSET=latin1;

--
-- Dumping data for table `room_category`
--

INSERT INTO `room_category` (`id`, `kategori`, `createddate`, `createdby`, `updateddate`, `updatedby`, `deleted`) VALUES
(1, 'NORMAL', NULL, NULL, NULL, NULL, 0);

-- --------------------------------------------------------

--
-- Table structure for table `room_header`
--

CREATE TABLE `room_header` (
  `id` int(11) NOT NULL,
  `room` int(11) NOT NULL,
  `title` varchar(150) DEFAULT NULL,
  `row` int(11) DEFAULT NULL,
  `file` text,
  `parent` int(11) DEFAULT NULL,
  `tipe_upload` int(11) DEFAULT NULL,
  `createddate` date DEFAULT NULL,
  `createdby` int(11) DEFAULT NULL,
  `updateddate` datetime DEFAULT NULL,
  `updatedby` int(11) DEFAULT NULL,
  `deleted` int(11) DEFAULT '0'
) ENGINE=InnoDB DEFAULT CHARSET=latin1;

--
-- Dumping data for table `room_header`
--

INSERT INTO `room_header` (`id`, `room`, `title`, `row`, `file`, `parent`, `tipe_upload`, `createddate`, `createdby`, `updateddate`, `updatedby`, `deleted`) VALUES
(1, 1, 'Anak Room A coba dulu ya anaknya ini minta di coba', 1, NULL, NULL, NULL, '2019-08-21', 1, '2019-09-26 08:24:27', 1, 0),
(2, 1, 'Anak Room A.I', 2, NULL, NULL, NULL, '2019-08-21', 1, '2019-09-06 09:41:31', 1, 0),
(3, 1, 'Anak Room A.II', 4, NULL, NULL, NULL, '2019-08-28', 1, '2019-09-06 09:41:31', 1, 0),
(4, 1, 'Anak Room A.III', 3, NULL, NULL, NULL, '2019-08-30', 1, '2019-09-06 09:41:31', 1, 0),
(6, 1, 'Coba 1', 2, 'RAB Aplikasi Toolapps.pdf', 1, 2, '2019-08-30', 1, '2019-09-06 10:01:45', 1, 0),
(7, 1, 'Visi Kami', NULL, NULL, 2, 0, '2019-08-30', 1, NULL, NULL, 0),
(8, 1, 'Sub Visi Kami', NULL, 'RAB Aplikasi Toolapps.pdf', 7, 2, '2019-08-30', 1, NULL, NULL, 0),
(9, 2, 'Coba A', NULL, NULL, NULL, NULL, '2019-09-05', 1, NULL, NULL, 0),
(10, 1, 'Coba 2', 1, NULL, 1, 0, '2019-09-06', 1, '2019-09-06 10:01:45', 1, 0),
(11, 3, 'Tes', NULL, NULL, NULL, NULL, '2019-09-12', 1, NULL, NULL, 0),
(12, 3, 'Coba', NULL, NULL, 11, 0, '2019-09-12', 1, NULL, NULL, 0);

-- --------------------------------------------------------

--
-- Table structure for table `room_header_download`
--

CREATE TABLE `room_header_download` (
  `id` int(11) NOT NULL,
  `user` int(11) NOT NULL,
  `room_header` int(11) NOT NULL,
  `createddate` date DEFAULT NULL,
  `createdby` int(11) DEFAULT NULL,
  `updateddate` datetime DEFAULT NULL,
  `updatedby` int(11) DEFAULT NULL
) ENGINE=InnoDB DEFAULT CHARSET=latin1;

-- --------------------------------------------------------

--
-- Table structure for table `room_header_fitur`
--

CREATE TABLE `room_header_fitur` (
  `id` int(11) NOT NULL,
  `user` int(11) NOT NULL,
  `room_header` int(11) NOT NULL,
  `createddate` date DEFAULT NULL,
  `createdby` int(11) DEFAULT NULL,
  `updateddate` datetime DEFAULT NULL,
  `updatedby` int(11) DEFAULT NULL,
  `deleted` int(11) DEFAULT '0'
) ENGINE=InnoDB DEFAULT CHARSET=latin1;

--
-- Dumping data for table `room_header_fitur`
--

INSERT INTO `room_header_fitur` (`id`, `user`, `room_header`, `createddate`, `createdby`, `updateddate`, `updatedby`, `deleted`) VALUES
(1, 3, 1, '2019-09-03', 1, NULL, NULL, 0),
(2, 3, 6, '2019-09-03', 1, NULL, NULL, 0);

-- --------------------------------------------------------

--
-- Table structure for table `room_header_permission`
--

CREATE TABLE `room_header_permission` (
  `id` int(11) NOT NULL,
  `room_header` int(11) NOT NULL,
  `user` int(11) NOT NULL,
  `view` int(11) DEFAULT '0',
  `download` int(11) DEFAULT '0',
  `createddate` date DEFAULT NULL,
  `createdby` int(11) DEFAULT NULL,
  `updateddate` datetime DEFAULT NULL,
  `updatedby` int(11) DEFAULT NULL,
  `deleted` int(11) DEFAULT '0'
) ENGINE=InnoDB DEFAULT CHARSET=latin1;

--
-- Dumping data for table `room_header_permission`
--

INSERT INTO `room_header_permission` (`id`, `room_header`, `user`, `view`, `download`, `createddate`, `createdby`, `updateddate`, `updatedby`, `deleted`) VALUES
(1, 1, 2, 1, 1, '2019-09-24', 1, NULL, NULL, 0),
(2, 2, 2, 1, 1, '2019-09-24', 1, NULL, NULL, 0);

-- --------------------------------------------------------

--
-- Table structure for table `room_permission`
--

CREATE TABLE `room_permission` (
  `id` int(11) NOT NULL,
  `user` int(11) NOT NULL,
  `room` int(11) NOT NULL,
  `download` int(11) DEFAULT '0',
  `view` int(11) DEFAULT '0',
  `createddate` date DEFAULT NULL,
  `createdby` int(11) DEFAULT NULL,
  `updateddate` datetime DEFAULT NULL,
  `updatedby` int(11) DEFAULT NULL,
  `deleted` int(11) DEFAULT '0'
) ENGINE=InnoDB DEFAULT CHARSET=latin1;

--
-- Dumping data for table `room_permission`
--

INSERT INTO `room_permission` (`id`, `user`, `room`, `download`, `view`, `createddate`, `createdby`, `updateddate`, `updatedby`, `deleted`) VALUES
(1, 2, 1, 0, 1, '2019-09-26', 1, NULL, NULL, 0);

-- --------------------------------------------------------

--
-- Table structure for table `room_table_permission`
--

CREATE TABLE `room_table_permission` (
  `id` int(11) NOT NULL,
  `user` int(11) NOT NULL,
  `room_body_table` int(11) NOT NULL,
  `createddate` date DEFAULT NULL,
  `createdby` int(11) DEFAULT NULL,
  `updateddate` datetime DEFAULT NULL,
  `updatedby` int(11) DEFAULT NULL,
  `deleted` int(11) DEFAULT '0'
) ENGINE=InnoDB DEFAULT CHARSET=latin1;

--
-- Dumping data for table `room_table_permission`
--

INSERT INTO `room_table_permission` (`id`, `user`, `room_body_table`, `createddate`, `createdby`, `updateddate`, `updatedby`, `deleted`) VALUES
(1, 2, 5, '2019-09-14', 1, NULL, NULL, 0);

-- --------------------------------------------------------

--
-- Table structure for table `status_comment`
--

CREATE TABLE `status_comment` (
  `id` int(11) NOT NULL,
  `room_body_comment` int(11) NOT NULL,
  `status` varchar(45) DEFAULT NULL COMMENT 'REPLAY\nSEND\nREAD',
  `createddate` date DEFAULT NULL,
  `createdby` int(11) DEFAULT NULL,
  `updateddate` datetime DEFAULT NULL,
  `updatedby` int(11) DEFAULT NULL,
  `deleted` int(11) DEFAULT '0'
) ENGINE=InnoDB DEFAULT CHARSET=latin1;

--
-- Dumping data for table `status_comment`
--

INSERT INTO `status_comment` (`id`, `room_body_comment`, `status`, `createddate`, `createdby`, `updateddate`, `updatedby`, `deleted`) VALUES
(2, 1, 'SEND', '2019-09-11', 1, NULL, NULL, 0),
(3, 3, 'SEND', '2019-09-11', 1, NULL, NULL, 0),
(4, 4, 'SEND', '2019-09-11', 1, NULL, NULL, 0),
(5, 5, 'SEND', '2019-09-11', 2, NULL, NULL, 0);

-- --------------------------------------------------------

--
-- Table structure for table `status_sub_comment`
--

CREATE TABLE `status_sub_comment` (
  `id` int(11) NOT NULL,
  `room_body_sub_comment` int(11) NOT NULL,
  `status` varchar(45) DEFAULT NULL COMMENT 'CLOSED\nOPEN',
  `createddate` date DEFAULT NULL,
  `createdby` int(11) DEFAULT NULL,
  `updateddate` datetime DEFAULT NULL,
  `updatedby` int(11) DEFAULT NULL,
  `deleted` int(11) DEFAULT '0'
) ENGINE=InnoDB DEFAULT CHARSET=latin1;

--
-- Dumping data for table `status_sub_comment`
--

INSERT INTO `status_sub_comment` (`id`, `room_body_sub_comment`, `status`, `createddate`, `createdby`, `updateddate`, `updatedby`, `deleted`) VALUES
(3, 4, 'OPEN', '2019-09-11', 1, NULL, NULL, 0),
(4, 4, 'REPLIED', '2019-09-11', 1, NULL, NULL, 0),
(5, 4, 'REPLIED', '2019-09-11', 1, NULL, NULL, 0),
(6, 4, 'FEEDBACK', '2019-09-11', 2, NULL, NULL, 0),
(7, 4, 'CLOSED', '2019-09-11', 1, NULL, NULL, 0);

-- --------------------------------------------------------

--
-- Table structure for table `sub_ultg`
--

CREATE TABLE `sub_ultg` (
  `id` int(11) NOT NULL,
  `ultg` int(11) NOT NULL,
  `sub_ultg` varchar(180) DEFAULT NULL,
  `createddate` date DEFAULT NULL,
  `createdby` int(11) DEFAULT NULL,
  `updateddate` datetime DEFAULT NULL,
  `updatedby` int(11) DEFAULT NULL,
  `deleted` int(11) DEFAULT '0'
) ENGINE=InnoDB DEFAULT CHARSET=latin1;

--
-- Dumping data for table `sub_ultg`
--

INSERT INTO `sub_ultg` (`id`, `ultg`, `sub_ultg`, `createddate`, `createdby`, `updateddate`, `updatedby`, `deleted`) VALUES
(632, 2, 'UIT JBTB', '2019-09-02', 1, NULL, NULL, 0),
(633, 3, 'ULTG BALI SLTN', '2019-09-02', 1, NULL, NULL, 0),
(634, 3, 'ULTG BALI UTARA', '2019-09-02', 1, NULL, NULL, 0),
(635, 3, 'UPT BALI', '2019-09-02', 1, NULL, NULL, 0),
(636, 4, 'ULTG GRESIK', '2019-09-02', 1, NULL, NULL, 0),
(637, 4, 'ULTG SAMPANG', '2019-09-02', 1, NULL, NULL, 0),
(638, 4, 'UPT GRESIK', '2019-09-02', 1, NULL, NULL, 0),
(639, 5, 'ULTG BABAT', '2019-09-02', 1, NULL, NULL, 0),
(640, 5, 'ULTG KEDIRI', '2019-09-02', 1, NULL, NULL, 0),
(641, 5, 'ULTG MADIUN', '2019-09-02', 1, NULL, NULL, 0),
(642, 5, 'UPT MADIUN', '2019-09-02', 1, NULL, NULL, 0),
(643, 6, 'ULTG KRIAN', '2019-09-02', 1, NULL, NULL, 0),
(644, 6, 'ULTG MALANG', '2019-09-02', 1, NULL, NULL, 0),
(645, 6, 'ULTG MOJOKERTO', '2019-09-02', 1, NULL, NULL, 0),
(646, 6, 'UPT MALANG', '2019-09-02', 1, NULL, NULL, 0),
(647, 7, 'ULTG BANGIL', '2019-09-02', 1, NULL, NULL, 0),
(648, 7, 'ULTG JEMBER', '2019-09-02', 1, NULL, NULL, 0),
(649, 7, 'ULTG PRBOLINGGO', '2019-09-02', 1, NULL, NULL, 0),
(650, 7, 'UPT PROBOLINGGO', '2019-09-02', 1, NULL, NULL, 0),
(651, 8, 'ULTG SURABY SLT', '2019-09-02', 1, NULL, NULL, 0),
(652, 8, 'ULTG SURABY UTR', '2019-09-02', 1, NULL, NULL, 0),
(653, 8, 'UPT SURABAYA', '2019-09-02', 1, NULL, NULL, 0);

-- --------------------------------------------------------

--
-- Table structure for table `tipe_data`
--

CREATE TABLE `tipe_data` (
  `id` int(11) NOT NULL,
  `tipe` varchar(45) DEFAULT NULL
) ENGINE=InnoDB DEFAULT CHARSET=latin1;

--
-- Dumping data for table `tipe_data`
--

INSERT INTO `tipe_data` (`id`, `tipe`) VALUES
(1, 'NUMBER'),
(2, 'DATE'),
(3, 'TEXT');

-- --------------------------------------------------------

--
-- Table structure for table `tipe_upload`
--

CREATE TABLE `tipe_upload` (
  `id` int(11) NOT NULL,
  `tipe` varchar(45) DEFAULT NULL
) ENGINE=InnoDB DEFAULT CHARSET=latin1;

--
-- Dumping data for table `tipe_upload`
--

INSERT INTO `tipe_upload` (`id`, `tipe`) VALUES
(1, 'Gambar'),
(2, 'Dokumen'),
(3, 'Link Url');

-- --------------------------------------------------------

--
-- Table structure for table `ultg`
--

CREATE TABLE `ultg` (
  `id` int(11) NOT NULL,
  `nama` varchar(150) DEFAULT NULL,
  `createddate` date DEFAULT NULL,
  `createdby` int(11) DEFAULT NULL,
  `updateddate` datetime DEFAULT NULL,
  `updatedby` int(11) DEFAULT NULL,
  `deleted` int(11) DEFAULT '0'
) ENGINE=InnoDB DEFAULT CHARSET=latin1;

--
-- Dumping data for table `ultg`
--

INSERT INTO `ultg` (`id`, `nama`, `createddate`, `createdby`, `updateddate`, `updatedby`, `deleted`) VALUES
(1, 'Surabaya', '2019-08-21', 1, NULL, NULL, 1),
(2, 'UIT JBTB', '2019-09-02', NULL, NULL, NULL, 0),
(3, 'UPT Bali', '2019-09-02', NULL, NULL, NULL, 0),
(4, 'UPT Gresik', '2019-09-02', NULL, NULL, NULL, 0),
(5, 'UPT Madiun', '2019-09-02', NULL, NULL, NULL, 0),
(6, 'UPT Malang', '2019-09-02', NULL, NULL, NULL, 0),
(7, 'UPT Probolinggo', '2019-09-02', NULL, NULL, NULL, 0),
(8, 'UPT Surabaya', '2019-09-02', NULL, NULL, NULL, 0);

-- --------------------------------------------------------

--
-- Table structure for table `user`
--

CREATE TABLE `user` (
  `id` int(11) NOT NULL,
  `username` varchar(150) DEFAULT NULL,
  `password` varchar(45) DEFAULT NULL,
  `createddate` date DEFAULT NULL,
  `pegawai` int(11) DEFAULT NULL,
  `createdby` int(11) DEFAULT NULL,
  `updateddate` datetime DEFAULT NULL,
  `updatedby` int(11) DEFAULT NULL,
  `deleted` int(11) DEFAULT '0'
) ENGINE=InnoDB DEFAULT CHARSET=latin1;

--
-- Dumping data for table `user`
--

INSERT INTO `user` (`id`, `username`, `password`, `createddate`, `pegawai`, `createdby`, `updateddate`, `updatedby`, `deleted`) VALUES
(1, 'admin', 'admin', NULL, NULL, NULL, '2019-08-26 09:23:58', 1, 0),
(2, 'dodik', 'dodik', '2019-08-21', 1, 1, NULL, NULL, 0),
(3, 'tejo', 'tejo', '2019-08-26', 2, 1, NULL, NULL, 0),
(4, '6383361K3', '6383361K3', '2019-09-03', 2291, 1, NULL, NULL, 0),
(5, '6383308J', '6383308J', '2019-09-03', 2292, 1, NULL, NULL, 0),
(6, '6392021Z', '6392021Z', '2019-09-03', 2293, 1, NULL, NULL, 0),
(7, '6393007Z', '6393007Z', '2019-09-03', 2294, 1, NULL, NULL, 0),
(8, '6483053JA', '6483053JA', '2019-09-03', 2295, 1, NULL, NULL, 0),
(9, '6483088JA', '6483088JA', '2019-09-03', 2296, 1, NULL, NULL, 0),
(10, '6484074P2B', '6484074P2B', '2019-09-03', 2297, 1, NULL, NULL, 0),
(11, '6484094P2B', '6484094P2B', '2019-09-03', 2298, 1, NULL, NULL, 0),
(12, '6485080P2B', '6485080P2B', '2019-09-03', 2299, 1, NULL, NULL, 0),
(13, '6485192K3', '6485192K3', '2019-09-03', 2300, 1, NULL, NULL, 0),
(14, '6487029JA', '6487029JA', '2019-09-03', 2301, 1, NULL, NULL, 0),
(15, '6494349K3', '6494349K3', '2019-09-03', 2302, 1, NULL, NULL, 0),
(16, '6584089P2B', '6584089P2B', '2019-09-03', 2303, 1, NULL, NULL, 0),
(17, '6585108JA', '6585108JA', '2019-09-03', 2304, 1, NULL, NULL, 0),
(18, '6585129JA', '6585129JA', '2019-09-03', 2305, 1, NULL, NULL, 0),
(19, '6585385K3', '6585385K3', '2019-09-03', 2306, 1, NULL, NULL, 0),
(20, '6588032JA', '6588032JA', '2019-09-03', 2307, 1, NULL, NULL, 0),
(21, '6593041Z', '6593041Z', '2019-09-03', 2308, 1, NULL, NULL, 0),
(22, '6694079A', '6694079A', '2019-09-03', 2309, 1, NULL, NULL, 0),
(23, '6791008Z', '6791008Z', '2019-09-03', 2310, 1, NULL, NULL, 0),
(24, '6792041K3', '6792041K3', '2019-09-03', 2311, 1, NULL, NULL, 0),
(25, '6792306JA', '6792306JA', '2019-09-03', 2312, 1, NULL, NULL, 0),
(26, '6792333JA', '6792333JA', '2019-09-03', 2313, 1, NULL, NULL, 0),
(27, '6892002JA', '6892002JA', '2019-09-03', 2314, 1, NULL, NULL, 0),
(28, '6892158JA', '6892158JA', '2019-09-03', 2315, 1, NULL, NULL, 0),
(29, '6894026D', '6894026D', '2019-09-03', 2316, 1, NULL, NULL, 0),
(30, '6989017JA', '6989017JA', '2019-09-03', 2317, 1, NULL, NULL, 0),
(31, '6991097JA', '6991097JA', '2019-09-03', 2318, 1, NULL, NULL, 0),
(32, '6995065W', '6995065W', '2019-09-03', 2319, 1, NULL, NULL, 0),
(33, '7092131JA', '7092131JA', '2019-09-03', 2320, 1, NULL, NULL, 0),
(34, '7092142H', '7092142H', '2019-09-03', 2321, 1, NULL, NULL, 0),
(35, '7191011JA', '7191011JA', '2019-09-03', 2322, 1, NULL, NULL, 0),
(36, '7191121JA', '7191121JA', '2019-09-03', 2323, 1, NULL, NULL, 0),
(37, '7192151JA', '7192151JA', '2019-09-03', 2324, 1, NULL, NULL, 0),
(38, '7291085JA', '7291085JA', '2019-09-03', 2325, 1, NULL, NULL, 0),
(39, '7291115JA', '7291115JA', '2019-09-03', 2326, 1, NULL, NULL, 0),
(40, '7292144JA', '7292144JA', '2019-09-03', 2327, 1, NULL, NULL, 0),
(41, '7295014W', '7295014W', '2019-09-03', 2328, 1, NULL, NULL, 0),
(42, '7493495K3', '7493495K3', '2019-09-03', 2329, 1, NULL, NULL, 0),
(43, '7493497K3', '7493497K3', '2019-09-03', 2330, 1, NULL, NULL, 0),
(44, '7493498K3', '7493498K3', '2019-09-03', 2331, 1, NULL, NULL, 0),
(45, '7604010P3B', '7604010P3B', '2019-09-03', 2332, 1, NULL, NULL, 0),
(46, '7804013P3B', '7804013P3B', '2019-09-03', 2333, 1, NULL, NULL, 0),
(47, '7806018Z', '7806018Z', '2019-09-03', 2334, 1, NULL, NULL, 0),
(48, '7806035Z', '7806035Z', '2019-09-03', 2335, 1, NULL, NULL, 0),
(49, '7904005P3B', '7904005P3B', '2019-09-03', 2336, 1, NULL, NULL, 0),
(50, '7904009P3B', '7904009P3B', '2019-09-03', 2337, 1, NULL, NULL, 0),
(51, '7905011P3B', '7905011P3B', '2019-09-03', 2338, 1, NULL, NULL, 0),
(52, '7906153Z', '7906153Z', '2019-09-03', 2339, 1, NULL, NULL, 0),
(53, '7906161Z', '7906161Z', '2019-09-03', 2340, 1, NULL, NULL, 0),
(54, '7906497Z', '7906497Z', '2019-09-03', 2341, 1, NULL, NULL, 0),
(55, '7906093Z', '7906093Z', '2019-09-03', 2342, 1, NULL, NULL, 0),
(56, '7906170Z', '7906170Z', '2019-09-03', 2343, 1, NULL, NULL, 0),
(57, '8006267Z', '8006267Z', '2019-09-03', 2344, 1, NULL, NULL, 0),
(58, '8006270Z', '8006270Z', '2019-09-03', 2345, 1, NULL, NULL, 0),
(59, '8006195Z', '8006195Z', '2019-09-03', 2346, 1, NULL, NULL, 0),
(60, '8106343Z', '8106343Z', '2019-09-03', 2347, 1, NULL, NULL, 0),
(61, '8106557Z', '8106557Z', '2019-09-03', 2348, 1, NULL, NULL, 0),
(62, '8106350Z', '8106350Z', '2019-09-03', 2349, 1, NULL, NULL, 0),
(63, '8108259Z', '8108259Z', '2019-09-03', 2350, 1, NULL, NULL, 0),
(64, '8204049P3B', '8204049P3B', '2019-09-03', 2351, 1, NULL, NULL, 0),
(65, '8206608Z', '8206608Z', '2019-09-03', 2352, 1, NULL, NULL, 0),
(66, '8307231Z', '8307231Z', '2019-09-03', 2353, 1, NULL, NULL, 0),
(67, '8307030P3B', '8307030P3B', '2019-09-03', 2354, 1, NULL, NULL, 0),
(68, '8307029P3B', '8307029P3B', '2019-09-03', 2355, 1, NULL, NULL, 0),
(69, '8309075Z', '8309075Z', '2019-09-03', 2356, 1, NULL, NULL, 0),
(70, '8406085P3B', '8406085P3B', '2019-09-03', 2357, 1, NULL, NULL, 0),
(71, '8408174Z', '8408174Z', '2019-09-03', 2358, 1, NULL, NULL, 0),
(72, '8504046P3B', '8504046P3B', '2019-09-03', 2359, 1, NULL, NULL, 0),
(73, '8508542Z', '8508542Z', '2019-09-03', 2360, 1, NULL, NULL, 0),
(74, '8509615Z', '8509615Z', '2019-09-03', 2361, 1, NULL, NULL, 0),
(75, '8509318Z', '8509318Z', '2019-09-03', 2362, 1, NULL, NULL, 0),
(76, '8510399Z', '8510399Z', '2019-09-03', 2363, 1, NULL, NULL, 0),
(77, '8510315Z', '8510315Z', '2019-09-03', 2364, 1, NULL, NULL, 0),
(78, '85111927Z', '85111927Z', '2019-09-03', 2365, 1, NULL, NULL, 0),
(79, '8511236Z', '8511236Z', '2019-09-03', 2366, 1, NULL, NULL, 0),
(80, '8511234Z', '8511234Z', '2019-09-03', 2367, 1, NULL, NULL, 0),
(81, '8609349Z', '8609349Z', '2019-09-03', 2368, 1, NULL, NULL, 0),
(82, '8610126Z', '8610126Z', '2019-09-03', 2369, 1, NULL, NULL, 0),
(83, '8610623Z', '8610623Z', '2019-09-03', 2370, 1, NULL, NULL, 0),
(84, '8611775Z', '8611775Z', '2019-09-03', 2371, 1, NULL, NULL, 0),
(85, '8611259Z', '8611259Z', '2019-09-03', 2372, 1, NULL, NULL, 0),
(86, '8611261Z', '8611261Z', '2019-09-03', 2373, 1, NULL, NULL, 0),
(87, '8611120Z', '8611120Z', '2019-09-03', 2374, 1, NULL, NULL, 0),
(88, '87101018Z', '87101018Z', '2019-09-03', 2375, 1, NULL, NULL, 0),
(89, '87111009Z', '87111009Z', '2019-09-03', 2376, 1, NULL, NULL, 0),
(90, '87111337Z', '87111337Z', '2019-09-03', 2377, 1, NULL, NULL, 0),
(91, '8711354Z', '8711354Z', '2019-09-03', 2378, 1, NULL, NULL, 0),
(92, '8711320Z', '8711320Z', '2019-09-03', 2379, 1, NULL, NULL, 0),
(93, '8711155Z', '8711155Z', '2019-09-03', 2380, 1, NULL, NULL, 0),
(94, '8711335Z', '8711335Z', '2019-09-03', 2381, 1, NULL, NULL, 0),
(95, '8712322ZY', '8712322ZY', '2019-09-03', 2382, 1, NULL, NULL, 0),
(96, '8808243P3B', '8808243P3B', '2019-09-03', 2383, 1, NULL, NULL, 0),
(97, '8808290P3B', '8808290P3B', '2019-09-03', 2384, 1, NULL, NULL, 0),
(98, '88111115Z', '88111115Z', '2019-09-03', 2385, 1, NULL, NULL, 0),
(99, '8811375Z', '8811375Z', '2019-09-03', 2386, 1, NULL, NULL, 0),
(100, '88111124Z', '88111124Z', '2019-09-03', 2387, 1, NULL, NULL, 0),
(101, '8815020ZY', '8815020ZY', '2019-09-03', 2388, 1, NULL, NULL, 0),
(102, '88151093ZY', '88151093ZY', '2019-09-03', 2389, 1, NULL, NULL, 0),
(103, '89111643Z', '89111643Z', '2019-09-03', 2390, 1, NULL, NULL, 0),
(104, '89151099ZY', '89151099ZY', '2019-09-03', 2391, 1, NULL, NULL, 0),
(105, '8916013ZY', '8916013ZY', '2019-09-03', 2392, 1, NULL, NULL, 0),
(106, '8916024ZY', '8916024ZY', '2019-09-03', 2393, 1, NULL, NULL, 0),
(107, '9015108ZY', '9015108ZY', '2019-09-03', 2394, 1, NULL, NULL, 0),
(108, '9016048ZY', '9016048ZY', '2019-09-03', 2395, 1, NULL, NULL, 0),
(109, '9016075ZY', '9016075ZY', '2019-09-03', 2396, 1, NULL, NULL, 0),
(110, '90162960ZY', '90162960ZY', '2019-09-03', 2397, 1, NULL, NULL, 0),
(111, '9115124ZY', '9115124ZY', '2019-09-03', 2398, 1, NULL, NULL, 0),
(112, '91151486ZY', '91151486ZY', '2019-09-03', 2399, 1, NULL, NULL, 0),
(113, '91151498ZY', '91151498ZY', '2019-09-03', 2400, 1, NULL, NULL, 0),
(114, '9116094ZY', '9116094ZY', '2019-09-03', 2401, 1, NULL, NULL, 0),
(115, '9116101ZY', '9116101ZY', '2019-09-03', 2402, 1, NULL, NULL, 0),
(116, '91161242ZY', '91161242ZY', '2019-09-03', 2403, 1, NULL, NULL, 0),
(117, '91171894ZY', '91171894ZY', '2019-09-03', 2404, 1, NULL, NULL, 0),
(118, '9119330ZY', '9119330ZY', '2019-09-03', 2405, 1, NULL, NULL, 0),
(119, '92151187ZY', '92151187ZY', '2019-09-03', 2406, 1, NULL, NULL, 0),
(120, '92151542ZY', '92151542ZY', '2019-09-03', 2407, 1, NULL, NULL, 0),
(121, '92151517ZY', '92151517ZY', '2019-09-03', 2408, 1, NULL, NULL, 0),
(122, '9216196ZY', '9216196ZY', '2019-09-03', 2409, 1, NULL, NULL, 0),
(123, '9216199ZY', '9216199ZY', '2019-09-03', 2410, 1, NULL, NULL, 0),
(124, '92161340ZY', '92161340ZY', '2019-09-03', 2411, 1, NULL, NULL, 0),
(125, '92161825ZY', '92161825ZY', '2019-09-03', 2412, 1, NULL, NULL, 0),
(126, '9217537ZY', '9217537ZY', '2019-09-03', 2413, 1, NULL, NULL, 0),
(127, '9217538ZY', '9217538ZY', '2019-09-03', 2414, 1, NULL, NULL, 0),
(128, '92171164ZY', '92171164ZY', '2019-09-03', 2415, 1, NULL, NULL, 0),
(129, '92171895ZY', '92171895ZY', '2019-09-03', 2416, 1, NULL, NULL, 0),
(130, '93151318ZY', '93151318ZY', '2019-09-03', 2417, 1, NULL, NULL, 0),
(131, '93151369ZY', '93151369ZY', '2019-09-03', 2418, 1, NULL, NULL, 0),
(132, '93151602ZY', '93151602ZY', '2019-09-03', 2419, 1, NULL, NULL, 0),
(133, '93151593ZY', '93151593ZY', '2019-09-03', 2420, 1, NULL, NULL, 0),
(134, '93151599ZY', '93151599ZY', '2019-09-03', 2421, 1, NULL, NULL, 0),
(135, '9316286ZY', '9316286ZY', '2019-09-03', 2422, 1, NULL, NULL, 0),
(136, '9316722ZY', '9316722ZY', '2019-09-03', 2423, 1, NULL, NULL, 0),
(137, '93161452ZY', '93161452ZY', '2019-09-03', 2424, 1, NULL, NULL, 0),
(138, '93163737ZY', '93163737ZY', '2019-09-03', 2425, 1, NULL, NULL, 0),
(139, '93171897ZY', '93171897ZY', '2019-09-03', 2426, 1, NULL, NULL, 0),
(140, '9319526ZY', '9319526ZY', '2019-09-03', 2427, 1, NULL, NULL, 0),
(141, '9416733ZY', '9416733ZY', '2019-09-03', 2428, 1, NULL, NULL, 0),
(142, '94161711ZY', '94161711ZY', '2019-09-03', 2429, 1, NULL, NULL, 0),
(143, '94162077ZY', '94162077ZY', '2019-09-03', 2430, 1, NULL, NULL, 0),
(144, '94162174ZY', '94162174ZY', '2019-09-03', 2431, 1, NULL, NULL, 0),
(145, '94163414ZY', '94163414ZY', '2019-09-03', 2432, 1, NULL, NULL, 0),
(146, '9417546ZY', '9417546ZY', '2019-09-03', 2433, 1, NULL, NULL, 0),
(147, '94171168ZY', '94171168ZY', '2019-09-03', 2434, 1, NULL, NULL, 0),
(148, '94171898ZY', '94171898ZY', '2019-09-03', 2435, 1, NULL, NULL, 0),
(149, '94171902ZY', '94171902ZY', '2019-09-03', 2436, 1, NULL, NULL, 0),
(150, '9514037P3Y', '9514037P3Y', '2019-09-03', 2437, 1, NULL, NULL, 0),
(151, '95151610ZY', '95151610ZY', '2019-09-03', 2438, 1, NULL, NULL, 0),
(152, '9516013TCY', '9516013TCY', '2019-09-03', 2439, 1, NULL, NULL, 0),
(153, '9516752ZY', '9516752ZY', '2019-09-03', 2440, 1, NULL, NULL, 0),
(154, '95162253ZY', '95162253ZY', '2019-09-03', 2441, 1, NULL, NULL, 0),
(155, '9517556ZY', '9517556ZY', '2019-09-03', 2442, 1, NULL, NULL, 0),
(156, '95171173ZY', '95171173ZY', '2019-09-03', 2443, 1, NULL, NULL, 0),
(157, '9518436ZY', '9518436ZY', '2019-09-03', 2444, 1, NULL, NULL, 0),
(158, '9519342ZY', '9519342ZY', '2019-09-03', 2445, 1, NULL, NULL, 0),
(159, '9519530ZY', '9519530ZY', '2019-09-03', 2446, 1, NULL, NULL, 0),
(160, '9616008TCY', '9616008TCY', '2019-09-03', 2447, 1, NULL, NULL, 0),
(161, '9616009TCY', '9616009TCY', '2019-09-03', 2448, 1, NULL, NULL, 0),
(162, '9616014TCY', '9616014TCY', '2019-09-03', 2449, 1, NULL, NULL, 0),
(163, '9616028TCY', '9616028TCY', '2019-09-03', 2450, 1, NULL, NULL, 0),
(164, '96171905ZY', '96171905ZY', '2019-09-03', 2451, 1, NULL, NULL, 0),
(165, '9617092TCY', '9617092TCY', '2019-09-03', 2452, 1, NULL, NULL, 0),
(166, '9619536ZY', '9619536ZY', '2019-09-03', 2453, 1, NULL, NULL, 0),
(167, '9716012TCY', '9716012TCY', '2019-09-03', 2454, 1, NULL, NULL, 0),
(168, '9716037TCY', '9716037TCY', '2019-09-03', 2455, 1, NULL, NULL, 0),
(169, '9717087TCY', '9717087TCY', '2019-09-03', 2456, 1, NULL, NULL, 0),
(170, '9717089TCY', '9717089TCY', '2019-09-03', 2457, 1, NULL, NULL, 0),
(171, '9717090TCY', '9717090TCY', '2019-09-03', 2458, 1, NULL, NULL, 0),
(172, '9816001TCY', '9816001TCY', '2019-09-03', 2459, 1, NULL, NULL, 0),
(173, '9817086TCY', '9817086TCY', '2019-09-03', 2460, 1, NULL, NULL, 0),
(174, '9817088TCY', '9817088TCY', '2019-09-03', 2461, 1, NULL, NULL, 0),
(175, '9817091TCY', '9817091TCY', '2019-09-03', 2462, 1, NULL, NULL, 0),
(176, '6489002JA', '6489002JA', '2019-09-03', 2463, 1, NULL, NULL, 0),
(177, '6689006JA', '6689006JA', '2019-09-03', 2464, 1, NULL, NULL, 0),
(178, '6789007JA', '6789007JA', '2019-09-03', 2465, 1, NULL, NULL, 0),
(179, '6789009JA', '6789009JA', '2019-09-03', 2466, 1, NULL, NULL, 0),
(180, '6792014H', '6792014H', '2019-09-03', 2467, 1, NULL, NULL, 0),
(181, '6888051JA', '6888051JA', '2019-09-03', 2468, 1, NULL, NULL, 0),
(182, '6889012JA', '6889012JA', '2019-09-03', 2469, 1, NULL, NULL, 0),
(183, '6889013JA', '6889013JA', '2019-09-03', 2470, 1, NULL, NULL, 0),
(184, '7092300JA', '7092300JA', '2019-09-03', 2471, 1, NULL, NULL, 0),
(185, '7293266JA', '7293266JA', '2019-09-03', 2472, 1, NULL, NULL, 0),
(186, '7392261JA', '7392261JA', '2019-09-03', 2473, 1, NULL, NULL, 0),
(187, '7392286JA', '7392286JA', '2019-09-03', 2474, 1, NULL, NULL, 0),
(188, '7392288JA', '7392288JA', '2019-09-03', 2475, 1, NULL, NULL, 0),
(189, '7392291JA', '7392291JA', '2019-09-03', 2476, 1, NULL, NULL, 0),
(190, '7492273JA', '7492273JA', '2019-09-03', 2477, 1, NULL, NULL, 0),
(191, '7492290JA', '7492290JA', '2019-09-03', 2478, 1, NULL, NULL, 0),
(192, '8408001H', '8408001H', '2019-09-03', 2479, 1, NULL, NULL, 0),
(193, '8608342P3B', '8608342P3B', '2019-09-03', 2480, 1, NULL, NULL, 0),
(194, '8709196P3B', '8709196P3B', '2019-09-03', 2481, 1, NULL, NULL, 0),
(195, '8808334P3B', '8808334P3B', '2019-09-03', 2482, 1, NULL, NULL, 0),
(196, '8808344P3B', '8808344P3B', '2019-09-03', 2483, 1, NULL, NULL, 0),
(197, '8908335P3B', '8908335P3B', '2019-09-03', 2484, 1, NULL, NULL, 0),
(198, '8908339P3B', '8908339P3B', '2019-09-03', 2485, 1, NULL, NULL, 0),
(199, '8908340P3B', '8908340P3B', '2019-09-03', 2486, 1, NULL, NULL, 0),
(200, '89111678Z', '89111678Z', '2019-09-03', 2487, 1, NULL, NULL, 0),
(201, '9214746ZY', '9214746ZY', '2019-09-03', 2488, 1, NULL, NULL, 0),
(202, '9217169ZY', '9217169ZY', '2019-09-03', 2489, 1, NULL, NULL, 0),
(203, '93151601ZY', '93151601ZY', '2019-09-03', 2490, 1, NULL, NULL, 0),
(204, '93161519ZY', '93161519ZY', '2019-09-03', 2491, 1, NULL, NULL, 0),
(205, '93174007ZY', '93174007ZY', '2019-09-03', 2492, 1, NULL, NULL, 0),
(206, '9414012P3Y', '9414012P3Y', '2019-09-03', 2493, 1, NULL, NULL, 0),
(207, '9414027P3Y', '9414027P3Y', '2019-09-03', 2494, 1, NULL, NULL, 0),
(208, '9417544ZY', '9417544ZY', '2019-09-03', 2495, 1, NULL, NULL, 0),
(209, '9616041TCY', '9616041TCY', '2019-09-03', 2496, 1, NULL, NULL, 0),
(210, '9618877ZY', '9618877ZY', '2019-09-03', 2497, 1, NULL, NULL, 0),
(211, '9618879ZY', '9618879ZY', '2019-09-03', 2498, 1, NULL, NULL, 0),
(212, '9716001TCY', '9716001TCY', '2019-09-03', 2499, 1, NULL, NULL, 0),
(213, '9716006TCY', '9716006TCY', '2019-09-03', 2500, 1, NULL, NULL, 0),
(214, '9716025TCY', '9716025TCY', '2019-09-03', 2501, 1, NULL, NULL, 0),
(215, '9716038TCY', '9716038TCY', '2019-09-03', 2502, 1, NULL, NULL, 0),
(216, '9817003TCY', '9817003TCY', '2019-09-03', 2503, 1, NULL, NULL, 0),
(217, '9817008TCY', '9817008TCY', '2019-09-03', 2504, 1, NULL, NULL, 0),
(218, '6889014JA', '6889014JA', '2019-09-03', 2505, 1, NULL, NULL, 0),
(219, '6891145JA', '6891145JA', '2019-09-03', 2506, 1, NULL, NULL, 0),
(220, '6892295JA', '6892295JA', '2019-09-03', 2507, 1, NULL, NULL, 0),
(221, '7092298JA', '7092298JA', '2019-09-03', 2508, 1, NULL, NULL, 0),
(222, '7392275JA', '7392275JA', '2019-09-03', 2509, 1, NULL, NULL, 0),
(223, '7392282JA', '7392282JA', '2019-09-03', 2510, 1, NULL, NULL, 0),
(224, '7392299JA', '7392299JA', '2019-09-03', 2511, 1, NULL, NULL, 0),
(225, '7393267JA', '7393267JA', '2019-09-03', 2512, 1, NULL, NULL, 0),
(226, '7393271JA', '7393271JA', '2019-09-03', 2513, 1, NULL, NULL, 0),
(227, '8206091P3B', '8206091P3B', '2019-09-03', 2514, 1, NULL, NULL, 0),
(228, '8307036P3B', '8307036P3B', '2019-09-03', 2515, 1, NULL, NULL, 0),
(229, '8609197P3B', '8609197P3B', '2019-09-03', 2516, 1, NULL, NULL, 0),
(230, '8708338P3B', '8708338P3B', '2019-09-03', 2517, 1, NULL, NULL, 0),
(231, '8808333P3B', '8808333P3B', '2019-09-03', 2518, 1, NULL, NULL, 0),
(232, '8808337P3B', '8808337P3B', '2019-09-03', 2519, 1, NULL, NULL, 0),
(233, '8808343P3B', '8808343P3B', '2019-09-03', 2520, 1, NULL, NULL, 0),
(234, '8808346P3B', '8808346P3B', '2019-09-03', 2521, 1, NULL, NULL, 0),
(235, '8815006ZY', '8815006ZY', '2019-09-03', 2522, 1, NULL, NULL, 0),
(236, '8815665ZY', '8815665ZY', '2019-09-03', 2523, 1, NULL, NULL, 0),
(237, '9109200P3B', '9109200P3B', '2019-09-03', 2524, 1, NULL, NULL, 0),
(238, '91171163ZY', '91171163ZY', '2019-09-03', 2525, 1, NULL, NULL, 0),
(239, '9214757ZY', '9214757ZY', '2019-09-03', 2526, 1, NULL, NULL, 0),
(240, '9413020P3Y', '9413020P3Y', '2019-09-03', 2527, 1, NULL, NULL, 0),
(241, '9516009TCY', '9516009TCY', '2019-09-03', 2528, 1, NULL, NULL, 0),
(242, '95171169ZY', '95171169ZY', '2019-09-03', 2529, 1, NULL, NULL, 0),
(243, '9518127ZY', '9518127ZY', '2019-09-03', 2530, 1, NULL, NULL, 0),
(244, '9616007TCY', '9616007TCY', '2019-09-03', 2531, 1, NULL, NULL, 0),
(245, '9616017TCY', '9616017TCY', '2019-09-03', 2532, 1, NULL, NULL, 0),
(246, '9616046TCY', '9616046TCY', '2019-09-03', 2533, 1, NULL, NULL, 0),
(247, '9617004TCY', '9617004TCY', '2019-09-03', 2534, 1, NULL, NULL, 0),
(248, '9617006TCY', '9617006TCY', '2019-09-03', 2535, 1, NULL, NULL, 0),
(249, '9617007TCY', '9617007TCY', '2019-09-03', 2536, 1, NULL, NULL, 0),
(250, '9618875ZY', '9618875ZY', '2019-09-03', 2537, 1, NULL, NULL, 0),
(251, '9618881ZY', '9618881ZY', '2019-09-03', 2538, 1, NULL, NULL, 0),
(252, '9716016TCY', '9716016TCY', '2019-09-03', 2539, 1, NULL, NULL, 0),
(253, '9716017TCY', '9716017TCY', '2019-09-03', 2540, 1, NULL, NULL, 0),
(254, '9717002TCY', '9717002TCY', '2019-09-03', 2541, 1, NULL, NULL, 0),
(255, '9816003TCY', '9816003TCY', '2019-09-03', 2542, 1, NULL, NULL, 0),
(256, '9817005TCY', '9817005TCY', '2019-09-03', 2543, 1, NULL, NULL, 0),
(257, '6588042JA', '6588042JA', '2019-09-03', 2544, 1, NULL, NULL, 0),
(258, '6589004JA', '6589004JA', '2019-09-03', 2545, 1, NULL, NULL, 0),
(259, '6591144JA', '6591144JA', '2019-09-03', 2546, 1, NULL, NULL, 0),
(260, '6593007H', '6593007H', '2019-09-03', 2547, 1, NULL, NULL, 0),
(261, '6690014H', '6690014H', '2019-09-03', 2548, 1, NULL, NULL, 0),
(262, '6788046JA', '6788046JA', '2019-09-03', 2549, 1, NULL, NULL, 0),
(263, '6788047JA', '6788047JA', '2019-09-03', 2550, 1, NULL, NULL, 0),
(264, '6789010JA', '6789010JA', '2019-09-03', 2551, 1, NULL, NULL, 0),
(265, '6789011JA', '6789011JA', '2019-09-03', 2552, 1, NULL, NULL, 0),
(266, '6789201H', '6789201H', '2019-09-03', 2553, 1, NULL, NULL, 0),
(267, '6791068H', '6791068H', '2019-09-03', 2554, 1, NULL, NULL, 0),
(268, '6888039JA', '6888039JA', '2019-09-03', 2555, 1, NULL, NULL, 0),
(269, '6889208H', '6889208H', '2019-09-03', 2556, 1, NULL, NULL, 0),
(270, '6988052JA', '6988052JA', '2019-09-03', 2557, 1, NULL, NULL, 0),
(271, '6989213H', '6989213H', '2019-09-03', 2558, 1, NULL, NULL, 0),
(272, '6990045H', '6990045H', '2019-09-03', 2559, 1, NULL, NULL, 0),
(273, '6994181K3', '6994181K3', '2019-09-03', 2560, 1, NULL, NULL, 0),
(274, '7092296JA', '7092296JA', '2019-09-03', 2561, 1, NULL, NULL, 0),
(275, '7191010JA', '7191010JA', '2019-09-03', 2562, 1, NULL, NULL, 0),
(276, '7292294JA', '7292294JA', '2019-09-03', 2563, 1, NULL, NULL, 0),
(277, '7292340JA', '7292340JA', '2019-09-03', 2564, 1, NULL, NULL, 0),
(278, '7293270JA', '7293270JA', '2019-09-03', 2565, 1, NULL, NULL, 0),
(279, '7392279JA', '7392279JA', '2019-09-03', 2566, 1, NULL, NULL, 0),
(280, '7392284JA', '7392284JA', '2019-09-03', 2567, 1, NULL, NULL, 0),
(281, '8309404Z', '8309404Z', '2019-09-03', 2568, 1, NULL, NULL, 0),
(282, '8406031H', '8406031H', '2019-09-03', 2569, 1, NULL, NULL, 0),
(283, '84111444Z', '84111444Z', '2019-09-03', 2570, 1, NULL, NULL, 0),
(284, '8504051P3B', '8504051P3B', '2019-09-03', 2571, 1, NULL, NULL, 0),
(285, '8508345P3B', '8508345P3B', '2019-09-03', 2572, 1, NULL, NULL, 0),
(286, '8608224P3B', '8608224P3B', '2019-09-03', 2573, 1, NULL, NULL, 0),
(287, '8708212P3B', '8708212P3B', '2019-09-03', 2574, 1, NULL, NULL, 0),
(288, '8708220P3B', '8708220P3B', '2019-09-03', 2575, 1, NULL, NULL, 0),
(289, '8809024L2', '8809024L2', '2019-09-03', 2576, 1, NULL, NULL, 0),
(290, '88112231Z', '88112231Z', '2019-09-03', 2577, 1, NULL, NULL, 0),
(291, '88111623Z', '88111623Z', '2019-09-03', 2578, 1, NULL, NULL, 0),
(292, '8908226P3B', '8908226P3B', '2019-09-03', 2579, 1, NULL, NULL, 0),
(293, '8908341P3B', '8908341P3B', '2019-09-03', 2580, 1, NULL, NULL, 0),
(294, '8908347P3B', '8908347P3B', '2019-09-03', 2581, 1, NULL, NULL, 0),
(295, '9015084ZY', '9015084ZY', '2019-09-03', 2582, 1, NULL, NULL, 0),
(296, '9216935ZY', '9216935ZY', '2019-09-03', 2583, 1, NULL, NULL, 0),
(297, '93161514ZY', '93161514ZY', '2019-09-03', 2584, 1, NULL, NULL, 0),
(298, '94163468ZY', '94163468ZY', '2019-09-03', 2585, 1, NULL, NULL, 0),
(299, '9418030ZY', '9418030ZY', '2019-09-03', 2586, 1, NULL, NULL, 0),
(300, '9515001P3Y', '9515001P3Y', '2019-09-03', 2587, 1, NULL, NULL, 0),
(301, '9515002P3Y', '9515002P3Y', '2019-09-03', 2588, 1, NULL, NULL, 0),
(302, '9515003P3Y', '9515003P3Y', '2019-09-03', 2589, 1, NULL, NULL, 0),
(303, '9518126ZY', '9518126ZY', '2019-09-03', 2590, 1, NULL, NULL, 0),
(304, '9519340ZY', '9519340ZY', '2019-09-03', 2591, 1, NULL, NULL, 0),
(305, '9616042TCY', '9616042TCY', '2019-09-03', 2592, 1, NULL, NULL, 0),
(306, '9617068TCY', '9617068TCY', '2019-09-03', 2593, 1, NULL, NULL, 0),
(307, '9717071TCY', '9717071TCY', '2019-09-03', 2594, 1, NULL, NULL, 0),
(308, '9717075TCY', '9717075TCY', '2019-09-03', 2595, 1, NULL, NULL, 0),
(309, '9817001TCY', '9817001TCY', '2019-09-03', 2596, 1, NULL, NULL, 0),
(310, '9817072TCY', '9817072TCY', '2019-09-03', 2597, 1, NULL, NULL, 0),
(311, '9817073TCY', '9817073TCY', '2019-09-03', 2598, 1, NULL, NULL, 0),
(312, '9817074TCY', '9817074TCY', '2019-09-03', 2599, 1, NULL, NULL, 0),
(313, '6388031JA', '6388031JA', '2019-09-03', 2600, 1, NULL, NULL, 0),
(314, '6484719K3', '6484719K3', '2019-09-03', 2601, 1, NULL, NULL, 0),
(315, '6485044JA', '6485044JA', '2019-09-03', 2602, 1, NULL, NULL, 0),
(316, '6588037JA', '6588037JA', '2019-09-03', 2603, 1, NULL, NULL, 0),
(317, '6688033JA', '6688033JA', '2019-09-03', 2604, 1, NULL, NULL, 0),
(318, '6888053K3', '6888053K3', '2019-09-03', 2605, 1, NULL, NULL, 0),
(319, '6891092JA', '6891092JA', '2019-09-03', 2606, 1, NULL, NULL, 0),
(320, '6992001P3B', '6992001P3B', '2019-09-03', 2607, 1, NULL, NULL, 0),
(321, '7092047K3', '7092047K3', '2019-09-03', 2608, 1, NULL, NULL, 0),
(322, '7092329JA', '7092329JA', '2019-09-03', 2609, 1, NULL, NULL, 0),
(323, '7191088JA', '7191088JA', '2019-09-03', 2610, 1, NULL, NULL, 0),
(324, '7192325JA', '7192325JA', '2019-09-03', 2611, 1, NULL, NULL, 0),
(325, '7293269JA', '7293269JA', '2019-09-03', 2612, 1, NULL, NULL, 0),
(326, '7293511K3', '7293511K3', '2019-09-03', 2613, 1, NULL, NULL, 0),
(327, '7593503K3', '7593503K3', '2019-09-03', 2614, 1, NULL, NULL, 0),
(328, '8407028P3B', '8407028P3B', '2019-09-03', 2615, 1, NULL, NULL, 0),
(329, '8708242P3B', '8708242P3B', '2019-09-03', 2616, 1, NULL, NULL, 0),
(330, '8808314P3B', '8808314P3B', '2019-09-03', 2617, 1, NULL, NULL, 0),
(331, '8908315P3B', '8908315P3B', '2019-09-03', 2618, 1, NULL, NULL, 0),
(332, '8908350P3B', '8908350P3B', '2019-09-03', 2619, 1, NULL, NULL, 0),
(333, '8908351P3B', '8908351P3B', '2019-09-03', 2620, 1, NULL, NULL, 0),
(334, '8909189J', '8909189J', '2019-09-03', 2621, 1, NULL, NULL, 0),
(335, '8909171P3B', '8909171P3B', '2019-09-03', 2622, 1, NULL, NULL, 0),
(336, '8909199P3B', '8909199P3B', '2019-09-03', 2623, 1, NULL, NULL, 0),
(337, '9008313P3B', '9008313P3B', '2019-09-03', 2624, 1, NULL, NULL, 0),
(338, '9009160P3B', '9009160P3B', '2019-09-03', 2625, 1, NULL, NULL, 0),
(339, '9009170P3B', '9009170P3B', '2019-09-03', 2626, 1, NULL, NULL, 0),
(340, '9009172P3B', '9009172P3B', '2019-09-03', 2627, 1, NULL, NULL, 0),
(341, '9009173P3B', '9009173P3B', '2019-09-03', 2628, 1, NULL, NULL, 0),
(342, '9109156P3B', '9109156P3B', '2019-09-03', 2629, 1, NULL, NULL, 0),
(343, '9315635ZY', '9315635ZY', '2019-09-03', 2630, 1, NULL, NULL, 0),
(344, '93162740ZY', '93162740ZY', '2019-09-03', 2631, 1, NULL, NULL, 0),
(345, '93162819ZY', '93162819ZY', '2019-09-03', 2632, 1, NULL, NULL, 0),
(346, '9319525ZY', '9319525ZY', '2019-09-03', 2633, 1, NULL, NULL, 0),
(347, '94162168ZY', '94162168ZY', '2019-09-03', 2634, 1, NULL, NULL, 0),
(348, '9417173ZY', '9417173ZY', '2019-09-03', 2635, 1, NULL, NULL, 0),
(349, '9419333ZY', '9419333ZY', '2019-09-03', 2636, 1, NULL, NULL, 0),
(350, '9419529ZY', '9419529ZY', '2019-09-03', 2637, 1, NULL, NULL, 0),
(351, '9514043P3Y', '9514043P3Y', '2019-09-03', 2638, 1, NULL, NULL, 0),
(352, '9517550ZY', '9517550ZY', '2019-09-03', 2639, 1, NULL, NULL, 0),
(353, '9517558ZY', '9517558ZY', '2019-09-03', 2640, 1, NULL, NULL, 0),
(354, '9517559ZY', '9517559ZY', '2019-09-03', 2641, 1, NULL, NULL, 0),
(355, '9518437ZY', '9518437ZY', '2019-09-03', 2642, 1, NULL, NULL, 0),
(356, '9519344ZY', '9519344ZY', '2019-09-03', 2643, 1, NULL, NULL, 0),
(357, '9519534ZY', '9519534ZY', '2019-09-03', 2644, 1, NULL, NULL, 0),
(358, '9616005TCY', '9616005TCY', '2019-09-03', 2645, 1, NULL, NULL, 0),
(359, '9616026TCY', '9616026TCY', '2019-09-03', 2646, 1, NULL, NULL, 0),
(360, '9616050TCY', '9616050TCY', '2019-09-03', 2647, 1, NULL, NULL, 0),
(361, '9617052TCY', '9617052TCY', '2019-09-03', 2648, 1, NULL, NULL, 0),
(362, '9618876ZY', '9618876ZY', '2019-09-03', 2649, 1, NULL, NULL, 0),
(363, '9618880ZY', '9618880ZY', '2019-09-03', 2650, 1, NULL, NULL, 0),
(364, '9619535ZY', '9619535ZY', '2019-09-03', 2651, 1, NULL, NULL, 0),
(365, '9716008TCY', '9716008TCY', '2019-09-03', 2652, 1, NULL, NULL, 0),
(366, '9716021TCY', '9716021TCY', '2019-09-03', 2653, 1, NULL, NULL, 0),
(367, '9716022TCY', '9716022TCY', '2019-09-03', 2654, 1, NULL, NULL, 0),
(368, '9716032TCY', '9716032TCY', '2019-09-03', 2655, 1, NULL, NULL, 0),
(369, '9817048TCY', '9817048TCY', '2019-09-03', 2656, 1, NULL, NULL, 0),
(370, '6592169JA', '6592169JA', '2019-09-03', 2657, 1, NULL, NULL, 0),
(371, '6692338JA', '6692338JA', '2019-09-03', 2658, 1, NULL, NULL, 0),
(372, '6789024JA', '6789024JA', '2019-09-03', 2659, 1, NULL, NULL, 0),
(373, '6892330JA', '6892330JA', '2019-09-03', 2660, 1, NULL, NULL, 0),
(374, '6992134JA', '6992134JA', '2019-09-03', 2661, 1, NULL, NULL, 0),
(375, '6992307JA', '6992307JA', '2019-09-03', 2662, 1, NULL, NULL, 0),
(376, '6992336JA', '6992336JA', '2019-09-03', 2663, 1, NULL, NULL, 0),
(377, '7092138JA', '7092138JA', '2019-09-03', 2664, 1, NULL, NULL, 0),
(378, '7193181JA', '7193181JA', '2019-09-03', 2665, 1, NULL, NULL, 0),
(379, '7493509K3', '7493509K3', '2019-09-03', 2666, 1, NULL, NULL, 0),
(380, '8808233P3B', '8808233P3B', '2019-09-03', 2667, 1, NULL, NULL, 0),
(381, '8808318P3B', '8808318P3B', '2019-09-03', 2668, 1, NULL, NULL, 0),
(382, '8908042P3B', '8908042P3B', '2019-09-03', 2669, 1, NULL, NULL, 0),
(383, '8908320P3B', '8908320P3B', '2019-09-03', 2670, 1, NULL, NULL, 0),
(384, '8908321P3B', '8908321P3B', '2019-09-03', 2671, 1, NULL, NULL, 0),
(385, '8908322P3B', '8908322P3B', '2019-09-03', 2672, 1, NULL, NULL, 0),
(386, '8908323P3B', '8908323P3B', '2019-09-03', 2673, 1, NULL, NULL, 0),
(387, '9009175P3B', '9009175P3B', '2019-09-03', 2674, 1, NULL, NULL, 0),
(388, '9516010TCY', '9516010TCY', '2019-09-03', 2675, 1, NULL, NULL, 0),
(389, '9518871ZY', '9518871ZY', '2019-09-03', 2676, 1, NULL, NULL, 0),
(390, '9617054TCY', '9617054TCY', '2019-09-03', 2677, 1, NULL, NULL, 0),
(391, '9618882ZY', '9618882ZY', '2019-09-03', 2678, 1, NULL, NULL, 0),
(392, '9619654ZY', '9619654ZY', '2019-09-03', 2679, 1, NULL, NULL, 0),
(393, '9619655ZY', '9619655ZY', '2019-09-03', 2680, 1, NULL, NULL, 0),
(394, '9716031TCY', '9716031TCY', '2019-09-03', 2681, 1, NULL, NULL, 0),
(395, '9717051TCY', '9717051TCY', '2019-09-03', 2682, 1, NULL, NULL, 0),
(396, '9717053TCY', '9717053TCY', '2019-09-03', 2683, 1, NULL, NULL, 0),
(397, '9719656ZY', '9719656ZY', '2019-09-03', 2684, 1, NULL, NULL, 0),
(398, '9719657ZY', '9719657ZY', '2019-09-03', 2685, 1, NULL, NULL, 0),
(399, '9819658ZY', '9819658ZY', '2019-09-03', 2686, 1, NULL, NULL, 0),
(400, '6384714K3', '6384714K3', '2019-09-03', 2687, 1, NULL, NULL, 0),
(401, '6385113JA', '6385113JA', '2019-09-03', 2688, 1, NULL, NULL, 0),
(402, '6484718K3', '6484718K3', '2019-09-03', 2689, 1, NULL, NULL, 0),
(403, '6485278K3', '6485278K3', '2019-09-03', 2690, 1, NULL, NULL, 0),
(404, '6585117JA', '6585117JA', '2019-09-03', 2691, 1, NULL, NULL, 0),
(405, '6585149K3', '6585149K3', '2019-09-03', 2692, 1, NULL, NULL, 0),
(406, '6792133JA', '6792133JA', '2019-09-03', 2693, 1, NULL, NULL, 0),
(407, '6892311JA', '6892311JA', '2019-09-03', 2694, 1, NULL, NULL, 0),
(408, '8209562Z', '8209562Z', '2019-09-03', 2695, 1, NULL, NULL, 0),
(409, '8508553Z', '8508553Z', '2019-09-03', 2696, 1, NULL, NULL, 0),
(410, '8510094Z', '8510094Z', '2019-09-03', 2697, 1, NULL, NULL, 0),
(411, '8511074Z', '8511074Z', '2019-09-03', 2698, 1, NULL, NULL, 0),
(412, '8610444Z', '8610444Z', '2019-09-03', 2699, 1, NULL, NULL, 0),
(413, '8611105Z', '8611105Z', '2019-09-03', 2700, 1, NULL, NULL, 0),
(414, '8709046J', '8709046J', '2019-09-03', 2701, 1, NULL, NULL, 0),
(415, '8808237P3B', '8808237P3B', '2019-09-03', 2702, 1, NULL, NULL, 0),
(416, '8808263P3B', '8808263P3B', '2019-09-03', 2703, 1, NULL, NULL, 0),
(417, '90112402Z', '90112402Z', '2019-09-03', 2704, 1, NULL, NULL, 0),
(418, '90112442Z', '90112442Z', '2019-09-03', 2705, 1, NULL, NULL, 0),
(419, '9015757ZY', '9015757ZY', '2019-09-03', 2706, 1, NULL, NULL, 0),
(420, '92141085ZY', '92141085ZY', '2019-09-03', 2707, 1, NULL, NULL, 0),
(421, '9214292ZY', '9214292ZY', '2019-09-03', 2708, 1, NULL, NULL, 0),
(422, '9215235ZY', '9215235ZY', '2019-09-03', 2709, 1, NULL, NULL, 0),
(423, '92151209ZY', '92151209ZY', '2019-09-03', 2710, 1, NULL, NULL, 0),
(424, '9413016P3Y', '9413016P3Y', '2019-09-03', 2711, 1, NULL, NULL, 0),
(425, '94171900ZY', '94171900ZY', '2019-09-03', 2712, 1, NULL, NULL, 0),
(426, '95171171ZY', '95171171ZY', '2019-09-03', 2713, 1, NULL, NULL, 0),
(427, '9519339ZY', '9519339ZY', '2019-09-03', 2714, 1, NULL, NULL, 0),
(428, '9519532ZY', '9519532ZY', '2019-09-03', 2715, 1, NULL, NULL, 0),
(429, '6791100JA', '6791100JA', '2019-09-03', 2716, 1, NULL, NULL, 0),
(430, '6888050K3', '6888050K3', '2019-09-03', 2717, 1, NULL, NULL, 0),
(431, '6888076K3', '6888076K3', '2019-09-03', 2718, 1, NULL, NULL, 0),
(432, '6888080K3', '6888080K3', '2019-09-03', 2719, 1, NULL, NULL, 0),
(433, '6991087JA', '6991087JA', '2019-09-03', 2720, 1, NULL, NULL, 0),
(434, '6991099JA', '6991099JA', '2019-09-03', 2721, 1, NULL, NULL, 0),
(435, '7092323JA', '7092323JA', '2019-09-03', 2722, 1, NULL, NULL, 0),
(436, '7292304JA', '7292304JA', '2019-09-03', 2723, 1, NULL, NULL, 0),
(437, '7292310JA', '7292310JA', '2019-09-03', 2724, 1, NULL, NULL, 0),
(438, '8708292P3B', '8708292P3B', '2019-09-03', 2725, 1, NULL, NULL, 0),
(439, '8708297P3B', '8708297P3B', '2019-09-03', 2726, 1, NULL, NULL, 0),
(440, '8708311P3B', '8708311P3B', '2019-09-03', 2727, 1, NULL, NULL, 0),
(441, '8708317P3B', '8708317P3B', '2019-09-03', 2728, 1, NULL, NULL, 0),
(442, '8708324P3B', '8708324P3B', '2019-09-03', 2729, 1, NULL, NULL, 0),
(443, '8808289P3B', '8808289P3B', '2019-09-03', 2730, 1, NULL, NULL, 0),
(444, '8808312P3B', '8808312P3B', '2019-09-03', 2731, 1, NULL, NULL, 0),
(445, '8808326P3B', '8808326P3B', '2019-09-03', 2732, 1, NULL, NULL, 0),
(446, '8908295P3B', '8908295P3B', '2019-09-03', 2733, 1, NULL, NULL, 0),
(447, '8908325P3B', '8908325P3B', '2019-09-03', 2734, 1, NULL, NULL, 0),
(448, '9009201P3B', '9009201P3B', '2019-09-03', 2735, 1, NULL, NULL, 0),
(449, '93161876ZY', '93161876ZY', '2019-09-03', 2736, 1, NULL, NULL, 0),
(450, '9414013P3Y', '9414013P3Y', '2019-09-03', 2737, 1, NULL, NULL, 0),
(451, '9417542ZY', '9417542ZY', '2019-09-03', 2738, 1, NULL, NULL, 0),
(452, '9515114P3Y', '9515114P3Y', '2019-09-03', 2739, 1, NULL, NULL, 0),
(453, '9515115P3Y', '9515115P3Y', '2019-09-03', 2740, 1, NULL, NULL, 0),
(454, '95171172ZY', '95171172ZY', '2019-09-03', 2741, 1, NULL, NULL, 0),
(455, '9615120P3Y', '9615120P3Y', '2019-09-03', 2742, 1, NULL, NULL, 0),
(456, '9616002TCY', '9616002TCY', '2019-09-03', 2743, 1, NULL, NULL, 0),
(457, '9616035TCY', '9616035TCY', '2019-09-03', 2744, 1, NULL, NULL, 0),
(458, '9616039TCY', '9616039TCY', '2019-09-03', 2745, 1, NULL, NULL, 0),
(459, '9617561ZY', '9617561ZY', '2019-09-03', 2746, 1, NULL, NULL, 0),
(460, '9617024TCY', '9617024TCY', '2019-09-03', 2747, 1, NULL, NULL, 0),
(461, '9716009TCY', '9716009TCY', '2019-09-03', 2748, 1, NULL, NULL, 0),
(462, '9716011TCY', '9716011TCY', '2019-09-03', 2749, 1, NULL, NULL, 0),
(463, '9716019TCY', '9716019TCY', '2019-09-03', 2750, 1, NULL, NULL, 0),
(464, '9716033TCY', '9716033TCY', '2019-09-03', 2751, 1, NULL, NULL, 0),
(465, '9717015TCY', '9717015TCY', '2019-09-03', 2752, 1, NULL, NULL, 0),
(466, '9817012TCY', '9817012TCY', '2019-09-03', 2753, 1, NULL, NULL, 0),
(467, '9817018TCY', '9817018TCY', '2019-09-03', 2754, 1, NULL, NULL, 0),
(468, '9817021TCY', '9817021TCY', '2019-09-03', 2755, 1, NULL, NULL, 0),
(469, '6584184JA', '6584184JA', '2019-09-03', 2756, 1, NULL, NULL, 0),
(470, '6589003JA', '6589003JA', '2019-09-03', 2757, 1, NULL, NULL, 0),
(471, '6793205JA', '6793205JA', '2019-09-03', 2758, 1, NULL, NULL, 0),
(472, '6891089JA', '6891089JA', '2019-09-03', 2759, 1, NULL, NULL, 0),
(473, '7192318JA', '7192318JA', '2019-09-03', 2760, 1, NULL, NULL, 0),
(474, '7193265JA', '7193265JA', '2019-09-03', 2761, 1, NULL, NULL, 0),
(475, '7292180K3', '7292180K3', '2019-09-03', 2762, 1, NULL, NULL, 0),
(476, '8609191P3B', '8609191P3B', '2019-09-03', 2763, 1, NULL, NULL, 0),
(477, '8808298P3B', '8808298P3B', '2019-09-03', 2764, 1, NULL, NULL, 0),
(478, '8808302P3B', '8808302P3B', '2019-09-03', 2765, 1, NULL, NULL, 0),
(479, '8809192P3B', '8809192P3B', '2019-09-03', 2766, 1, NULL, NULL, 0),
(480, '8908287P3B', '8908287P3B', '2019-09-03', 2767, 1, NULL, NULL, 0),
(481, '8908288P3B', '8908288P3B', '2019-09-03', 2768, 1, NULL, NULL, 0),
(482, '8908299P3B', '8908299P3B', '2019-09-03', 2769, 1, NULL, NULL, 0),
(483, '8908300P3B', '8908300P3B', '2019-09-03', 2770, 1, NULL, NULL, 0),
(484, '8910044P3B', '8910044P3B', '2019-09-03', 2771, 1, NULL, NULL, 0),
(485, '9009190P3B', '9009190P3B', '2019-09-03', 2772, 1, NULL, NULL, 0),
(486, '9014693ZY', '9014693ZY', '2019-09-03', 2773, 1, NULL, NULL, 0),
(487, '9217165ZY', '9217165ZY', '2019-09-03', 2774, 1, NULL, NULL, 0),
(488, '9313033JY', '9313033JY', '2019-09-03', 2775, 1, NULL, NULL, 0),
(489, '9319331ZY', '9319331ZY', '2019-09-03', 2776, 1, NULL, NULL, 0),
(490, '9413013P3Y', '9413013P3Y', '2019-09-03', 2777, 1, NULL, NULL, 0),
(491, '9414035P3Y', '9414035P3Y', '2019-09-03', 2778, 1, NULL, NULL, 0),
(492, '94171167ZY', '94171167ZY', '2019-09-03', 2779, 1, NULL, NULL, 0),
(493, '9514071P3Y', '9514071P3Y', '2019-09-03', 2780, 1, NULL, NULL, 0),
(494, '9515118P3Y', '9515118P3Y', '2019-09-03', 2781, 1, NULL, NULL, 0),
(495, '9516003TCY', '9516003TCY', '2019-09-03', 2782, 1, NULL, NULL, 0),
(496, '9517549ZY', '9517549ZY', '2019-09-03', 2783, 1, NULL, NULL, 0),
(497, '9517557ZY', '9517557ZY', '2019-09-03', 2784, 1, NULL, NULL, 0),
(498, '9615119P3Y', '9615119P3Y', '2019-09-03', 2785, 1, NULL, NULL, 0),
(499, '9615121P3Y', '9615121P3Y', '2019-09-03', 2786, 1, NULL, NULL, 0),
(500, '9616012TCY', '9616012TCY', '2019-09-03', 2787, 1, NULL, NULL, 0),
(501, '9616021TCY', '9616021TCY', '2019-09-03', 2788, 1, NULL, NULL, 0),
(502, '9716014TCY', '9716014TCY', '2019-09-03', 2789, 1, NULL, NULL, 0),
(503, '9717011TCY', '9717011TCY', '2019-09-03', 2790, 1, NULL, NULL, 0),
(504, '9717017TCY', '9717017TCY', '2019-09-03', 2791, 1, NULL, NULL, 0),
(505, '9717019TCY', '9717019TCY', '2019-09-03', 2792, 1, NULL, NULL, 0),
(506, '9817016TCY', '9817016TCY', '2019-09-03', 2793, 1, NULL, NULL, 0),
(507, '9817020TCY', '9817020TCY', '2019-09-03', 2794, 1, NULL, NULL, 0),
(508, '6388054K3', '6388054K3', '2019-09-03', 2795, 1, NULL, NULL, 0),
(509, '6484182JA', '6484182JA', '2019-09-03', 2796, 1, NULL, NULL, 0),
(510, '6488047K3', '6488047K3', '2019-09-03', 2797, 1, NULL, NULL, 0),
(511, '6584183JA', '6584183JA', '2019-09-03', 2798, 1, NULL, NULL, 0),
(512, '6687039JA', '6687039JA', '2019-09-03', 2799, 1, NULL, NULL, 0),
(513, '6792317JA', '6792317JA', '2019-09-03', 2800, 1, NULL, NULL, 0),
(514, '6988075K3', '6988075K3', '2019-09-03', 2801, 1, NULL, NULL, 0),
(515, '8708301P3B', '8708301P3B', '2019-09-03', 2802, 1, NULL, NULL, 0),
(516, '8708331P3B', '8708331P3B', '2019-09-03', 2803, 1, NULL, NULL, 0),
(517, '87101040Z', '87101040Z', '2019-09-03', 2804, 1, NULL, NULL, 0),
(518, '8808291P3B', '8808291P3B', '2019-09-03', 2805, 1, NULL, NULL, 0),
(519, '8808293P3B', '8808293P3B', '2019-09-03', 2806, 1, NULL, NULL, 0),
(520, '8808294P3B', '8808294P3B', '2019-09-03', 2807, 1, NULL, NULL, 0),
(521, '8808296P3B', '8808296P3B', '2019-09-03', 2808, 1, NULL, NULL, 0),
(522, '8809206P3B', '8809206P3B', '2019-09-03', 2809, 1, NULL, NULL, 0),
(523, '8908332P3B', '8908332P3B', '2019-09-03', 2810, 1, NULL, NULL, 0),
(524, '8909204P3B', '8909204P3B', '2019-09-03', 2811, 1, NULL, NULL, 0),
(525, '8909205P3B', '8909205P3B', '2019-09-03', 2812, 1, NULL, NULL, 0),
(526, '8910045P3B', '8910045P3B', '2019-09-03', 2813, 1, NULL, NULL, 0),
(527, '9009207P3B', '9009207P3B', '2019-09-03', 2814, 1, NULL, NULL, 0),
(528, '9110046P3B', '9110046P3B', '2019-09-03', 2815, 1, NULL, NULL, 0),
(529, '9115846ZY', '9115846ZY', '2019-09-03', 2816, 1, NULL, NULL, 0),
(530, '9313012P3Y', '9313012P3Y', '2019-09-03', 2817, 1, NULL, NULL, 0),
(531, '9317172ZY', '9317172ZY', '2019-09-03', 2818, 1, NULL, NULL, 0),
(532, '9319332ZY', '9319332ZY', '2019-09-03', 2819, 1, NULL, NULL, 0),
(533, '94162864ZY', '94162864ZY', '2019-09-03', 2820, 1, NULL, NULL, 0),
(534, '9514036P3Y', '9514036P3Y', '2019-09-03', 2821, 1, NULL, NULL, 0),
(535, '9514049P3Y', '9514049P3Y', '2019-09-03', 2822, 1, NULL, NULL, 0),
(536, '9515112P3Y', '9515112P3Y', '2019-09-03', 2823, 1, NULL, NULL, 0),
(537, '9515113P3Y', '9515113P3Y', '2019-09-03', 2824, 1, NULL, NULL, 0),
(538, '9515117P3Y', '9515117P3Y', '2019-09-03', 2825, 1, NULL, NULL, 0),
(539, '9516004TCY', '9516004TCY', '2019-09-03', 2826, 1, NULL, NULL, 0),
(540, '9516014TCY', '9516014TCY', '2019-09-03', 2827, 1, NULL, NULL, 0),
(541, '9615116P3Y', '9615116P3Y', '2019-09-03', 2828, 1, NULL, NULL, 0),
(542, '9615122P3Y', '9615122P3Y', '2019-09-03', 2829, 1, NULL, NULL, 0),
(543, '9616011TCY', '9616011TCY', '2019-09-03', 2830, 1, NULL, NULL, 0),
(544, '9616013TCY', '9616013TCY', '2019-09-03', 2831, 1, NULL, NULL, 0),
(545, '9616015TCY', '9616015TCY', '2019-09-03', 2832, 1, NULL, NULL, 0),
(546, '9616016TCY', '9616016TCY', '2019-09-03', 2833, 1, NULL, NULL, 0),
(547, '9616022TCY', '9616022TCY', '2019-09-03', 2834, 1, NULL, NULL, 0),
(548, '9616030TCY', '9616030TCY', '2019-09-03', 2835, 1, NULL, NULL, 0),
(549, '9616051TCY', '9616051TCY', '2019-09-03', 2836, 1, NULL, NULL, 0),
(550, '9617023TCY', '9617023TCY', '2019-09-03', 2837, 1, NULL, NULL, 0),
(551, '9716004TCY', '9716004TCY', '2019-09-03', 2838, 1, NULL, NULL, 0),
(552, '9717022TCY', '9717022TCY', '2019-09-03', 2839, 1, NULL, NULL, 0),
(553, '9817013TCY', '9817013TCY', '2019-09-03', 2840, 1, NULL, NULL, 0),
(554, '9817014TCY', '9817014TCY', '2019-09-03', 2841, 1, NULL, NULL, 0),
(555, '6383082JA', '6383082JA', '2019-09-03', 2842, 1, NULL, NULL, 0),
(556, '6484870K3', '6484870K3', '2019-09-03', 2843, 1, NULL, NULL, 0),
(557, '6485099P2B', '6485099P2B', '2019-09-03', 2844, 1, NULL, NULL, 0),
(558, '6485104JA', '6485104JA', '2019-09-03', 2845, 1, NULL, NULL, 0),
(559, '6485121JA', '6485121JA', '2019-09-03', 2846, 1, NULL, NULL, 0),
(560, '6485158JA', '6485158JA', '2019-09-03', 2847, 1, NULL, NULL, 0),
(561, '6585120JA', '6585120JA', '2019-09-03', 2848, 1, NULL, NULL, 0),
(562, '6585164JA', '6585164JA', '2019-09-03', 2849, 1, NULL, NULL, 0),
(563, '6585240JA', '6585240JA', '2019-09-03', 2850, 1, NULL, NULL, 0),
(564, '6586010JA', '6586010JA', '2019-09-03', 2851, 1, NULL, NULL, 0),
(565, '6586031JA', '6586031JA', '2019-09-03', 2852, 1, NULL, NULL, 0),
(566, '6687033JA', '6687033JA', '2019-09-03', 2853, 1, NULL, NULL, 0),
(567, '6693263JA', '6693263JA', '2019-09-03', 2854, 1, NULL, NULL, 0),
(568, '6787034JA', '6787034JA', '2019-09-03', 2855, 1, NULL, NULL, 0),
(569, '6793146K3', '6793146K3', '2019-09-03', 2856, 1, NULL, NULL, 0),
(570, '6892149JA', '6892149JA', '2019-09-03', 2857, 1, NULL, NULL, 0),
(571, '7094224K3', '7094224K3', '2019-09-03', 2858, 1, NULL, NULL, 0),
(572, '7292328JA', '7292328JA', '2019-09-03', 2859, 1, NULL, NULL, 0),
(573, '8404050P3B', '8404050P3B', '2019-09-03', 2860, 1, NULL, NULL, 0),
(574, '8410078Z', '8410078Z', '2019-09-03', 2861, 1, NULL, NULL, 0),
(575, '8508219P3B', '8508219P3B', '2019-09-03', 2862, 1, NULL, NULL, 0),
(576, '8509607Z', '8509607Z', '2019-09-03', 2863, 1, NULL, NULL, 0),
(577, '8608213P3B', '8608213P3B', '2019-09-03', 2864, 1, NULL, NULL, 0),
(578, '8608286P3B', '8608286P3B', '2019-09-03', 2865, 1, NULL, NULL, 0),
(579, '8708217P3B', '8708217P3B', '2019-09-03', 2866, 1, NULL, NULL, 0),
(580, '8708303P3B', '8708303P3B', '2019-09-03', 2867, 1, NULL, NULL, 0),
(581, '8709202P3B', '8709202P3B', '2019-09-03', 2868, 1, NULL, NULL, 0),
(582, '8808225P3B', '8808225P3B', '2019-09-03', 2869, 1, NULL, NULL, 0),
(583, '88111585Z', '88111585Z', '2019-09-03', 2870, 1, NULL, NULL, 0),
(584, '8813145ZY', '8813145ZY', '2019-09-03', 2871, 1, NULL, NULL, 0),
(585, '8908210P3B', '8908210P3B', '2019-09-03', 2872, 1, NULL, NULL, 0),
(586, '8909062P3B', '8909062P3B', '2019-09-03', 2873, 1, NULL, NULL, 0),
(587, '8909193P3B', '8909193P3B', '2019-09-03', 2874, 1, NULL, NULL, 0),
(588, '89112098Z', '89112098Z', '2019-09-03', 2875, 1, NULL, NULL, 0),
(589, '9009203P3B', '9009203P3B', '2019-09-03', 2876, 1, NULL, NULL, 0),
(590, '9013189ZY', '9013189ZY', '2019-09-03', 2877, 1, NULL, NULL, 0),
(591, '9112020P3Y', '9112020P3Y', '2019-09-03', 2878, 1, NULL, NULL, 0),
(592, '9113257ZY', '9113257ZY', '2019-09-03', 2879, 1, NULL, NULL, 0),
(593, '9212025P3Y', '9212025P3Y', '2019-09-03', 2880, 1, NULL, NULL, 0),
(594, '9212026P3Y', '9212026P3Y', '2019-09-03', 2881, 1, NULL, NULL, 0),
(595, '9214297ZY', '9214297ZY', '2019-09-03', 2882, 1, NULL, NULL, 0),
(596, '9215880ZY', '9215880ZY', '2019-09-03', 2883, 1, NULL, NULL, 0),
(597, '9218029ZY', '9218029ZY', '2019-09-03', 2884, 1, NULL, NULL, 0),
(598, '9312035P3Y', '9312035P3Y', '2019-09-03', 2885, 1, NULL, NULL, 0),
(599, '9312038P3Y', '9312038P3Y', '2019-09-03', 2886, 1, NULL, NULL, 0),
(600, '9315993ZY', '9315993ZY', '2019-09-03', 2887, 1, NULL, NULL, 0),
(601, '93161882ZY', '93161882ZY', '2019-09-03', 2888, 1, NULL, NULL, 0),
(602, '94161622ZY', '94161622ZY', '2019-09-03', 2889, 1, NULL, NULL, 0),
(603, '94161987ZY', '94161987ZY', '2019-09-03', 2890, 1, NULL, NULL, 0),
(604, '94171479ZY', '94171479ZY', '2019-09-03', 2891, 1, NULL, NULL, 0),
(605, '95171903ZY', '95171903ZY', '2019-09-03', 2892, 1, NULL, NULL, 0),
(606, '9519533ZY', '9519533ZY', '2019-09-03', 2893, 1, NULL, NULL, 0),
(607, '9615123P3Y', '9615123P3Y', '2019-09-03', 2894, 1, NULL, NULL, 0),
(608, '96171486ZY', '96171486ZY', '2019-09-03', 2895, 1, NULL, NULL, 0),
(609, '9617061TCY', '9617061TCY', '2019-09-03', 2896, 1, NULL, NULL, 0),
(610, '9717066TCY', '9717066TCY', '2019-09-03', 2897, 1, NULL, NULL, 0),
(611, '9717070TCY', '9717070TCY', '2019-09-03', 2898, 1, NULL, NULL, 0),
(612, '9717076TCY', '9717076TCY', '2019-09-03', 2899, 1, NULL, NULL, 0),
(613, '9717077TCY', '9717077TCY', '2019-09-03', 2900, 1, NULL, NULL, 0),
(614, '9717081TCY', '9717081TCY', '2019-09-03', 2901, 1, NULL, NULL, 0),
(615, '9817009TCY', '9817009TCY', '2019-09-03', 2902, 1, NULL, NULL, 0),
(616, '9817010TCY', '9817010TCY', '2019-09-03', 2903, 1, NULL, NULL, 0),
(617, '6487035K3', '6487035K3', '2019-09-03', 2904, 1, NULL, NULL, 0),
(618, '6587037K3', '6587037K3', '2019-09-03', 2905, 1, NULL, NULL, 0),
(619, '6591106JA', '6591106JA', '2019-09-03', 2906, 1, NULL, NULL, 0),
(620, '6792309JA', '6792309JA', '2019-09-03', 2907, 1, NULL, NULL, 0),
(621, '6888048K3', '6888048K3', '2019-09-03', 2908, 1, NULL, NULL, 0),
(622, '6890003JA', '6890003JA', '2019-09-03', 2909, 1, NULL, NULL, 0),
(623, '6892141JA', '6892141JA', '2019-09-03', 2910, 1, NULL, NULL, 0),
(624, '6993492K3', '6993492K3', '2019-09-03', 2911, 1, NULL, NULL, 0),
(625, '7192334JA', '7192334JA', '2019-09-03', 2912, 1, NULL, NULL, 0),
(626, '7292182K3', '7292182K3', '2019-09-03', 2913, 1, NULL, NULL, 0),
(627, '7294001K3', '7294001K3', '2019-09-03', 2914, 1, NULL, NULL, 0),
(628, '8708277P3B', '8708277P3B', '2019-09-03', 2915, 1, NULL, NULL, 0),
(629, '8808278P3B', '8808278P3B', '2019-09-03', 2916, 1, NULL, NULL, 0),
(630, '8808285P3B', '8808285P3B', '2019-09-03', 2917, 1, NULL, NULL, 0),
(631, '8809165P3B', '8809165P3B', '2019-09-03', 2918, 1, NULL, NULL, 0),
(632, '8810938Z', '8810938Z', '2019-09-03', 2919, 1, NULL, NULL, 0),
(633, '8908275P3B', '8908275P3B', '2019-09-03', 2920, 1, NULL, NULL, 0),
(634, '8908284P3B', '8908284P3B', '2019-09-03', 2921, 1, NULL, NULL, 0),
(635, '8909168P3B', '8909168P3B', '2019-09-03', 2922, 1, NULL, NULL, 0),
(636, '9009162P3B', '9009162P3B', '2019-09-03', 2923, 1, NULL, NULL, 0),
(637, '9116880ZY', '9116880ZY', '2019-09-03', 2924, 1, NULL, NULL, 0),
(638, '9217168ZY', '9217168ZY', '2019-09-03', 2925, 1, NULL, NULL, 0),
(639, '93163776ZY', '93163776ZY', '2019-09-03', 2926, 1, NULL, NULL, 0),
(640, '9317308ZY', '9317308ZY', '2019-09-03', 2927, 1, NULL, NULL, 0),
(641, '9414025P3Y', '9414025P3Y', '2019-09-03', 2928, 1, NULL, NULL, 0),
(642, '9417540ZY', '9417540ZY', '2019-09-03', 2929, 1, NULL, NULL, 0),
(643, '9417543ZY', '9417543ZY', '2019-09-03', 2930, 1, NULL, NULL, 0),
(644, '94171480ZY', '94171480ZY', '2019-09-03', 2931, 1, NULL, NULL, 0),
(645, '9516002TCY', '9516002TCY', '2019-09-03', 2932, 1, NULL, NULL, 0),
(646, '9517551ZY', '9517551ZY', '2019-09-03', 2933, 1, NULL, NULL, 0),
(647, '9517554ZY', '9517554ZY', '2019-09-03', 2934, 1, NULL, NULL, 0),
(648, '95171483ZY', '95171483ZY', '2019-09-03', 2935, 1, NULL, NULL, 0),
(649, '9615108P3Y', '9615108P3Y', '2019-09-03', 2936, 1, NULL, NULL, 0),
(650, '9616025TCY', '9616025TCY', '2019-09-03', 2937, 1, NULL, NULL, 0),
(651, '9616033TCY', '9616033TCY', '2019-09-03', 2938, 1, NULL, NULL, 0),
(652, '9616045TCY', '9616045TCY', '2019-09-03', 2939, 1, NULL, NULL, 0),
(653, '9817028TCY', '9817028TCY', '2019-09-03', 2940, 1, NULL, NULL, 0),
(654, '9817032TCY', '9817032TCY', '2019-09-03', 2941, 1, NULL, NULL, 0),
(655, '9817033TCY', '9817033TCY', '2019-09-03', 2942, 1, NULL, NULL, 0),
(656, '6393254JA', '6393254JA', '2019-09-03', 2943, 1, NULL, NULL, 0),
(657, '6487020JA', '6487020JA', '2019-09-03', 2944, 1, NULL, NULL, 0),
(658, '6584097JA', '6584097JA', '2019-09-03', 2945, 1, NULL, NULL, 0),
(659, '6586036JA', '6586036JA', '2019-09-03', 2946, 1, NULL, NULL, 0),
(660, '6891102JA', '6891102JA', '2019-09-03', 2947, 1, NULL, NULL, 0),
(661, '7192305JA', '7192305JA', '2019-09-03', 2948, 1, NULL, NULL, 0),
(662, '7292327JA', '7292327JA', '2019-09-03', 2949, 1, NULL, NULL, 0),
(663, '7294019P3B', '7294019P3B', '2019-09-03', 2950, 1, NULL, NULL, 0),
(664, '8407032P3B', '8407032P3B', '2019-09-03', 2951, 1, NULL, NULL, 0),
(665, '8506088P3B', '8506088P3B', '2019-09-03', 2952, 1, NULL, NULL, 0),
(666, '8608250P3B', '8608250P3B', '2019-09-03', 2953, 1, NULL, NULL, 0),
(667, '8608259P3B', '8608259P3B', '2019-09-03', 2954, 1, NULL, NULL, 0),
(668, '8609147P3B', '8609147P3B', '2019-09-03', 2955, 1, NULL, NULL, 0),
(669, '8808254P3B', '8808254P3B', '2019-09-03', 2956, 1, NULL, NULL, 0),
(670, '8808260P3B', '8808260P3B', '2019-09-03', 2957, 1, NULL, NULL, 0),
(671, '8808261P3B', '8808261P3B', '2019-09-03', 2958, 1, NULL, NULL, 0),
(672, '8808264P3B', '8808264P3B', '2019-09-03', 2959, 1, NULL, NULL, 0),
(673, '8808269P3B', '8808269P3B', '2019-09-03', 2960, 1, NULL, NULL, 0),
(674, '8908252P3B', '8908252P3B', '2019-09-03', 2961, 1, NULL, NULL, 0),
(675, '8908255P3B', '8908255P3B', '2019-09-03', 2962, 1, NULL, NULL, 0),
(676, '8908265P3B', '8908265P3B', '2019-09-03', 2963, 1, NULL, NULL, 0),
(677, '8908266P3B', '8908266P3B', '2019-09-03', 2964, 1, NULL, NULL, 0),
(678, '8908271P3B', '8908271P3B', '2019-09-03', 2965, 1, NULL, NULL, 0),
(679, '8908272P3B', '8908272P3B', '2019-09-03', 2966, 1, NULL, NULL, 0),
(680, '8908330P3B', '8908330P3B', '2019-09-03', 2967, 1, NULL, NULL, 0),
(681, '8908348P3B', '8908348P3B', '2019-09-03', 2968, 1, NULL, NULL, 0),
(682, '8909167P3B', '8909167P3B', '2019-09-03', 2969, 1, NULL, NULL, 0),
(683, '9009176P3B', '9009176P3B', '2019-09-03', 2970, 1, NULL, NULL, 0),
(684, '9117163ZY', '9117163ZY', '2019-09-03', 2971, 1, NULL, NULL, 0),
(685, '9317170ZY', '9317170ZY', '2019-09-03', 2972, 1, NULL, NULL, 0),
(686, '93171165ZY', '93171165ZY', '2019-09-03', 2973, 1, NULL, NULL, 0),
(687, '9414026P3Y', '9414026P3Y', '2019-09-03', 2974, 1, NULL, NULL, 0),
(688, '94161599ZY', '94161599ZY', '2019-09-03', 2975, 1, NULL, NULL, 0),
(689, '94162925ZY', '94162925ZY', '2019-09-03', 2976, 1, NULL, NULL, 0),
(690, '94162858ZY', '94162858ZY', '2019-09-03', 2977, 1, NULL, NULL, 0),
(691, '94174008ZY', '94174008ZY', '2019-09-03', 2978, 1, NULL, NULL, 0),
(692, '94171166ZY', '94171166ZY', '2019-09-03', 2979, 1, NULL, NULL, 0),
(693, '9514051P3Y', '9514051P3Y', '2019-09-03', 2980, 1, NULL, NULL, 0),
(694, '9515107P3Y', '9515107P3Y', '2019-09-03', 2981, 1, NULL, NULL, 0),
(695, '9515110P3Y', '9515110P3Y', '2019-09-03', 2982, 1, NULL, NULL, 0),
(696, '9515111P3Y', '9515111P3Y', '2019-09-03', 2983, 1, NULL, NULL, 0),
(697, '9516008TCY', '9516008TCY', '2019-09-03', 2984, 1, NULL, NULL, 0),
(698, '95171482ZY', '95171482ZY', '2019-09-03', 2985, 1, NULL, NULL, 0),
(699, '9615109P3Y', '9615109P3Y', '2019-09-03', 2986, 1, NULL, NULL, 0),
(700, '9616003TCY', '9616003TCY', '2019-09-03', 2987, 1, NULL, NULL, 0),
(701, '9716003TCY', '9716003TCY', '2019-09-03', 2988, 1, NULL, NULL, 0),
(702, '9616036TCY', '9616036TCY', '2019-09-03', 2989, 1, NULL, NULL, 0),
(703, '9616049TCY', '9616049TCY', '2019-09-03', 2990, 1, NULL, NULL, 0),
(704, '9716018TCY', '9716018TCY', '2019-09-03', 2991, 1, NULL, NULL, 0),
(705, '9717027TCY', '9717027TCY', '2019-09-03', 2992, 1, NULL, NULL, 0),
(706, '9817029TCY', '9817029TCY', '2019-09-03', 2993, 1, NULL, NULL, 0),
(707, '9817031TCY', '9817031TCY', '2019-09-03', 2994, 1, NULL, NULL, 0),
(708, '6588051K3', '6588051K3', '2019-09-03', 2995, 1, NULL, NULL, 0),
(709, '6686003P3B', '6686003P3B', '2019-09-03', 2996, 1, NULL, NULL, 0),
(710, '6792332JA', '6792332JA', '2019-09-03', 2997, 1, NULL, NULL, 0),
(711, '6892315JA', '6892315JA', '2019-09-03', 2998, 1, NULL, NULL, 0),
(712, '6992322JA', '6992322JA', '2019-09-03', 2999, 1, NULL, NULL, 0),
(713, '6992337JA', '6992337JA', '2019-09-03', 3000, 1, NULL, NULL, 0),
(714, '6993186JA', '6993186JA', '2019-09-03', 3001, 1, NULL, NULL, 0),
(715, '7393175JA', '7393175JA', '2019-09-03', 3002, 1, NULL, NULL, 0),
(716, '7393401K3', '7393401K3', '2019-09-03', 3003, 1, NULL, NULL, 0);
INSERT INTO `user` (`id`, `username`, `password`, `createddate`, `pegawai`, `createdby`, `updateddate`, `updatedby`, `deleted`) VALUES
(717, '8708276P3B', '8708276P3B', '2019-09-03', 3004, 1, NULL, NULL, 0),
(718, '8808279P3B', '8808279P3B', '2019-09-03', 3005, 1, NULL, NULL, 0),
(719, '8808283P3B', '8808283P3B', '2019-09-03', 3006, 1, NULL, NULL, 0),
(720, '8809163P3B', '8809163P3B', '2019-09-03', 3007, 1, NULL, NULL, 0),
(721, '8809169P3B', '8809169P3B', '2019-09-03', 3008, 1, NULL, NULL, 0),
(722, '8908274P3B', '8908274P3B', '2019-09-03', 3009, 1, NULL, NULL, 0),
(723, '8908281P3B', '8908281P3B', '2019-09-03', 3010, 1, NULL, NULL, 0),
(724, '8908282P3B', '8908282P3B', '2019-09-03', 3011, 1, NULL, NULL, 0),
(725, '8909164P3B', '8909164P3B', '2019-09-03', 3012, 1, NULL, NULL, 0),
(726, '9009166P3B', '9009166P3B', '2019-09-03', 3013, 1, NULL, NULL, 0),
(727, '9015350ZY', '9015350ZY', '2019-09-03', 3014, 1, NULL, NULL, 0),
(728, '9115839ZY', '9115839ZY', '2019-09-03', 3015, 1, NULL, NULL, 0),
(729, '92141079ZY', '92141079ZY', '2019-09-03', 3016, 1, NULL, NULL, 0),
(730, '9313018P3Y', '9313018P3Y', '2019-09-03', 3017, 1, NULL, NULL, 0),
(731, '9313019P3Y', '9313019P3Y', '2019-09-03', 3018, 1, NULL, NULL, 0),
(732, '93161867ZY', '93161867ZY', '2019-09-03', 3019, 1, NULL, NULL, 0),
(733, '93162751ZY', '93162751ZY', '2019-09-03', 3020, 1, NULL, NULL, 0),
(734, '93163721ZY', '93163721ZY', '2019-09-03', 3021, 1, NULL, NULL, 0),
(735, '9418124ZY', '9418124ZY', '2019-09-03', 3022, 1, NULL, NULL, 0),
(736, '9517555ZY', '9517555ZY', '2019-09-03', 3023, 1, NULL, NULL, 0),
(737, '9616019TCY', '9616019TCY', '2019-09-03', 3024, 1, NULL, NULL, 0),
(738, '9616023TCY', '9616023TCY', '2019-09-03', 3025, 1, NULL, NULL, 0),
(739, '9616429TCY', '9616429TCY', '2019-09-03', 3026, 1, NULL, NULL, 0),
(740, '9616034TCY', '9616034TCY', '2019-09-03', 3027, 1, NULL, NULL, 0),
(741, '9616053TCY', '9616053TCY', '2019-09-03', 3028, 1, NULL, NULL, 0),
(742, '9716010TCY', '9716010TCY', '2019-09-03', 3029, 1, NULL, NULL, 0),
(743, '9716030TCY', '9716030TCY', '2019-09-03', 3030, 1, NULL, NULL, 0),
(744, '9716034TCY', '9716034TCY', '2019-09-03', 3031, 1, NULL, NULL, 0),
(745, '9717030TCY', '9717030TCY', '2019-09-03', 3032, 1, NULL, NULL, 0),
(746, '9717034TCY', '9717034TCY', '2019-09-03', 3033, 1, NULL, NULL, 0),
(747, '6383237JA', '6383237JA', '2019-09-03', 3034, 1, NULL, NULL, 0),
(748, '6385243JA', '6385243JA', '2019-09-03', 3035, 1, NULL, NULL, 0),
(749, '6483199JA', '6483199JA', '2019-09-03', 3036, 1, NULL, NULL, 0),
(750, '6485125JA', '6485125JA', '2019-09-03', 3037, 1, NULL, NULL, 0),
(751, '6486008JA', '6486008JA', '2019-09-03', 3038, 1, NULL, NULL, 0),
(752, '6585116JA', '6585116JA', '2019-09-03', 3039, 1, NULL, NULL, 0),
(753, '6587031JA', '6587031JA', '2019-09-03', 3040, 1, NULL, NULL, 0),
(754, '6588026JA', '6588026JA', '2019-09-03', 3041, 1, NULL, NULL, 0),
(755, '6591120JA', '6591120JA', '2019-09-03', 3042, 1, NULL, NULL, 0),
(756, '6792217JA', '6792217JA', '2019-09-03', 3043, 1, NULL, NULL, 0),
(757, '6889020JA', '6889020JA', '2019-09-03', 3044, 1, NULL, NULL, 0),
(758, '6891090JA', '6891090JA', '2019-09-03', 3045, 1, NULL, NULL, 0),
(759, '6891125JA', '6891125JA', '2019-09-03', 3046, 1, NULL, NULL, 0),
(760, '6991118JA', '6991118JA', '2019-09-03', 3047, 1, NULL, NULL, 0),
(761, '6991122JA', '6991122JA', '2019-09-03', 3048, 1, NULL, NULL, 0),
(762, '7091126JA', '7091126JA', '2019-09-03', 3049, 1, NULL, NULL, 0),
(763, '7292216JA', '7292216JA', '2019-09-03', 3050, 1, NULL, NULL, 0),
(764, '7393264JA', '7393264JA', '2019-09-03', 3051, 1, NULL, NULL, 0),
(765, '7493449K3', '7493449K3', '2019-09-03', 3052, 1, NULL, NULL, 0),
(766, '8106367Z', '8106367Z', '2019-09-03', 3053, 1, NULL, NULL, 0),
(767, '8108430Z', '8108430Z', '2019-09-03', 3054, 1, NULL, NULL, 0),
(768, '8206083P3B', '8206083P3B', '2019-09-03', 3055, 1, NULL, NULL, 0),
(769, '8308171Z', '8308171Z', '2019-09-03', 3056, 1, NULL, NULL, 0),
(770, '8404054P3B', '8404054P3B', '2019-09-03', 3057, 1, NULL, NULL, 0),
(771, '8407031P3B', '8407031P3B', '2019-09-03', 3058, 1, NULL, NULL, 0),
(772, '8504047P3B', '8504047P3B', '2019-09-03', 3059, 1, NULL, NULL, 0),
(773, '8506082P3B', '8506082P3B', '2019-09-03', 3060, 1, NULL, NULL, 0),
(774, '8508396Z', '8508396Z', '2019-09-03', 3061, 1, NULL, NULL, 0),
(775, '8608273P3B', '8608273P3B', '2019-09-03', 3062, 1, NULL, NULL, 0),
(776, '8708098P3B', '8708098P3B', '2019-09-03', 3063, 1, NULL, NULL, 0),
(777, '8808262P3B', '8808262P3B', '2019-09-03', 3064, 1, NULL, NULL, 0),
(778, '88112010Z', '88112010Z', '2019-09-03', 3065, 1, NULL, NULL, 0),
(779, '88111113Z', '88111113Z', '2019-09-03', 3066, 1, NULL, NULL, 0),
(780, '8814037ZY', '8814037ZY', '2019-09-03', 3067, 1, NULL, NULL, 0),
(781, '8908223P3B', '8908223P3B', '2019-09-03', 3068, 1, NULL, NULL, 0),
(782, '8908258P3B', '8908258P3B', '2019-09-03', 3069, 1, NULL, NULL, 0),
(783, '9110008K2', '9110008K2', '2019-09-03', 3070, 1, NULL, NULL, 0),
(784, '9115198ZY', '9115198ZY', '2019-09-03', 3071, 1, NULL, NULL, 0),
(785, '9212030P3Y', '9212030P3Y', '2019-09-03', 3072, 1, NULL, NULL, 0),
(786, '9212033P3Y', '9212033P3Y', '2019-09-03', 3073, 1, NULL, NULL, 0),
(787, '9212023P3Y', '9212023P3Y', '2019-09-03', 3074, 1, NULL, NULL, 0),
(788, '9215867ZY', '9215867ZY', '2019-09-03', 3075, 1, NULL, NULL, 0),
(789, '93161547ZY', '93161547ZY', '2019-09-03', 3076, 1, NULL, NULL, 0),
(790, '93161911ZY', '93161911ZY', '2019-09-03', 3077, 1, NULL, NULL, 0),
(791, '94171899ZY', '94171899ZY', '2019-09-03', 3078, 1, NULL, NULL, 0),
(792, '94171901ZY', '94171901ZY', '2019-09-03', 3079, 1, NULL, NULL, 0),
(793, '9616018TCY', '9616018TCY', '2019-09-03', 3080, 1, NULL, NULL, 0),
(794, '9517560ZY', '9517560ZY', '2019-09-03', 3081, 1, NULL, NULL, 0),
(795, '9615003P3Y', '9615003P3Y', '2019-09-03', 3082, 1, NULL, NULL, 0),
(796, '9615006P3Y', '9615006P3Y', '2019-09-03', 3083, 1, NULL, NULL, 0),
(797, '9616027TCY', '9616027TCY', '2019-09-03', 3084, 1, NULL, NULL, 0),
(798, '9616037TCY', '9616037TCY', '2019-09-03', 3085, 1, NULL, NULL, 0),
(799, '9716036TCY', '9716036TCY', '2019-09-03', 3086, 1, NULL, NULL, 0),
(800, '9717058TCY', '9717058TCY', '2019-09-03', 3087, 1, NULL, NULL, 0),
(801, '9717062TCY', '9717062TCY', '2019-09-03', 3088, 1, NULL, NULL, 0),
(802, '9717069TCY', '9717069TCY', '2019-09-03', 3089, 1, NULL, NULL, 0),
(803, '9717083TCY', '9717083TCY', '2019-09-03', 3090, 1, NULL, NULL, 0),
(804, '9817025TCY', '9817025TCY', '2019-09-03', 3091, 1, NULL, NULL, 0),
(805, '9817026TCY', '9817026TCY', '2019-09-03', 3092, 1, NULL, NULL, 0),
(806, '9817059TCY', '9817059TCY', '2019-09-03', 3093, 1, NULL, NULL, 0),
(807, '9817067TCY', '9817067TCY', '2019-09-03', 3094, 1, NULL, NULL, 0),
(808, '6488025JA', '6488025JA', '2019-09-03', 3095, 1, NULL, NULL, 0),
(809, '6587041K3', '6587041K3', '2019-09-03', 3096, 1, NULL, NULL, 0),
(810, '6691113JA', '6691113JA', '2019-09-03', 3097, 1, NULL, NULL, 0),
(811, '6791101JA', '6791101JA', '2019-09-03', 3098, 1, NULL, NULL, 0),
(812, '7093500K3', '7093500K3', '2019-09-03', 3099, 1, NULL, NULL, 0),
(813, '7193176JA', '7193176JA', '2019-09-03', 3100, 1, NULL, NULL, 0),
(814, '7294011K3', '7294011K3', '2019-09-03', 3101, 1, NULL, NULL, 0),
(815, '7294014K3', '7294014K3', '2019-09-03', 3102, 1, NULL, NULL, 0),
(816, '7393184JA', '7393184JA', '2019-09-03', 3103, 1, NULL, NULL, 0),
(817, '7394007K3', '7394007K3', '2019-09-03', 3104, 1, NULL, NULL, 0),
(818, '8206084P3B', '8206084P3B', '2019-09-03', 3105, 1, NULL, NULL, 0),
(819, '8306089P3B', '8306089P3B', '2019-09-03', 3106, 1, NULL, NULL, 0),
(820, '8608248P3B', '8608248P3B', '2019-09-03', 3107, 1, NULL, NULL, 0),
(821, '8608253P3B', '8608253P3B', '2019-09-03', 3108, 1, NULL, NULL, 0),
(822, '8609367Z', '8609367Z', '2019-09-03', 3109, 1, NULL, NULL, 0),
(823, '8708268P3B', '8708268P3B', '2019-09-03', 3110, 1, NULL, NULL, 0),
(824, '87111007Z', '87111007Z', '2019-09-03', 3111, 1, NULL, NULL, 0),
(825, '8808256P3B', '8808256P3B', '2019-09-03', 3112, 1, NULL, NULL, 0),
(826, '8908270P3B', '8908270P3B', '2019-09-03', 3113, 1, NULL, NULL, 0),
(827, '8909178P3B', '8909178P3B', '2019-09-03', 3114, 1, NULL, NULL, 0),
(828, '8912435ZY', '8912435ZY', '2019-09-03', 3115, 1, NULL, NULL, 0),
(829, '9313017P3Y', '9313017P3Y', '2019-09-03', 3116, 1, NULL, NULL, 0),
(830, '9317171ZY', '9317171ZY', '2019-09-03', 3117, 1, NULL, NULL, 0),
(831, '9413015P3Y', '9413015P3Y', '2019-09-03', 3118, 1, NULL, NULL, 0),
(832, '9414017P3Y', '9414017P3Y', '2019-09-03', 3119, 1, NULL, NULL, 0),
(833, '9516005TCY', '9516005TCY', '2019-09-03', 3120, 1, NULL, NULL, 0),
(834, '9517553ZY', '9517553ZY', '2019-09-03', 3121, 1, NULL, NULL, 0),
(835, '9615125P3Y', '9615125P3Y', '2019-09-03', 3122, 1, NULL, NULL, 0),
(836, '9615126P3Y', '9615126P3Y', '2019-09-03', 3123, 1, NULL, NULL, 0),
(837, '9615130P3Y', '9615130P3Y', '2019-09-03', 3124, 1, NULL, NULL, 0),
(838, '9616020TCY', '9616020TCY', '2019-09-03', 3125, 1, NULL, NULL, 0),
(839, '9616032TCY', '9616032TCY', '2019-09-03', 3126, 1, NULL, NULL, 0),
(840, '9616054TCY', '9616054TCY', '2019-09-03', 3127, 1, NULL, NULL, 0),
(841, '9618873ZY', '9618873ZY', '2019-09-03', 3128, 1, NULL, NULL, 0),
(842, '9618878ZY', '9618878ZY', '2019-09-03', 3129, 1, NULL, NULL, 0),
(843, '6384128JA', '6384128JA', '2019-09-03', 3130, 1, NULL, NULL, 0),
(844, '6384129JA', '6384129JA', '2019-09-03', 3131, 1, NULL, NULL, 0),
(845, '6487027JA', '6487027JA', '2019-09-03', 3132, 1, NULL, NULL, 0),
(846, '6487028JA', '6487028JA', '2019-09-03', 3133, 1, NULL, NULL, 0),
(847, '7294018P3B', '7294018P3B', '2019-09-03', 3134, 1, NULL, NULL, 0),
(848, '8307033P3B', '8307033P3B', '2019-09-03', 3135, 1, NULL, NULL, 0),
(849, '8507034P3B', '8507034P3B', '2019-09-03', 3136, 1, NULL, NULL, 0),
(850, '8608307P3B', '8608307P3B', '2019-09-03', 3137, 1, NULL, NULL, 0),
(851, '8708306P3B', '8708306P3B', '2019-09-03', 3138, 1, NULL, NULL, 0),
(852, '8709186P3B', '8709186P3B', '2019-09-03', 3139, 1, NULL, NULL, 0),
(853, '8808267P3B', '8808267P3B', '2019-09-03', 3140, 1, NULL, NULL, 0),
(854, '8808304P3B', '8808304P3B', '2019-09-03', 3141, 1, NULL, NULL, 0),
(855, '8808308P3B', '8808308P3B', '2019-09-03', 3142, 1, NULL, NULL, 0),
(856, '8808327P3B', '8808327P3B', '2019-09-03', 3143, 1, NULL, NULL, 0),
(857, '8908305P3B', '8908305P3B', '2019-09-03', 3144, 1, NULL, NULL, 0),
(858, '8908310P3B', '8908310P3B', '2019-09-03', 3145, 1, NULL, NULL, 0),
(859, '8909187P3B', '8909187P3B', '2019-09-03', 3146, 1, NULL, NULL, 0),
(860, '9009188P3B', '9009188P3B', '2019-09-03', 3147, 1, NULL, NULL, 0),
(861, '9009189P3B', '9009189P3B', '2019-09-03', 3148, 1, NULL, NULL, 0),
(862, '9009198P3B', '9009198P3B', '2019-09-03', 3149, 1, NULL, NULL, 0),
(863, '9010013J', '9010013J', '2019-09-03', 3150, 1, NULL, NULL, 0),
(864, '9110043P3B', '9110043P3B', '2019-09-03', 3151, 1, NULL, NULL, 0),
(865, '9115801ZY', '9115801ZY', '2019-09-03', 3152, 1, NULL, NULL, 0),
(866, '9117162ZY', '9117162ZY', '2019-09-03', 3153, 1, NULL, NULL, 0),
(867, '9118122ZY', '9118122ZY', '2019-09-03', 3154, 1, NULL, NULL, 0),
(868, '9318431ZY', '9318431ZY', '2019-09-03', 3155, 1, NULL, NULL, 0),
(869, '9414032P3Y', '9414032P3Y', '2019-09-03', 3156, 1, NULL, NULL, 0),
(870, '9418869ZY', '9418869ZY', '2019-09-03', 3157, 1, NULL, NULL, 0),
(871, '9514057P3Y', '9514057P3Y', '2019-09-03', 3158, 1, NULL, NULL, 0),
(872, '9515129P3Y', '9515129P3Y', '2019-09-03', 3159, 1, NULL, NULL, 0),
(873, '9516007TCY', '9516007TCY', '2019-09-03', 3160, 1, NULL, NULL, 0),
(874, '9516011TCY', '9516011TCY', '2019-09-03', 3161, 1, NULL, NULL, 0),
(875, '9615124P3Y', '9615124P3Y', '2019-09-03', 3162, 1, NULL, NULL, 0),
(876, '9615127P3Y', '9615127P3Y', '2019-09-03', 3163, 1, NULL, NULL, 0),
(877, '9616010TCY', '9616010TCY', '2019-09-03', 3164, 1, NULL, NULL, 0),
(878, '9616044TCY', '9616044TCY', '2019-09-03', 3165, 1, NULL, NULL, 0),
(879, '9617041TCY', '9617041TCY', '2019-09-03', 3166, 1, NULL, NULL, 0),
(880, '9716024TCY', '9716024TCY', '2019-09-03', 3167, 1, NULL, NULL, 0),
(881, '9716028TCY', '9716028TCY', '2019-09-03', 3168, 1, NULL, NULL, 0),
(882, '9716035TCY', '9716035TCY', '2019-09-03', 3169, 1, NULL, NULL, 0),
(883, '9817038TCY', '9817038TCY', '2019-09-03', 3170, 1, NULL, NULL, 0),
(884, '9817042TCY', '9817042TCY', '2019-09-03', 3171, 1, NULL, NULL, 0),
(885, '6487030JA', '6487030JA', '2019-09-03', 3172, 1, NULL, NULL, 0),
(886, '6586015K3', '6586015K3', '2019-09-03', 3173, 1, NULL, NULL, 0),
(887, '6686033JA', '6686033JA', '2019-09-03', 3174, 1, NULL, NULL, 0),
(888, '6993179JA', '6993179JA', '2019-09-03', 3175, 1, NULL, NULL, 0),
(889, '6994006K3', '6994006K3', '2019-09-03', 3176, 1, NULL, NULL, 0),
(890, '7192178K3', '7192178K3', '2019-09-03', 3177, 1, NULL, NULL, 0),
(891, '7194010K3', '7194010K3', '2019-09-03', 3178, 1, NULL, NULL, 0),
(892, '7293502K3', '7293502K3', '2019-09-03', 3179, 1, NULL, NULL, 0),
(893, '7294012K3', '7294012K3', '2019-09-03', 3180, 1, NULL, NULL, 0),
(894, '7294013K3', '7294013K3', '2019-09-03', 3181, 1, NULL, NULL, 0),
(895, '7393501K3', '7393501K3', '2019-09-03', 3182, 1, NULL, NULL, 0),
(896, '7394009K3', '7394009K3', '2019-09-03', 3183, 1, NULL, NULL, 0),
(897, '7394020P3B', '7394020P3B', '2019-09-03', 3184, 1, NULL, NULL, 0),
(898, '8508309P3B', '8508309P3B', '2019-09-03', 3185, 1, NULL, NULL, 0),
(899, '8708349P3B', '8708349P3B', '2019-09-03', 3186, 1, NULL, NULL, 0),
(900, '8808329P3B', '8808329P3B', '2019-09-03', 3187, 1, NULL, NULL, 0),
(901, '8908247P3B', '8908247P3B', '2019-09-03', 3188, 1, NULL, NULL, 0),
(902, '8909181P3B', '8909181P3B', '2019-09-03', 3189, 1, NULL, NULL, 0),
(903, '8909184P3B', '8909184P3B', '2019-09-03', 3190, 1, NULL, NULL, 0),
(904, '8909185P3B', '8909185P3B', '2019-09-03', 3191, 1, NULL, NULL, 0),
(905, '9009177P3B', '9009177P3B', '2019-09-03', 3192, 1, NULL, NULL, 0),
(906, '9009180P3B', '9009180P3B', '2019-09-03', 3193, 1, NULL, NULL, 0),
(907, '9015706ZY', '9015706ZY', '2019-09-03', 3194, 1, NULL, NULL, 0),
(908, '90171476ZY', '90171476ZY', '2019-09-03', 3195, 1, NULL, NULL, 0),
(909, '9110042P3B', '9110042P3B', '2019-09-03', 3196, 1, NULL, NULL, 0),
(910, '9214752ZY', '9214752ZY', '2019-09-03', 3197, 1, NULL, NULL, 0),
(911, '9413014P3Y', '9413014P3Y', '2019-09-03', 3198, 1, NULL, NULL, 0),
(912, '94171481ZY', '94171481ZY', '2019-09-03', 3199, 1, NULL, NULL, 0),
(913, '9515128P3Y', '9515128P3Y', '2019-09-03', 3200, 1, NULL, NULL, 0),
(914, '9515131P3Y', '9515131P3Y', '2019-09-03', 3201, 1, NULL, NULL, 0),
(915, '9516001TCY', '9516001TCY', '2019-09-03', 3202, 1, NULL, NULL, 0),
(916, '9516012TCY', '9516012TCY', '2019-09-03', 3203, 1, NULL, NULL, 0),
(917, '95171170ZY', '95171170ZY', '2019-09-03', 3204, 1, NULL, NULL, 0),
(918, '9518128ZY', '9518128ZY', '2019-09-03', 3205, 1, NULL, NULL, 0),
(919, '9616031TCY', '9616031TCY', '2019-09-03', 3206, 1, NULL, NULL, 0),
(920, '9616038TCY', '9616038TCY', '2019-09-03', 3207, 1, NULL, NULL, 0),
(921, '9616040TCY', '9616040TCY', '2019-09-03', 3208, 1, NULL, NULL, 0),
(922, '9616043TCY', '9616043TCY', '2019-09-03', 3209, 1, NULL, NULL, 0),
(923, '9617040TCY', '9617040TCY', '2019-09-03', 3210, 1, NULL, NULL, 0),
(924, '9716007TCY', '9716007TCY', '2019-09-03', 3211, 1, NULL, NULL, 0),
(925, '9717037TCY', '9717037TCY', '2019-09-03', 3212, 1, NULL, NULL, 0),
(926, '9717039TCY', '9717039TCY', '2019-09-03', 3213, 1, NULL, NULL, 0),
(927, '6385471K3', '6385471K3', '2019-09-03', 3214, 1, NULL, NULL, 0),
(928, '6387026JA', '6387026JA', '2019-09-03', 3215, 1, NULL, NULL, 0),
(929, '6485190K3', '6485190K3', '2019-09-03', 3216, 1, NULL, NULL, 0),
(930, '6485237JA', '6485237JA', '2019-09-03', 3217, 1, NULL, NULL, 0),
(931, '6485238JA', '6485238JA', '2019-09-03', 3218, 1, NULL, NULL, 0),
(932, '6586014K3', '6586014K3', '2019-09-03', 3219, 1, NULL, NULL, 0),
(933, '6792211JA', '6792211JA', '2019-09-03', 3220, 1, NULL, NULL, 0),
(934, '6792222K3', '6792222K3', '2019-09-03', 3221, 1, NULL, NULL, 0),
(935, '6891107JA', '6891107JA', '2019-09-03', 3222, 1, NULL, NULL, 0),
(936, '6891112JA', '6891112JA', '2019-09-03', 3223, 1, NULL, NULL, 0),
(937, '6992001JA', '6992001JA', '2019-09-03', 3224, 1, NULL, NULL, 0),
(938, '6993496K3', '6993496K3', '2019-09-03', 3225, 1, NULL, NULL, 0),
(939, '7091123JA', '7091123JA', '2019-09-03', 3226, 1, NULL, NULL, 0),
(940, '7191116JA', '7191116JA', '2019-09-03', 3227, 1, NULL, NULL, 0),
(941, '7193499K3', '7193499K3', '2019-09-03', 3228, 1, NULL, NULL, 0),
(942, '7394002K3', '7394002K3', '2019-09-03', 3229, 1, NULL, NULL, 0),
(943, '7394022P3B', '7394022P3B', '2019-09-03', 3230, 1, NULL, NULL, 0),
(944, '7594003K3', '7594003K3', '2019-09-03', 3231, 1, NULL, NULL, 0),
(945, '8404053P3B', '8404053P3B', '2019-09-03', 3232, 1, NULL, NULL, 0),
(946, '8408509Z', '8408509Z', '2019-09-03', 3233, 1, NULL, NULL, 0),
(947, '8608214P3B', '8608214P3B', '2019-09-03', 3234, 1, NULL, NULL, 0),
(948, '8610116Z', '8610116Z', '2019-09-03', 3235, 1, NULL, NULL, 0),
(949, '8708216P3B', '8708216P3B', '2019-09-03', 3236, 1, NULL, NULL, 0),
(950, '8708251P3B', '8708251P3B', '2019-09-03', 3237, 1, NULL, NULL, 0),
(951, '8711123Z', '8711123Z', '2019-09-03', 3238, 1, NULL, NULL, 0),
(952, '8808221P3B', '8808221P3B', '2019-09-03', 3239, 1, NULL, NULL, 0),
(953, '8809179P3B', '8809179P3B', '2019-09-03', 3240, 1, NULL, NULL, 0),
(954, '8811891Z', '8811891Z', '2019-09-03', 3241, 1, NULL, NULL, 0),
(955, '8908218P3B', '8908218P3B', '2019-09-03', 3242, 1, NULL, NULL, 0),
(956, '8908222P3B', '8908222P3B', '2019-09-03', 3243, 1, NULL, NULL, 0),
(957, '8908228P3B', '8908228P3B', '2019-09-03', 3244, 1, NULL, NULL, 0),
(958, '8910047P3B', '8910047P3B', '2019-09-03', 3245, 1, NULL, NULL, 0),
(959, '9009182P3B', '9009182P3B', '2019-09-03', 3246, 1, NULL, NULL, 0),
(960, '9009183P3B', '9009183P3B', '2019-09-03', 3247, 1, NULL, NULL, 0),
(961, '90171477ZY', '90171477ZY', '2019-09-03', 3248, 1, NULL, NULL, 0),
(962, '9112019P3Y', '9112019P3Y', '2019-09-03', 3249, 1, NULL, NULL, 0),
(963, '9112022P3Y', '9112022P3Y', '2019-09-03', 3250, 1, NULL, NULL, 0),
(964, '9114904ZY', '9114904ZY', '2019-09-03', 3251, 1, NULL, NULL, 0),
(965, '91171892ZY', '91171892ZY', '2019-09-03', 3252, 1, NULL, NULL, 0),
(966, '91171893ZY', '91171893ZY', '2019-09-03', 3253, 1, NULL, NULL, 0),
(967, '9215239ZY', '9215239ZY', '2019-09-03', 3254, 1, NULL, NULL, 0),
(968, '9215900ZY', '9215900ZY', '2019-09-03', 3255, 1, NULL, NULL, 0),
(969, '9216904ZY', '9216904ZY', '2019-09-03', 3256, 1, NULL, NULL, 0),
(970, '9217164ZY', '9217164ZY', '2019-09-03', 3257, 1, NULL, NULL, 0),
(971, '9312036P3Y', '9312036P3Y', '2019-09-03', 3258, 1, NULL, NULL, 0),
(972, '9417541ZY', '9417541ZY', '2019-09-03', 3259, 1, NULL, NULL, 0),
(973, '94171478ZY', '94171478ZY', '2019-09-03', 3260, 1, NULL, NULL, 0),
(974, '9515005P3Y', '9515005P3Y', '2019-09-03', 3261, 1, NULL, NULL, 0),
(975, '9517552ZY', '9517552ZY', '2019-09-03', 3262, 1, NULL, NULL, 0),
(976, '9518435ZY', '9518435ZY', '2019-09-03', 3263, 1, NULL, NULL, 0),
(977, '9616047TCY', '9616047TCY', '2019-09-03', 3264, 1, NULL, NULL, 0),
(978, '96171904ZY', '96171904ZY', '2019-09-03', 3265, 1, NULL, NULL, 0),
(979, '9617079TCY', '9617079TCY', '2019-09-03', 3266, 1, NULL, NULL, 0),
(980, '9618874ZY', '9618874ZY', '2019-09-03', 3267, 1, NULL, NULL, 0),
(981, '9717035TCY', '9717035TCY', '2019-09-03', 3268, 1, NULL, NULL, 0),
(982, '9717036TCY', '9717036TCY', '2019-09-03', 3269, 1, NULL, NULL, 0),
(983, '9717085TCY', '9717085TCY', '2019-09-03', 3270, 1, NULL, NULL, 0),
(984, '9817078TCY', '9817078TCY', '2019-09-03', 3271, 1, NULL, NULL, 0),
(985, '9817080TCY', '9817080TCY', '2019-09-03', 3272, 1, NULL, NULL, 0),
(986, '9817082TCY', '9817082TCY', '2019-09-03', 3273, 1, NULL, NULL, 0),
(987, '9917084TCY', '9917084TCY', '2019-09-03', 3274, 1, NULL, NULL, 0),
(988, '6892302JA', '6892302JA', '2019-09-03', 3275, 1, NULL, NULL, 0),
(989, '6892339JA', '6892339JA', '2019-09-03', 3276, 1, NULL, NULL, 0),
(990, '6991007JA', '6991007JA', '2019-09-03', 3277, 1, NULL, NULL, 0),
(991, '6991108JA', '6991108JA', '2019-09-03', 3278, 1, NULL, NULL, 0),
(992, '6992319JA', '6992319JA', '2019-09-03', 3279, 1, NULL, NULL, 0),
(993, '7091093JA', '7091093JA', '2019-09-03', 3280, 1, NULL, NULL, 0),
(994, '7192135JA', '7192135JA', '2019-09-03', 3281, 1, NULL, NULL, 0),
(995, '7194004K3', '7194004K3', '2019-09-03', 3282, 1, NULL, NULL, 0),
(996, '7293182JA', '7293182JA', '2019-09-03', 3283, 1, NULL, NULL, 0),
(997, '8508006CLG', '8508006CLG', '2019-09-03', 3284, 1, NULL, NULL, 0),
(998, '8608215P3B', '8608215P3B', '2019-09-03', 3285, 1, NULL, NULL, 0),
(999, '8608232P3B', '8608232P3B', '2019-09-03', 3286, 1, NULL, NULL, 0),
(1000, '8609158P3B', '8609158P3B', '2019-09-03', 3287, 1, NULL, NULL, 0),
(1001, '8710931Z', '8710931Z', '2019-09-03', 3288, 1, NULL, NULL, 0),
(1002, '8908234P3B', '8908234P3B', '2019-09-03', 3289, 1, NULL, NULL, 0),
(1003, '8908236P3B', '8908236P3B', '2019-09-03', 3290, 1, NULL, NULL, 0),
(1004, '8908239P3B', '8908239P3B', '2019-09-03', 3291, 1, NULL, NULL, 0),
(1005, '8908240P3B', '8908240P3B', '2019-09-03', 3292, 1, NULL, NULL, 0),
(1006, '8909159P3B', '8909159P3B', '2019-09-03', 3293, 1, NULL, NULL, 0),
(1007, '9008238P3B', '9008238P3B', '2019-09-03', 3294, 1, NULL, NULL, 0),
(1008, '9009151P3B', '9009151P3B', '2019-09-03', 3295, 1, NULL, NULL, 0),
(1009, '9009161P3B', '9009161P3B', '2019-09-03', 3296, 1, NULL, NULL, 0),
(1010, '91151489ZY', '91151489ZY', '2019-09-03', 3297, 1, NULL, NULL, 0),
(1011, '9217167ZY', '9217167ZY', '2019-09-03', 3298, 1, NULL, NULL, 0),
(1012, '9318123ZY', '9318123ZY', '2019-09-03', 3299, 1, NULL, NULL, 0),
(1013, '9418432ZY', '9418432ZY', '2019-09-03', 3300, 1, NULL, NULL, 0),
(1014, '9418434ZY', '9418434ZY', '2019-09-03', 3301, 1, NULL, NULL, 0),
(1015, '9418870ZY', '9418870ZY', '2019-09-03', 3302, 1, NULL, NULL, 0),
(1016, '9419334ZY', '9419334ZY', '2019-09-03', 3303, 1, NULL, NULL, 0),
(1017, '9419335ZY', '9419335ZY', '2019-09-03', 3304, 1, NULL, NULL, 0),
(1018, '9419336ZY', '9419336ZY', '2019-09-03', 3305, 1, NULL, NULL, 0),
(1019, '95171485ZY', '95171485ZY', '2019-09-03', 3306, 1, NULL, NULL, 0),
(1020, '9519343ZY', '9519343ZY', '2019-09-03', 3307, 1, NULL, NULL, 0),
(1021, '9616052TCY', '9616052TCY', '2019-09-03', 3308, 1, NULL, NULL, 0),
(1022, '9716020TCY', '9716020TCY', '2019-09-03', 3309, 1, NULL, NULL, 0),
(1023, '9716026TCY', '9716026TCY', '2019-09-03', 3310, 1, NULL, NULL, 0),
(1024, '9716029TCY', '9716029TCY', '2019-09-03', 3311, 1, NULL, NULL, 0),
(1025, '9717047TCY', '9717047TCY', '2019-09-03', 3312, 1, NULL, NULL, 0),
(1026, '9817049TCY', '9817049TCY', '2019-09-03', 3313, 1, NULL, NULL, 0),
(1027, '9817050TCY', '9817050TCY', '2019-09-03', 3314, 1, NULL, NULL, 0),
(1028, '9817055TCY', '9817055TCY', '2019-09-03', 3315, 1, NULL, NULL, 0),
(1029, '6387036K3', '6387036K3', '2019-09-03', 3316, 1, NULL, NULL, 0),
(1030, '6388030JA', '6388030JA', '2019-09-03', 3317, 1, NULL, NULL, 0),
(1031, '6591103JA', '6591103JA', '2019-09-03', 3318, 1, NULL, NULL, 0),
(1032, '6791096JA', '6791096JA', '2019-09-03', 3319, 1, NULL, NULL, 0),
(1033, '6892142JA', '6892142JA', '2019-09-03', 3320, 1, NULL, NULL, 0),
(1034, '6992213JA', '6992213JA', '2019-09-03', 3321, 1, NULL, NULL, 0),
(1035, '7091095JA', '7091095JA', '2019-09-03', 3322, 1, NULL, NULL, 0),
(1036, '7192150JA', '7192150JA', '2019-09-03', 3323, 1, NULL, NULL, 0),
(1037, '7192303JA', '7192303JA', '2019-09-03', 3324, 1, NULL, NULL, 0),
(1038, '7493510K3', '7493510K3', '2019-09-03', 3325, 1, NULL, NULL, 0),
(1039, '8508244P3B', '8508244P3B', '2019-09-03', 3326, 1, NULL, NULL, 0),
(1040, '8609157P3B', '8609157P3B', '2019-09-03', 3327, 1, NULL, NULL, 0),
(1041, '8708231P3B', '8708231P3B', '2019-09-03', 3328, 1, NULL, NULL, 0),
(1042, '8708245P3B', '8708245P3B', '2019-09-03', 3329, 1, NULL, NULL, 0),
(1043, '8809153P3B', '8809153P3B', '2019-09-03', 3330, 1, NULL, NULL, 0),
(1044, '8908235P3B', '8908235P3B', '2019-09-03', 3331, 1, NULL, NULL, 0),
(1045, '8908246P3B', '8908246P3B', '2019-09-03', 3332, 1, NULL, NULL, 0),
(1046, '8909150P3B', '8909150P3B', '2019-09-03', 3333, 1, NULL, NULL, 0),
(1047, '8909152P3B', '8909152P3B', '2019-09-03', 3334, 1, NULL, NULL, 0),
(1048, '9009149P3B', '9009149P3B', '2019-09-03', 3335, 1, NULL, NULL, 0),
(1049, '9009154P3B', '9009154P3B', '2019-09-03', 3336, 1, NULL, NULL, 0),
(1050, '9009155P3B', '9009155P3B', '2019-09-03', 3337, 1, NULL, NULL, 0),
(1051, '90151130ZY', '90151130ZY', '2019-09-03', 3338, 1, NULL, NULL, 0),
(1052, '9115832ZY', '9115832ZY', '2019-09-03', 3339, 1, NULL, NULL, 0),
(1053, '92163639ZY', '92163639ZY', '2019-09-03', 3340, 1, NULL, NULL, 0),
(1054, '9217166ZY', '9217166ZY', '2019-09-03', 3341, 1, NULL, NULL, 0),
(1055, '93162671ZY', '93162671ZY', '2019-09-03', 3342, 1, NULL, NULL, 0),
(1056, '9318430ZY', '9318430ZY', '2019-09-03', 3343, 1, NULL, NULL, 0),
(1057, '9414019P3Y', '9414019P3Y', '2019-09-03', 3344, 1, NULL, NULL, 0),
(1058, '9417174ZY', '9417174ZY', '2019-09-03', 3345, 1, NULL, NULL, 0),
(1059, '9418433ZY', '9418433ZY', '2019-09-03', 3346, 1, NULL, NULL, 0),
(1060, '9516006TCY', '9516006TCY', '2019-09-03', 3347, 1, NULL, NULL, 0),
(1061, '95171484ZY', '95171484ZY', '2019-09-03', 3348, 1, NULL, NULL, 0),
(1062, '95171174ZY', '95171174ZY', '2019-09-03', 3349, 1, NULL, NULL, 0),
(1063, '9518125ZY', '9518125ZY', '2019-09-03', 3350, 1, NULL, NULL, 0),
(1064, '9518872ZY', '9518872ZY', '2019-09-03', 3351, 1, NULL, NULL, 0),
(1065, '9519338ZY', '9519338ZY', '2019-09-03', 3352, 1, NULL, NULL, 0),
(1066, '9519341ZY', '9519341ZY', '2019-09-03', 3353, 1, NULL, NULL, 0),
(1067, '9616001TCY', '9616001TCY', '2019-09-03', 3354, 1, NULL, NULL, 0),
(1068, '9616004TCY', '9616004TCY', '2019-09-03', 3355, 1, NULL, NULL, 0),
(1069, '9616006TCY', '9616006TCY', '2019-09-03', 3356, 1, NULL, NULL, 0),
(1070, '9616024TCY', '9616024TCY', '2019-09-03', 3357, 1, NULL, NULL, 0),
(1071, '9617046TCY', '9617046TCY', '2019-09-03', 3358, 1, NULL, NULL, 0),
(1072, '9716002TCY', '9716002TCY', '2019-09-03', 3359, 1, NULL, NULL, 0),
(1073, '9716013TCY', '9716013TCY', '2019-09-03', 3360, 1, NULL, NULL, 0),
(1074, '9716015TCY', '9716015TCY', '2019-09-03', 3361, 1, NULL, NULL, 0),
(1075, '6385118JA', '6385118JA', '2019-09-03', 3362, 1, NULL, NULL, 0),
(1076, '6483236JA', '6483236JA', '2019-09-03', 3363, 1, NULL, NULL, 0),
(1077, '6484099JA', '6484099JA', '2019-09-03', 3364, 1, NULL, NULL, 0),
(1078, '6485105JA', '6485105JA', '2019-09-03', 3365, 1, NULL, NULL, 0),
(1079, '6485106JA', '6485106JA', '2019-09-03', 3366, 1, NULL, NULL, 0),
(1080, '6485107JA', '6485107JA', '2019-09-03', 3367, 1, NULL, NULL, 0),
(1081, '6486007JA', '6486007JA', '2019-09-03', 3368, 1, NULL, NULL, 0),
(1082, '6488079K3', '6488079K3', '2019-09-03', 3369, 1, NULL, NULL, 0),
(1083, '6585109JA', '6585109JA', '2019-09-03', 3370, 1, NULL, NULL, 0),
(1084, '6585115JA', '6585115JA', '2019-09-03', 3371, 1, NULL, NULL, 0),
(1085, '6591041P', '6591041P', '2019-09-03', 3372, 1, NULL, NULL, 0),
(1086, '6688035JA', '6688035JA', '2019-09-03', 3373, 1, NULL, NULL, 0),
(1087, '6691084JA', '6691084JA', '2019-09-03', 3374, 1, NULL, NULL, 0),
(1088, '6788036JA', '6788036JA', '2019-09-03', 3375, 1, NULL, NULL, 0),
(1089, '6891082JA', '6891082JA', '2019-09-03', 3376, 1, NULL, NULL, 0),
(1090, '6892145JA', '6892145JA', '2019-09-03', 3377, 1, NULL, NULL, 0),
(1091, '6892308JA', '6892308JA', '2019-09-03', 3378, 1, NULL, NULL, 0),
(1092, '7088052K3', '7088052K3', '2019-09-03', 3379, 1, NULL, NULL, 0),
(1093, '7091009JA', '7091009JA', '2019-09-03', 3380, 1, NULL, NULL, 0),
(1094, '7192132JA', '7192132JA', '2019-09-03', 3381, 1, NULL, NULL, 0),
(1095, '7192143JA', '7192143JA', '2019-09-03', 3382, 1, NULL, NULL, 0),
(1096, '7192314JA', '7192314JA', '2019-09-03', 3383, 1, NULL, NULL, 0),
(1097, '7192316JA', '7192316JA', '2019-09-03', 3384, 1, NULL, NULL, 0),
(1098, '7392313JA', '7392313JA', '2019-09-03', 3385, 1, NULL, NULL, 0),
(1099, '7493170JA', '7493170JA', '2019-09-03', 3386, 1, NULL, NULL, 0),
(1100, '8005008PBS', '8005008PBS', '2019-09-03', 3387, 1, NULL, NULL, 0),
(1101, '8404048P3B', '8404048P3B', '2019-09-03', 3388, 1, NULL, NULL, 0),
(1102, '8404052P3B', '8404052P3B', '2019-09-03', 3389, 1, NULL, NULL, 0),
(1103, '8408355Z', '8408355Z', '2019-09-03', 3390, 1, NULL, NULL, 0),
(1104, '8509294Z', '8509294Z', '2019-09-03', 3391, 1, NULL, NULL, 0),
(1105, '8511075Z', '8511075Z', '2019-09-03', 3392, 1, NULL, NULL, 0),
(1106, '8608209P3B', '8608209P3B', '2019-09-03', 3393, 1, NULL, NULL, 0),
(1107, '8610316Z', '8610316Z', '2019-09-03', 3394, 1, NULL, NULL, 0),
(1108, '8611978Z', '8611978Z', '2019-09-03', 3395, 1, NULL, NULL, 0),
(1109, '86111510Z', '86111510Z', '2019-09-03', 3396, 1, NULL, NULL, 0),
(1110, '8611279Z', '8611279Z', '2019-09-03', 3397, 1, NULL, NULL, 0),
(1111, '87111094Z', '87111094Z', '2019-09-03', 3398, 1, NULL, NULL, 0),
(1112, '8808229P3B', '8808229P3B', '2019-09-03', 3399, 1, NULL, NULL, 0),
(1113, '8815658ZY', '8815658ZY', '2019-09-03', 3400, 1, NULL, NULL, 0),
(1114, '8908249P3B', '8908249P3B', '2019-09-03', 3401, 1, NULL, NULL, 0),
(1115, '8909174P3B', '8909174P3B', '2019-09-03', 3402, 1, NULL, NULL, 0),
(1116, '90162355ZY', '90162355ZY', '2019-09-03', 3403, 1, NULL, NULL, 0),
(1117, '9114268ZY', '9114268ZY', '2019-09-03', 3404, 1, NULL, NULL, 0),
(1118, '9116863ZY', '9116863ZY', '2019-09-03', 3405, 1, NULL, NULL, 0),
(1119, '9212024P3Y', '9212024P3Y', '2019-09-03', 3406, 1, NULL, NULL, 0),
(1120, '9212028P3Y', '9212028P3Y', '2019-09-03', 3407, 1, NULL, NULL, 0),
(1121, '9212029P3Y', '9212029P3Y', '2019-09-03', 3408, 1, NULL, NULL, 0),
(1122, '9212032P3Y', '9212032P3Y', '2019-09-03', 3409, 1, NULL, NULL, 0),
(1123, '9312034P3Y', '9312034P3Y', '2019-09-03', 3410, 1, NULL, NULL, 0),
(1124, '9316322ZY', '9316322ZY', '2019-09-03', 3411, 1, NULL, NULL, 0),
(1125, '93161873ZY', '93161873ZY', '2019-09-03', 3412, 1, NULL, NULL, 0),
(1126, '9317539ZY', '9317539ZY', '2019-09-03', 3413, 1, NULL, NULL, 0),
(1127, '93171896ZY', '93171896ZY', '2019-09-03', 3414, 1, NULL, NULL, 0),
(1128, '9414004P3Y', '9414004P3Y', '2019-09-03', 3415, 1, NULL, NULL, 0),
(1129, '9417545ZY', '9417545ZY', '2019-09-03', 3416, 1, NULL, NULL, 0),
(1130, '9419337ZY', '9419337ZY', '2019-09-03', 3417, 1, NULL, NULL, 0),
(1131, '9419527ZY', '9419527ZY', '2019-09-03', 3418, 1, NULL, NULL, 0),
(1132, '9419528ZY', '9419528ZY', '2019-09-03', 3419, 1, NULL, NULL, 0),
(1133, '9518438ZY', '9518438ZY', '2019-09-03', 3420, 1, NULL, NULL, 0),
(1134, '9519531ZY', '9519531ZY', '2019-09-03', 3421, 1, NULL, NULL, 0),
(1135, '9616048TCY', '9616048TCY', '2019-09-03', 3422, 1, NULL, NULL, 0),
(1136, '9617060TCY', '9617060TCY', '2019-09-03', 3423, 1, NULL, NULL, 0),
(1137, '9617063TCY', '9617063TCY', '2019-09-03', 3424, 1, NULL, NULL, 0),
(1138, '9618883ZY', '9618883ZY', '2019-09-03', 3425, 1, NULL, NULL, 0),
(1139, '9716027TCY', '9716027TCY', '2019-09-03', 3426, 1, NULL, NULL, 0),
(1140, '9717044TCY', '9717044TCY', '2019-09-03', 3427, 1, NULL, NULL, 0),
(1141, '9717045TCY', '9717045TCY', '2019-09-03', 3428, 1, NULL, NULL, 0),
(1142, '9717056TCY', '9717056TCY', '2019-09-03', 3429, 1, NULL, NULL, 0),
(1143, '9816002TCY', '9816002TCY', '2019-09-03', 3430, 1, NULL, NULL, 0),
(1144, '9817043TCY', '9817043TCY', '2019-09-03', 3431, 1, NULL, NULL, 0),
(1145, '9817057TCY', '9817057TCY', '2019-09-03', 3432, 1, NULL, NULL, 0),
(1146, '9817064TCY', '9817064TCY', '2019-09-03', 3433, 1, NULL, NULL, 0),
(1147, '9817065TCY', '9817065TCY', '2019-09-03', 3434, 1, NULL, NULL, 0);

-- --------------------------------------------------------

--
-- Table structure for table `user_access_room`
--

CREATE TABLE `user_access_room` (
  `id` int(11) NOT NULL,
  `user` int(11) NOT NULL,
  `room_body` int(11) NOT NULL,
  `access_category` int(11) NOT NULL,
  `createddate` date DEFAULT NULL,
  `createdby` int(11) DEFAULT NULL,
  `updateddate` datetime DEFAULT NULL,
  `updatedby` int(11) DEFAULT NULL,
  `deleted` int(11) DEFAULT '0'
) ENGINE=InnoDB DEFAULT CHARSET=latin1;

-- --------------------------------------------------------

--
-- Table structure for table `work_plan`
--

CREATE TABLE `work_plan` (
  `id` int(11) NOT NULL,
  `title` text,
  `tanggal_buat` date DEFAULT NULL,
  `createddate` date DEFAULT NULL,
  `createdby` int(11) DEFAULT NULL,
  `updateddate` datetime DEFAULT NULL,
  `updatedby` int(11) DEFAULT NULL,
  `deleted` int(11) DEFAULT '0'
) ENGINE=InnoDB DEFAULT CHARSET=latin1;

--
-- Dumping data for table `work_plan`
--

INSERT INTO `work_plan` (`id`, `title`, `tanggal_buat`, `createddate`, `createdby`, `updateddate`, `updatedby`, `deleted`) VALUES
(13, 'Workplan 1', '2019-09-22', '2019-09-22', 1, '2019-09-22 14:30:24', 1, 0),
(14, 'Workplan 2', '2019-09-22', '2019-09-22', 1, NULL, NULL, 0);

-- --------------------------------------------------------

--
-- Table structure for table `work_plan_item`
--

CREATE TABLE `work_plan_item` (
  `id` int(11) NOT NULL,
  `user` int(11) NOT NULL,
  `title` varchar(255) DEFAULT NULL,
  `keterangan` varchar(255) DEFAULT NULL,
  `tanggal` date DEFAULT NULL,
  `work_plan` int(11) NOT NULL,
  `createddate` date DEFAULT NULL,
  `createdby` int(11) DEFAULT NULL,
  `updateddate` datetime DEFAULT NULL,
  `updatedby` int(11) DEFAULT NULL,
  `deleted` int(11) DEFAULT '0'
) ENGINE=InnoDB DEFAULT CHARSET=latin1;

--
-- Dumping data for table `work_plan_item`
--

INSERT INTO `work_plan_item` (`id`, `user`, `title`, `keterangan`, `tanggal`, `work_plan`, `createddate`, `createdby`, `updateddate`, `updatedby`, `deleted`) VALUES
(15, 4, 'Item 2', NULL, '2019-09-07', 13, '2019-09-22', 1, NULL, NULL, 0),
(16, 2, 'Item 3', NULL, '2019-09-21', 13, '2019-09-22', 1, NULL, NULL, 0),
(17, 4, 'Coba 1', NULL, '2019-09-02', 14, '2019-09-22', 1, NULL, NULL, 0),
(18, 11, 'Coba 2', NULL, '2019-10-17', 14, '2019-09-22', 1, NULL, NULL, 0);

-- --------------------------------------------------------

--
-- Table structure for table `work_plan_item_timeline`
--

CREATE TABLE `work_plan_item_timeline` (
  `id` int(11) NOT NULL,
  `work_plan_item` int(11) NOT NULL,
  `bulan` varchar(45) DEFAULT NULL,
  `createddate` date DEFAULT NULL,
  `createdby` int(11) DEFAULT NULL,
  `updateddate` datetime DEFAULT NULL,
  `updatedby` int(11) DEFAULT NULL,
  `deleted` int(11) DEFAULT '0'
) ENGINE=InnoDB DEFAULT CHARSET=latin1;

--
-- Dumping data for table `work_plan_item_timeline`
--

INSERT INTO `work_plan_item_timeline` (`id`, `work_plan_item`, `bulan`, `createddate`, `createdby`, `updateddate`, `updatedby`, `deleted`) VALUES
(15, 15, '4', '2019-09-22', 1, NULL, NULL, 0),
(16, 15, '5', '2019-09-22', 1, NULL, NULL, 0),
(17, 16, '4', '2019-09-22', 1, NULL, NULL, 0),
(18, 16, '5', '2019-09-22', 1, NULL, NULL, 0),
(19, 17, '9', '2019-09-22', 1, NULL, NULL, 0),
(20, 17, '10', '2019-09-22', 1, NULL, NULL, 0),
(21, 18, '9', '2019-09-22', 1, NULL, NULL, 0),
(22, 18, '10', '2019-09-22', 1, NULL, NULL, 0);

-- --------------------------------------------------------

--
-- Table structure for table `work_plan_item_timeline_day`
--

CREATE TABLE `work_plan_item_timeline_day` (
  `id` int(11) NOT NULL,
  `work_plan_item_timeline` int(11) NOT NULL,
  `tanggal` date DEFAULT NULL,
  `plan` varchar(45) DEFAULT NULL,
  `week` int(11) DEFAULT NULL,
  `createddate` date DEFAULT NULL,
  `createdby` int(11) DEFAULT NULL,
  `updateddate` datetime DEFAULT NULL,
  `updatedby` int(11) DEFAULT NULL,
  `deleted` int(11) DEFAULT '0'
) ENGINE=InnoDB DEFAULT CHARSET=latin1;

--
-- Dumping data for table `work_plan_item_timeline_day`
--

INSERT INTO `work_plan_item_timeline_day` (`id`, `work_plan_item_timeline`, `tanggal`, `plan`, `week`, `createddate`, `createdby`, `updateddate`, `updatedby`, `deleted`) VALUES
(33, 15, NULL, 'plan', 1, '2019-09-22', 1, '2019-09-22 14:23:32', 1, 0),
(34, 15, NULL, 'plan', 2, '2019-09-22', 1, NULL, NULL, 0),
(35, 15, '2019-08-18', 'plan', 3, '2019-09-22', 1, '2019-09-22 14:27:58', 1, 0),
(36, 15, NULL, 'plan', 4, '2019-09-22', 1, NULL, NULL, 0),
(37, 15, NULL, 'real', 1, '2019-09-22', 1, NULL, NULL, 0),
(38, 15, '2019-08-25', 'real', 2, '2019-09-22', 1, '2019-09-22 14:28:05', 1, 0),
(39, 15, NULL, 'real', 3, '2019-09-22', 1, NULL, NULL, 0),
(40, 15, NULL, 'real', 4, '2019-09-22', 1, NULL, NULL, 0),
(41, 16, NULL, 'plan', 1, '2019-09-22', 1, NULL, NULL, 0),
(42, 16, NULL, 'plan', 2, '2019-09-22', 1, NULL, NULL, 0),
(43, 16, '2019-08-24', 'plan', 3, '2019-09-22', 1, '2019-09-22 14:28:13', 1, 0),
(44, 16, NULL, 'plan', 4, '2019-09-22', 1, NULL, NULL, 0),
(45, 16, NULL, 'real', 1, '2019-09-22', 1, NULL, NULL, 0),
(46, 16, NULL, 'real', 2, '2019-09-22', 1, NULL, NULL, 0),
(47, 16, '2019-08-16', 'real', 3, '2019-09-22', 1, '2019-09-22 14:28:17', 1, 0),
(48, 16, NULL, 'real', 4, '2019-09-22', 1, NULL, NULL, 0),
(49, 17, NULL, 'plan', 1, '2019-09-22', 1, NULL, NULL, 0),
(50, 17, '2019-08-11', 'plan', 2, '2019-09-22', 1, '2019-09-22 14:28:34', 1, 0),
(51, 17, NULL, 'plan', 3, '2019-09-22', 1, NULL, NULL, 0),
(52, 17, NULL, 'plan', 4, '2019-09-22', 1, NULL, NULL, 0),
(53, 17, NULL, 'real', 1, '2019-09-22', 1, NULL, NULL, 0),
(54, 17, '2019-08-25', 'real', 2, '2019-09-22', 1, '2019-09-22 14:28:29', 1, 0),
(55, 17, NULL, 'real', 3, '2019-09-22', 1, NULL, NULL, 0),
(56, 17, NULL, 'real', 4, '2019-09-22', 1, NULL, NULL, 0),
(57, 18, NULL, 'plan', 1, '2019-09-22', 1, NULL, NULL, 0),
(58, 18, '2019-08-20', 'plan', 2, '2019-09-22', 1, '2019-09-22 14:28:41', 1, 0),
(59, 18, NULL, 'plan', 3, '2019-09-22', 1, NULL, NULL, 0),
(60, 18, NULL, 'plan', 4, '2019-09-22', 1, NULL, NULL, 0),
(61, 18, NULL, 'real', 1, '2019-09-22', 1, NULL, NULL, 0),
(62, 18, '2019-08-17', 'real', 2, '2019-09-22', 1, '2019-09-22 14:28:43', 1, 0),
(63, 18, NULL, 'real', 3, '2019-09-22', 1, NULL, NULL, 0),
(64, 18, NULL, 'real', 4, '2019-09-22', 1, NULL, NULL, 0),
(65, 19, NULL, 'plan', 1, '2019-09-22', 1, NULL, NULL, 0),
(66, 19, NULL, 'plan', 2, '2019-09-22', 1, NULL, NULL, 0),
(67, 19, NULL, 'plan', 3, '2019-09-22', 1, NULL, NULL, 0),
(68, 19, NULL, 'plan', 4, '2019-09-22', 1, NULL, NULL, 0),
(69, 19, NULL, 'real', 1, '2019-09-22', 1, NULL, NULL, 0),
(70, 19, NULL, 'real', 2, '2019-09-22', 1, NULL, NULL, 0),
(71, 19, NULL, 'real', 3, '2019-09-22', 1, NULL, NULL, 0),
(72, 19, NULL, 'real', 4, '2019-09-22', 1, NULL, NULL, 0),
(73, 20, NULL, 'plan', 1, '2019-09-22', 1, NULL, NULL, 0),
(74, 20, NULL, 'plan', 2, '2019-09-22', 1, NULL, NULL, 0),
(75, 20, NULL, 'plan', 3, '2019-09-22', 1, NULL, NULL, 0),
(76, 20, NULL, 'plan', 4, '2019-09-22', 1, NULL, NULL, 0),
(77, 20, NULL, 'real', 1, '2019-09-22', 1, NULL, NULL, 0),
(78, 20, NULL, 'real', 2, '2019-09-22', 1, NULL, NULL, 0),
(79, 20, NULL, 'real', 3, '2019-09-22', 1, NULL, NULL, 0),
(80, 20, NULL, 'real', 4, '2019-09-22', 1, NULL, NULL, 0),
(81, 21, NULL, 'plan', 1, '2019-09-22', 1, NULL, NULL, 0),
(82, 21, NULL, 'plan', 2, '2019-09-22', 1, NULL, NULL, 0),
(83, 21, NULL, 'plan', 3, '2019-09-22', 1, NULL, NULL, 0),
(84, 21, NULL, 'plan', 4, '2019-09-22', 1, NULL, NULL, 0),
(85, 21, NULL, 'real', 1, '2019-09-22', 1, NULL, NULL, 0),
(86, 21, NULL, 'real', 2, '2019-09-22', 1, NULL, NULL, 0),
(87, 21, NULL, 'real', 3, '2019-09-22', 1, NULL, NULL, 0),
(88, 21, NULL, 'real', 4, '2019-09-22', 1, NULL, NULL, 0),
(89, 22, NULL, 'plan', 1, '2019-09-22', 1, NULL, NULL, 0),
(90, 22, NULL, 'plan', 2, '2019-09-22', 1, NULL, NULL, 0),
(91, 22, NULL, 'plan', 3, '2019-09-22', 1, NULL, NULL, 0),
(92, 22, NULL, 'plan', 4, '2019-09-22', 1, NULL, NULL, 0),
(93, 22, NULL, 'real', 1, '2019-09-22', 1, NULL, NULL, 0),
(94, 22, NULL, 'real', 2, '2019-09-22', 1, NULL, NULL, 0),
(95, 22, NULL, 'real', 3, '2019-09-22', 1, NULL, NULL, 0),
(96, 22, NULL, 'real', 4, '2019-09-22', 1, NULL, NULL, 0);

-- --------------------------------------------------------

--
-- Table structure for table `work_plan_permission`
--

CREATE TABLE `work_plan_permission` (
  `id` int(11) NOT NULL,
  `user` int(11) NOT NULL,
  `createddate` date DEFAULT NULL,
  `createdby` int(11) DEFAULT NULL,
  `updateddate` datetime DEFAULT NULL,
  `updatedby` int(11) DEFAULT NULL,
  `deleted` int(11) DEFAULT '0'
) ENGINE=InnoDB DEFAULT CHARSET=latin1;

-- --------------------------------------------------------

--
-- Table structure for table `work_plan_status`
--

CREATE TABLE `work_plan_status` (
  `id` int(11) NOT NULL,
  `status` varchar(45) DEFAULT NULL COMMENT 'CLOSE\nOPEN',
  `work_plan` int(11) NOT NULL,
  `createddate` date DEFAULT NULL,
  `createdby` int(11) DEFAULT NULL,
  `updateddate` datetime DEFAULT NULL,
  `updatedby` int(11) DEFAULT NULL,
  `deleted` int(11) DEFAULT '0'
) ENGINE=InnoDB DEFAULT CHARSET=latin1;

--
-- Dumping data for table `work_plan_status`
--

INSERT INTO `work_plan_status` (`id`, `status`, `work_plan`, `createddate`, `createdby`, `updateddate`, `updatedby`, `deleted`) VALUES
(3, 'OPEN', 13, '2019-09-22', 1, NULL, NULL, 0),
(4, 'OPEN', 14, '2019-09-22', 1, NULL, NULL, 0);

--
-- Indexes for dumped tables
--

--
-- Indexes for table `access_category`
--
ALTER TABLE `access_category`
  ADD PRIMARY KEY (`id`);

--
-- Indexes for table `dokumen_detail_form_body_input`
--
ALTER TABLE `dokumen_detail_form_body_input`
  ADD PRIMARY KEY (`id`,`dokumen_room_body_form`),
  ADD KEY `fk_dokumen_detail_form_body_input_dokumen_room_body_form1_idx` (`dokumen_room_body_form`);

--
-- Indexes for table `dokumen_room_body_form`
--
ALTER TABLE `dokumen_room_body_form`
  ADD PRIMARY KEY (`id`,`room_body`),
  ADD KEY `fk_dokumen_room_body_form_room_body1_idx` (`room_body`);

--
-- Indexes for table `feature`
--
ALTER TABLE `feature`
  ADD PRIMARY KEY (`id`);

--
-- Indexes for table `feature_set`
--
ALTER TABLE `feature_set`
  ADD PRIMARY KEY (`id`,`feature`,`user`),
  ADD KEY `fk_feature_set_feature1_idx` (`feature`),
  ADD KEY `fk_feature_set_user1_idx` (`user`);

--
-- Indexes for table `gardu_induk`
--
ALTER TABLE `gardu_induk`
  ADD PRIMARY KEY (`id`,`ultg`),
  ADD KEY `fk_gardu_induk_ultg1_idx` (`ultg`);

--
-- Indexes for table `jabatan`
--
ALTER TABLE `jabatan`
  ADD PRIMARY KEY (`id`);

--
-- Indexes for table `jabatan_header`
--
ALTER TABLE `jabatan_header`
  ADD PRIMARY KEY (`id`);

--
-- Indexes for table `jabatan_struktur`
--
ALTER TABLE `jabatan_struktur`
  ADD PRIMARY KEY (`id`,`pegawai`,`jabatan_header`),
  ADD KEY `fk_jabatan_struktur_jabatan_header1_idx` (`jabatan_header`),
  ADD KEY `fk_jabatan_struktur_pegawai1_idx` (`pegawai`);

--
-- Indexes for table `jenis_job`
--
ALTER TABLE `jenis_job`
  ADD PRIMARY KEY (`id`);

--
-- Indexes for table `job_desk_status`
--
ALTER TABLE `job_desk_status`
  ADD PRIMARY KEY (`id`,`pegawai_job_desk`),
  ADD KEY `fk_job_desk_status_pegawai_job_desk1_idx` (`pegawai_job_desk`);

--
-- Indexes for table `job_from_parent`
--
ALTER TABLE `job_from_parent`
  ADD PRIMARY KEY (`id`,`pegawai`),
  ADD KEY `fk_job_from_parent_pegawai1_idx` (`pegawai`);

--
-- Indexes for table `pegawai`
--
ALTER TABLE `pegawai`
  ADD PRIMARY KEY (`id`,`ultg`,`jabatan`),
  ADD KEY `fk_pegawai_ultg1_idx` (`ultg`),
  ADD KEY `fk_pegawai_jabatan1_idx` (`jabatan`);

--
-- Indexes for table `pegawai_job_desk`
--
ALTER TABLE `pegawai_job_desk`
  ADD PRIMARY KEY (`id`,`jenis_job`,`pegawai`),
  ADD KEY `fk_pegawai_job_desk_pegawai1_idx` (`pegawai`),
  ADD KEY `fk_pegawai_job_desk_jenis_job1_idx` (`jenis_job`);

--
-- Indexes for table `pegawai_user`
--
ALTER TABLE `pegawai_user`
  ADD PRIMARY KEY (`id`,`user`,`pegawai`),
  ADD KEY `fk_pegawai_user_pegawai1_idx` (`pegawai`),
  ADD KEY `fk_pegawai_user_user1_idx` (`user`);

--
-- Indexes for table `priveledge`
--
ALTER TABLE `priveledge`
  ADD PRIMARY KEY (`id`);

--
-- Indexes for table `room`
--
ALTER TABLE `room`
  ADD PRIMARY KEY (`id`,`user`),
  ADD KEY `fk_room_user1_idx` (`user`);

--
-- Indexes for table `room_body`
--
ALTER TABLE `room_body`
  ADD PRIMARY KEY (`id`,`room_header`,`room_category`),
  ADD KEY `fk_room_body_room_header1_idx` (`room_header`),
  ADD KEY `fk_room_body_room_category1_idx` (`room_category`);

--
-- Indexes for table `room_body_comment`
--
ALTER TABLE `room_body_comment`
  ADD PRIMARY KEY (`id`,`user`,`room_body_sub_comment`),
  ADD KEY `fk_room_body_comment_room_body_sub_comment1_idx` (`room_body_sub_comment`),
  ADD KEY `fk_room_body_comment_user1_idx` (`user`);

--
-- Indexes for table `room_body_detail`
--
ALTER TABLE `room_body_detail`
  ADD PRIMARY KEY (`id`,`tipe_upload`,`room_body`),
  ADD KEY `fk_room_body_detail_room_body1_idx` (`room_body`),
  ADD KEY `fk_room_body_detail_tipe_upload1_idx` (`tipe_upload`);

--
-- Indexes for table `room_body_download`
--
ALTER TABLE `room_body_download`
  ADD PRIMARY KEY (`id`,`user`,`room_body_detail`),
  ADD KEY `fk_room_body_download_room_body_detail1_idx` (`room_body_detail`),
  ADD KEY `fk_room_body_download_user1_idx` (`user`);

--
-- Indexes for table `room_body_field_value`
--
ALTER TABLE `room_body_field_value`
  ADD PRIMARY KEY (`id`,`room_body_row_uniq`,`room_body_table_has_field`),
  ADD KEY `fk_room_body_field_value_room_body_table_has_field1_idx` (`room_body_table_has_field`),
  ADD KEY `fk_room_body_field_value_room_body_row_uniq1_idx` (`room_body_row_uniq`);

--
-- Indexes for table `room_body_form`
--
ALTER TABLE `room_body_form`
  ADD PRIMARY KEY (`id`,`room_body`,`tipe_data`),
  ADD KEY `fk_room_has_form_room_body1_idx` (`room_body`),
  ADD KEY `fk_room_body_form_tipe_data1_idx` (`tipe_data`);

--
-- Indexes for table `room_body_like`
--
ALTER TABLE `room_body_like`
  ADD PRIMARY KEY (`id`,`user`,`room_body`),
  ADD KEY `fk_room_body_like_room_body1_idx` (`room_body`),
  ADD KEY `fk_room_body_like_user1_idx` (`user`);

--
-- Indexes for table `room_body_permission`
--
ALTER TABLE `room_body_permission`
  ADD PRIMARY KEY (`id`,`user`,`room_body`),
  ADD KEY `fk_room_body_permission_user1_idx` (`user`),
  ADD KEY `fk_room_body_permission_room_body1_idx` (`room_body`);

--
-- Indexes for table `room_body_row_uniq`
--
ALTER TABLE `room_body_row_uniq`
  ADD PRIMARY KEY (`id`,`user`,`room_body_table`),
  ADD KEY `fk_room_body_row_uniq_room_body_table1_idx` (`room_body_table`),
  ADD KEY `fk_room_body_row_uniq_user1_idx` (`user`);

--
-- Indexes for table `room_body_sub_comment`
--
ALTER TABLE `room_body_sub_comment`
  ADD PRIMARY KEY (`id`,`user`,`room_body`),
  ADD KEY `fk_room_body_sub_comment_room_body1_idx` (`room_body`),
  ADD KEY `fk_room_body_sub_comment_user1_idx` (`user`);

--
-- Indexes for table `room_body_table`
--
ALTER TABLE `room_body_table`
  ADD PRIMARY KEY (`id`);

--
-- Indexes for table `room_body_table_has_field`
--
ALTER TABLE `room_body_table_has_field`
  ADD PRIMARY KEY (`id`,`room_body_table`),
  ADD KEY `fk_room_body_table_has_field_room_body_table1_idx` (`room_body_table`);

--
-- Indexes for table `room_category`
--
ALTER TABLE `room_category`
  ADD PRIMARY KEY (`id`);

--
-- Indexes for table `room_header`
--
ALTER TABLE `room_header`
  ADD PRIMARY KEY (`id`,`room`),
  ADD KEY `fk_room_header_room1_idx` (`room`);

--
-- Indexes for table `room_header_download`
--
ALTER TABLE `room_header_download`
  ADD PRIMARY KEY (`id`,`user`,`room_header`),
  ADD KEY `fk_room_header_download_room_header1_idx` (`room_header`),
  ADD KEY `fk_room_header_download_user1_idx` (`user`);

--
-- Indexes for table `room_header_fitur`
--
ALTER TABLE `room_header_fitur`
  ADD PRIMARY KEY (`id`,`user`,`room_header`),
  ADD KEY `fk_room_header_fitur_room_header1_idx` (`room_header`),
  ADD KEY `fk_room_header_fitur_user1_idx` (`user`);

--
-- Indexes for table `room_header_permission`
--
ALTER TABLE `room_header_permission`
  ADD PRIMARY KEY (`id`,`room_header`,`user`),
  ADD KEY `fk_room_header_permission_user1_idx` (`user`),
  ADD KEY `fk_room_header_permission_room_header1_idx` (`room_header`);

--
-- Indexes for table `room_permission`
--
ALTER TABLE `room_permission`
  ADD PRIMARY KEY (`id`,`user`,`room`),
  ADD KEY `fk_room_permission_room1_idx` (`room`),
  ADD KEY `fk_room_permission_user1_idx` (`user`);

--
-- Indexes for table `room_table_permission`
--
ALTER TABLE `room_table_permission`
  ADD PRIMARY KEY (`id`,`user`,`room_body_table`),
  ADD KEY `fk_room_table_permission_room_body_table1_idx` (`room_body_table`),
  ADD KEY `fk_room_table_permission_user1_idx` (`user`);

--
-- Indexes for table `status_comment`
--
ALTER TABLE `status_comment`
  ADD PRIMARY KEY (`id`,`room_body_comment`),
  ADD KEY `fk_status_comment_room_body_comment1_idx` (`room_body_comment`);

--
-- Indexes for table `status_sub_comment`
--
ALTER TABLE `status_sub_comment`
  ADD PRIMARY KEY (`id`,`room_body_sub_comment`),
  ADD KEY `fk_status_sub_comment_room_body_sub_comment1_idx` (`room_body_sub_comment`);

--
-- Indexes for table `sub_ultg`
--
ALTER TABLE `sub_ultg`
  ADD PRIMARY KEY (`id`,`ultg`),
  ADD KEY `fk_sub_ultg_ultg1_idx` (`ultg`);

--
-- Indexes for table `tipe_data`
--
ALTER TABLE `tipe_data`
  ADD PRIMARY KEY (`id`);

--
-- Indexes for table `tipe_upload`
--
ALTER TABLE `tipe_upload`
  ADD PRIMARY KEY (`id`);

--
-- Indexes for table `ultg`
--
ALTER TABLE `ultg`
  ADD PRIMARY KEY (`id`);

--
-- Indexes for table `user`
--
ALTER TABLE `user`
  ADD PRIMARY KEY (`id`);

--
-- Indexes for table `user_access_room`
--
ALTER TABLE `user_access_room`
  ADD PRIMARY KEY (`id`,`user`,`room_body`,`access_category`),
  ADD KEY `fk_user_access_room_room_body1_idx` (`room_body`),
  ADD KEY `fk_user_access_room_user1_idx` (`user`),
  ADD KEY `fk_user_access_room_access_category1_idx` (`access_category`);

--
-- Indexes for table `work_plan`
--
ALTER TABLE `work_plan`
  ADD PRIMARY KEY (`id`);

--
-- Indexes for table `work_plan_item`
--
ALTER TABLE `work_plan_item`
  ADD PRIMARY KEY (`id`,`user`,`work_plan`),
  ADD KEY `fk_work_plan_item_work_plan1_idx` (`work_plan`),
  ADD KEY `fk_work_plan_item_user1_idx` (`user`);

--
-- Indexes for table `work_plan_item_timeline`
--
ALTER TABLE `work_plan_item_timeline`
  ADD PRIMARY KEY (`id`,`work_plan_item`),
  ADD KEY `fk_work_plan_item_timeline_work_plan_item1_idx` (`work_plan_item`);

--
-- Indexes for table `work_plan_item_timeline_day`
--
ALTER TABLE `work_plan_item_timeline_day`
  ADD PRIMARY KEY (`id`,`work_plan_item_timeline`),
  ADD KEY `fk_work_plan_item_timeline_day_work_plan_item_timeline1_idx` (`work_plan_item_timeline`);

--
-- Indexes for table `work_plan_permission`
--
ALTER TABLE `work_plan_permission`
  ADD PRIMARY KEY (`id`,`user`),
  ADD KEY `fk_work_plan_permission_user1_idx` (`user`);

--
-- Indexes for table `work_plan_status`
--
ALTER TABLE `work_plan_status`
  ADD PRIMARY KEY (`id`,`work_plan`),
  ADD KEY `fk_work_plan_status_work_plan1_idx` (`work_plan`);

--
-- AUTO_INCREMENT for dumped tables
--

--
-- AUTO_INCREMENT for table `access_category`
--
ALTER TABLE `access_category`
  MODIFY `id` int(11) NOT NULL AUTO_INCREMENT, AUTO_INCREMENT=3;

--
-- AUTO_INCREMENT for table `dokumen_detail_form_body_input`
--
ALTER TABLE `dokumen_detail_form_body_input`
  MODIFY `id` int(11) NOT NULL AUTO_INCREMENT;

--
-- AUTO_INCREMENT for table `dokumen_room_body_form`
--
ALTER TABLE `dokumen_room_body_form`
  MODIFY `id` int(11) NOT NULL AUTO_INCREMENT;

--
-- AUTO_INCREMENT for table `feature`
--
ALTER TABLE `feature`
  MODIFY `id` int(11) NOT NULL AUTO_INCREMENT, AUTO_INCREMENT=23;

--
-- AUTO_INCREMENT for table `feature_set`
--
ALTER TABLE `feature_set`
  MODIFY `id` int(11) NOT NULL AUTO_INCREMENT, AUTO_INCREMENT=1221;

--
-- AUTO_INCREMENT for table `gardu_induk`
--
ALTER TABLE `gardu_induk`
  MODIFY `id` int(11) NOT NULL AUTO_INCREMENT;

--
-- AUTO_INCREMENT for table `jabatan`
--
ALTER TABLE `jabatan`
  MODIFY `id` int(11) NOT NULL AUTO_INCREMENT, AUTO_INCREMENT=546;

--
-- AUTO_INCREMENT for table `jabatan_header`
--
ALTER TABLE `jabatan_header`
  MODIFY `id` int(11) NOT NULL AUTO_INCREMENT, AUTO_INCREMENT=6;

--
-- AUTO_INCREMENT for table `jabatan_struktur`
--
ALTER TABLE `jabatan_struktur`
  MODIFY `id` int(11) NOT NULL AUTO_INCREMENT, AUTO_INCREMENT=23;

--
-- AUTO_INCREMENT for table `jenis_job`
--
ALTER TABLE `jenis_job`
  MODIFY `id` int(11) NOT NULL AUTO_INCREMENT, AUTO_INCREMENT=3;

--
-- AUTO_INCREMENT for table `job_desk_status`
--
ALTER TABLE `job_desk_status`
  MODIFY `id` int(11) NOT NULL AUTO_INCREMENT, AUTO_INCREMENT=6;

--
-- AUTO_INCREMENT for table `job_from_parent`
--
ALTER TABLE `job_from_parent`
  MODIFY `id` int(11) NOT NULL AUTO_INCREMENT;

--
-- AUTO_INCREMENT for table `pegawai`
--
ALTER TABLE `pegawai`
  MODIFY `id` int(11) NOT NULL AUTO_INCREMENT, AUTO_INCREMENT=3435;

--
-- AUTO_INCREMENT for table `pegawai_job_desk`
--
ALTER TABLE `pegawai_job_desk`
  MODIFY `id` int(11) NOT NULL AUTO_INCREMENT, AUTO_INCREMENT=4;

--
-- AUTO_INCREMENT for table `pegawai_user`
--
ALTER TABLE `pegawai_user`
  MODIFY `id` int(11) NOT NULL AUTO_INCREMENT;

--
-- AUTO_INCREMENT for table `priveledge`
--
ALTER TABLE `priveledge`
  MODIFY `id` int(11) NOT NULL AUTO_INCREMENT, AUTO_INCREMENT=2;

--
-- AUTO_INCREMENT for table `room`
--
ALTER TABLE `room`
  MODIFY `id` int(11) NOT NULL AUTO_INCREMENT, AUTO_INCREMENT=4;

--
-- AUTO_INCREMENT for table `room_body`
--
ALTER TABLE `room_body`
  MODIFY `id` int(11) NOT NULL AUTO_INCREMENT, AUTO_INCREMENT=15;

--
-- AUTO_INCREMENT for table `room_body_comment`
--
ALTER TABLE `room_body_comment`
  MODIFY `id` int(11) NOT NULL AUTO_INCREMENT, AUTO_INCREMENT=6;

--
-- AUTO_INCREMENT for table `room_body_detail`
--
ALTER TABLE `room_body_detail`
  MODIFY `id` int(11) NOT NULL AUTO_INCREMENT, AUTO_INCREMENT=2;

--
-- AUTO_INCREMENT for table `room_body_download`
--
ALTER TABLE `room_body_download`
  MODIFY `id` int(11) NOT NULL AUTO_INCREMENT;

--
-- AUTO_INCREMENT for table `room_body_field_value`
--
ALTER TABLE `room_body_field_value`
  MODIFY `id` int(11) NOT NULL AUTO_INCREMENT, AUTO_INCREMENT=15;

--
-- AUTO_INCREMENT for table `room_body_form`
--
ALTER TABLE `room_body_form`
  MODIFY `id` int(11) NOT NULL AUTO_INCREMENT;

--
-- AUTO_INCREMENT for table `room_body_like`
--
ALTER TABLE `room_body_like`
  MODIFY `id` int(11) NOT NULL AUTO_INCREMENT, AUTO_INCREMENT=5;

--
-- AUTO_INCREMENT for table `room_body_permission`
--
ALTER TABLE `room_body_permission`
  MODIFY `id` int(11) NOT NULL AUTO_INCREMENT, AUTO_INCREMENT=3;

--
-- AUTO_INCREMENT for table `room_body_row_uniq`
--
ALTER TABLE `room_body_row_uniq`
  MODIFY `id` int(11) NOT NULL AUTO_INCREMENT, AUTO_INCREMENT=7;

--
-- AUTO_INCREMENT for table `room_body_sub_comment`
--
ALTER TABLE `room_body_sub_comment`
  MODIFY `id` int(11) NOT NULL AUTO_INCREMENT, AUTO_INCREMENT=5;

--
-- AUTO_INCREMENT for table `room_body_table`
--
ALTER TABLE `room_body_table`
  MODIFY `id` int(11) NOT NULL AUTO_INCREMENT, AUTO_INCREMENT=7;

--
-- AUTO_INCREMENT for table `room_body_table_has_field`
--
ALTER TABLE `room_body_table_has_field`
  MODIFY `id` int(11) NOT NULL AUTO_INCREMENT, AUTO_INCREMENT=13;

--
-- AUTO_INCREMENT for table `room_category`
--
ALTER TABLE `room_category`
  MODIFY `id` int(11) NOT NULL AUTO_INCREMENT, AUTO_INCREMENT=2;

--
-- AUTO_INCREMENT for table `room_header`
--
ALTER TABLE `room_header`
  MODIFY `id` int(11) NOT NULL AUTO_INCREMENT, AUTO_INCREMENT=13;

--
-- AUTO_INCREMENT for table `room_header_download`
--
ALTER TABLE `room_header_download`
  MODIFY `id` int(11) NOT NULL AUTO_INCREMENT;

--
-- AUTO_INCREMENT for table `room_header_fitur`
--
ALTER TABLE `room_header_fitur`
  MODIFY `id` int(11) NOT NULL AUTO_INCREMENT, AUTO_INCREMENT=3;

--
-- AUTO_INCREMENT for table `room_header_permission`
--
ALTER TABLE `room_header_permission`
  MODIFY `id` int(11) NOT NULL AUTO_INCREMENT, AUTO_INCREMENT=3;

--
-- AUTO_INCREMENT for table `room_permission`
--
ALTER TABLE `room_permission`
  MODIFY `id` int(11) NOT NULL AUTO_INCREMENT, AUTO_INCREMENT=2;

--
-- AUTO_INCREMENT for table `room_table_permission`
--
ALTER TABLE `room_table_permission`
  MODIFY `id` int(11) NOT NULL AUTO_INCREMENT, AUTO_INCREMENT=2;

--
-- AUTO_INCREMENT for table `status_comment`
--
ALTER TABLE `status_comment`
  MODIFY `id` int(11) NOT NULL AUTO_INCREMENT, AUTO_INCREMENT=6;

--
-- AUTO_INCREMENT for table `status_sub_comment`
--
ALTER TABLE `status_sub_comment`
  MODIFY `id` int(11) NOT NULL AUTO_INCREMENT, AUTO_INCREMENT=8;

--
-- AUTO_INCREMENT for table `sub_ultg`
--
ALTER TABLE `sub_ultg`
  MODIFY `id` int(11) NOT NULL AUTO_INCREMENT, AUTO_INCREMENT=654;

--
-- AUTO_INCREMENT for table `tipe_data`
--
ALTER TABLE `tipe_data`
  MODIFY `id` int(11) NOT NULL AUTO_INCREMENT, AUTO_INCREMENT=4;

--
-- AUTO_INCREMENT for table `tipe_upload`
--
ALTER TABLE `tipe_upload`
  MODIFY `id` int(11) NOT NULL AUTO_INCREMENT, AUTO_INCREMENT=4;

--
-- AUTO_INCREMENT for table `ultg`
--
ALTER TABLE `ultg`
  MODIFY `id` int(11) NOT NULL AUTO_INCREMENT, AUTO_INCREMENT=9;

--
-- AUTO_INCREMENT for table `user`
--
ALTER TABLE `user`
  MODIFY `id` int(11) NOT NULL AUTO_INCREMENT, AUTO_INCREMENT=1148;

--
-- AUTO_INCREMENT for table `user_access_room`
--
ALTER TABLE `user_access_room`
  MODIFY `id` int(11) NOT NULL AUTO_INCREMENT;

--
-- AUTO_INCREMENT for table `work_plan`
--
ALTER TABLE `work_plan`
  MODIFY `id` int(11) NOT NULL AUTO_INCREMENT, AUTO_INCREMENT=15;

--
-- AUTO_INCREMENT for table `work_plan_item`
--
ALTER TABLE `work_plan_item`
  MODIFY `id` int(11) NOT NULL AUTO_INCREMENT, AUTO_INCREMENT=19;

--
-- AUTO_INCREMENT for table `work_plan_item_timeline`
--
ALTER TABLE `work_plan_item_timeline`
  MODIFY `id` int(11) NOT NULL AUTO_INCREMENT, AUTO_INCREMENT=23;

--
-- AUTO_INCREMENT for table `work_plan_item_timeline_day`
--
ALTER TABLE `work_plan_item_timeline_day`
  MODIFY `id` int(11) NOT NULL AUTO_INCREMENT, AUTO_INCREMENT=97;

--
-- AUTO_INCREMENT for table `work_plan_permission`
--
ALTER TABLE `work_plan_permission`
  MODIFY `id` int(11) NOT NULL AUTO_INCREMENT;

--
-- AUTO_INCREMENT for table `work_plan_status`
--
ALTER TABLE `work_plan_status`
  MODIFY `id` int(11) NOT NULL AUTO_INCREMENT, AUTO_INCREMENT=5;

--
-- Constraints for dumped tables
--

--
-- Constraints for table `dokumen_detail_form_body_input`
--
ALTER TABLE `dokumen_detail_form_body_input`
  ADD CONSTRAINT `fk_dokumen_detail_form_body_input_dokumen_room_body_form1` FOREIGN KEY (`dokumen_room_body_form`) REFERENCES `dokumen_room_body_form` (`id`) ON DELETE NO ACTION ON UPDATE NO ACTION;

--
-- Constraints for table `dokumen_room_body_form`
--
ALTER TABLE `dokumen_room_body_form`
  ADD CONSTRAINT `fk_dokumen_room_body_form_room_body1` FOREIGN KEY (`room_body`) REFERENCES `room_body` (`id`) ON DELETE NO ACTION ON UPDATE NO ACTION;

--
-- Constraints for table `feature_set`
--
ALTER TABLE `feature_set`
  ADD CONSTRAINT `fk_feature_set_feature1` FOREIGN KEY (`feature`) REFERENCES `feature` (`id`) ON DELETE NO ACTION ON UPDATE NO ACTION,
  ADD CONSTRAINT `fk_feature_set_user1` FOREIGN KEY (`user`) REFERENCES `user` (`id`) ON DELETE NO ACTION ON UPDATE NO ACTION;

--
-- Constraints for table `gardu_induk`
--
ALTER TABLE `gardu_induk`
  ADD CONSTRAINT `fk_gardu_induk_ultg1` FOREIGN KEY (`ultg`) REFERENCES `ultg` (`id`) ON DELETE NO ACTION ON UPDATE NO ACTION;

--
-- Constraints for table `jabatan_struktur`
--
ALTER TABLE `jabatan_struktur`
  ADD CONSTRAINT `fk_jabatan_struktur_jabatan_header1` FOREIGN KEY (`jabatan_header`) REFERENCES `jabatan_header` (`id`) ON DELETE NO ACTION ON UPDATE NO ACTION,
  ADD CONSTRAINT `fk_jabatan_struktur_pegawai1` FOREIGN KEY (`pegawai`) REFERENCES `pegawai` (`id`) ON DELETE NO ACTION ON UPDATE NO ACTION;

--
-- Constraints for table `job_desk_status`
--
ALTER TABLE `job_desk_status`
  ADD CONSTRAINT `fk_job_desk_status_pegawai_job_desk1` FOREIGN KEY (`pegawai_job_desk`) REFERENCES `pegawai_job_desk` (`id`) ON DELETE NO ACTION ON UPDATE NO ACTION;

--
-- Constraints for table `job_from_parent`
--
ALTER TABLE `job_from_parent`
  ADD CONSTRAINT `fk_job_from_parent_pegawai1` FOREIGN KEY (`pegawai`) REFERENCES `pegawai` (`id`) ON DELETE NO ACTION ON UPDATE NO ACTION;

--
-- Constraints for table `pegawai`
--
ALTER TABLE `pegawai`
  ADD CONSTRAINT `fk_pegawai_jabatan1` FOREIGN KEY (`jabatan`) REFERENCES `jabatan` (`id`) ON DELETE NO ACTION ON UPDATE NO ACTION,
  ADD CONSTRAINT `fk_pegawai_ultg1` FOREIGN KEY (`ultg`) REFERENCES `ultg` (`id`) ON DELETE NO ACTION ON UPDATE NO ACTION;

--
-- Constraints for table `pegawai_job_desk`
--
ALTER TABLE `pegawai_job_desk`
  ADD CONSTRAINT `fk_pegawai_job_desk_jenis_job1` FOREIGN KEY (`jenis_job`) REFERENCES `jenis_job` (`id`) ON DELETE NO ACTION ON UPDATE NO ACTION,
  ADD CONSTRAINT `fk_pegawai_job_desk_pegawai1` FOREIGN KEY (`pegawai`) REFERENCES `pegawai` (`id`) ON DELETE NO ACTION ON UPDATE NO ACTION;

--
-- Constraints for table `pegawai_user`
--
ALTER TABLE `pegawai_user`
  ADD CONSTRAINT `fk_pegawai_user_pegawai1` FOREIGN KEY (`pegawai`) REFERENCES `pegawai` (`id`) ON DELETE NO ACTION ON UPDATE NO ACTION,
  ADD CONSTRAINT `fk_pegawai_user_user1` FOREIGN KEY (`user`) REFERENCES `user` (`id`) ON DELETE NO ACTION ON UPDATE NO ACTION;

--
-- Constraints for table `room`
--
ALTER TABLE `room`
  ADD CONSTRAINT `fk_room_user1` FOREIGN KEY (`user`) REFERENCES `user` (`id`) ON DELETE NO ACTION ON UPDATE NO ACTION;

--
-- Constraints for table `room_body`
--
ALTER TABLE `room_body`
  ADD CONSTRAINT `fk_room_body_room_category1` FOREIGN KEY (`room_category`) REFERENCES `room_category` (`id`) ON DELETE NO ACTION ON UPDATE NO ACTION,
  ADD CONSTRAINT `fk_room_body_room_header1` FOREIGN KEY (`room_header`) REFERENCES `room_header` (`id`) ON DELETE NO ACTION ON UPDATE NO ACTION;

--
-- Constraints for table `room_body_comment`
--
ALTER TABLE `room_body_comment`
  ADD CONSTRAINT `fk_room_body_comment_room_body_sub_comment1` FOREIGN KEY (`room_body_sub_comment`) REFERENCES `room_body_sub_comment` (`id`) ON DELETE NO ACTION ON UPDATE NO ACTION,
  ADD CONSTRAINT `fk_room_body_comment_user1` FOREIGN KEY (`user`) REFERENCES `user` (`id`) ON DELETE NO ACTION ON UPDATE NO ACTION;

--
-- Constraints for table `room_body_detail`
--
ALTER TABLE `room_body_detail`
  ADD CONSTRAINT `fk_room_body_detail_room_body1` FOREIGN KEY (`room_body`) REFERENCES `room_body` (`id`) ON DELETE NO ACTION ON UPDATE NO ACTION,
  ADD CONSTRAINT `fk_room_body_detail_tipe_upload1` FOREIGN KEY (`tipe_upload`) REFERENCES `tipe_upload` (`id`) ON DELETE NO ACTION ON UPDATE NO ACTION;

--
-- Constraints for table `room_body_download`
--
ALTER TABLE `room_body_download`
  ADD CONSTRAINT `fk_room_body_download_room_body_detail1` FOREIGN KEY (`room_body_detail`) REFERENCES `room_body_detail` (`id`) ON DELETE NO ACTION ON UPDATE NO ACTION,
  ADD CONSTRAINT `fk_room_body_download_user1` FOREIGN KEY (`user`) REFERENCES `user` (`id`) ON DELETE NO ACTION ON UPDATE NO ACTION;

--
-- Constraints for table `room_body_field_value`
--
ALTER TABLE `room_body_field_value`
  ADD CONSTRAINT `fk_room_body_field_value_room_body_row_uniq1` FOREIGN KEY (`room_body_row_uniq`) REFERENCES `room_body_row_uniq` (`id`) ON DELETE NO ACTION ON UPDATE NO ACTION,
  ADD CONSTRAINT `fk_room_body_field_value_room_body_table_has_field1` FOREIGN KEY (`room_body_table_has_field`) REFERENCES `room_body_table_has_field` (`id`) ON DELETE NO ACTION ON UPDATE NO ACTION;

--
-- Constraints for table `room_body_form`
--
ALTER TABLE `room_body_form`
  ADD CONSTRAINT `fk_room_body_form_tipe_data1` FOREIGN KEY (`tipe_data`) REFERENCES `tipe_data` (`id`) ON DELETE NO ACTION ON UPDATE NO ACTION,
  ADD CONSTRAINT `fk_room_has_form_room_body1` FOREIGN KEY (`room_body`) REFERENCES `room_body` (`id`) ON DELETE NO ACTION ON UPDATE NO ACTION;

--
-- Constraints for table `room_body_like`
--
ALTER TABLE `room_body_like`
  ADD CONSTRAINT `fk_room_body_like_room_body1` FOREIGN KEY (`room_body`) REFERENCES `room_body` (`id`) ON DELETE NO ACTION ON UPDATE NO ACTION,
  ADD CONSTRAINT `fk_room_body_like_user1` FOREIGN KEY (`user`) REFERENCES `user` (`id`) ON DELETE NO ACTION ON UPDATE NO ACTION;

--
-- Constraints for table `room_body_permission`
--
ALTER TABLE `room_body_permission`
  ADD CONSTRAINT `fk_room_body_permission_room_body1` FOREIGN KEY (`room_body`) REFERENCES `room_body` (`id`) ON DELETE NO ACTION ON UPDATE NO ACTION,
  ADD CONSTRAINT `fk_room_body_permission_user1` FOREIGN KEY (`user`) REFERENCES `user` (`id`) ON DELETE NO ACTION ON UPDATE NO ACTION;

--
-- Constraints for table `room_body_row_uniq`
--
ALTER TABLE `room_body_row_uniq`
  ADD CONSTRAINT `fk_room_body_row_uniq_room_body_table1` FOREIGN KEY (`room_body_table`) REFERENCES `room_body_table` (`id`) ON DELETE NO ACTION ON UPDATE NO ACTION,
  ADD CONSTRAINT `fk_room_body_row_uniq_user1` FOREIGN KEY (`user`) REFERENCES `user` (`id`) ON DELETE NO ACTION ON UPDATE NO ACTION;

--
-- Constraints for table `room_body_sub_comment`
--
ALTER TABLE `room_body_sub_comment`
  ADD CONSTRAINT `fk_room_body_sub_comment_room_body1` FOREIGN KEY (`room_body`) REFERENCES `room_body` (`id`) ON DELETE NO ACTION ON UPDATE NO ACTION,
  ADD CONSTRAINT `fk_room_body_sub_comment_user1` FOREIGN KEY (`user`) REFERENCES `user` (`id`) ON DELETE NO ACTION ON UPDATE NO ACTION;

--
-- Constraints for table `room_body_table_has_field`
--
ALTER TABLE `room_body_table_has_field`
  ADD CONSTRAINT `fk_room_body_table_has_field_room_body_table1` FOREIGN KEY (`room_body_table`) REFERENCES `room_body_table` (`id`) ON DELETE NO ACTION ON UPDATE NO ACTION;

--
-- Constraints for table `room_header`
--
ALTER TABLE `room_header`
  ADD CONSTRAINT `fk_room_header_room1` FOREIGN KEY (`room`) REFERENCES `room` (`id`) ON DELETE NO ACTION ON UPDATE NO ACTION;

--
-- Constraints for table `room_header_download`
--
ALTER TABLE `room_header_download`
  ADD CONSTRAINT `fk_room_header_download_room_header1` FOREIGN KEY (`room_header`) REFERENCES `room_header` (`id`) ON DELETE NO ACTION ON UPDATE NO ACTION,
  ADD CONSTRAINT `fk_room_header_download_user1` FOREIGN KEY (`user`) REFERENCES `user` (`id`) ON DELETE NO ACTION ON UPDATE NO ACTION;

--
-- Constraints for table `room_header_fitur`
--
ALTER TABLE `room_header_fitur`
  ADD CONSTRAINT `fk_room_header_fitur_room_header1` FOREIGN KEY (`room_header`) REFERENCES `room_header` (`id`) ON DELETE NO ACTION ON UPDATE NO ACTION,
  ADD CONSTRAINT `fk_room_header_fitur_user1` FOREIGN KEY (`user`) REFERENCES `user` (`id`) ON DELETE NO ACTION ON UPDATE NO ACTION;

--
-- Constraints for table `room_header_permission`
--
ALTER TABLE `room_header_permission`
  ADD CONSTRAINT `fk_room_header_permission_room_header1` FOREIGN KEY (`room_header`) REFERENCES `room_header` (`id`) ON DELETE NO ACTION ON UPDATE NO ACTION,
  ADD CONSTRAINT `fk_room_header_permission_user1` FOREIGN KEY (`user`) REFERENCES `user` (`id`) ON DELETE NO ACTION ON UPDATE NO ACTION;

--
-- Constraints for table `room_permission`
--
ALTER TABLE `room_permission`
  ADD CONSTRAINT `fk_room_permission_room1` FOREIGN KEY (`room`) REFERENCES `room` (`id`) ON DELETE NO ACTION ON UPDATE NO ACTION,
  ADD CONSTRAINT `fk_room_permission_user1` FOREIGN KEY (`user`) REFERENCES `user` (`id`) ON DELETE NO ACTION ON UPDATE NO ACTION;

--
-- Constraints for table `room_table_permission`
--
ALTER TABLE `room_table_permission`
  ADD CONSTRAINT `fk_room_table_permission_room_body_table1` FOREIGN KEY (`room_body_table`) REFERENCES `room_body_table` (`id`) ON DELETE NO ACTION ON UPDATE NO ACTION,
  ADD CONSTRAINT `fk_room_table_permission_user1` FOREIGN KEY (`user`) REFERENCES `user` (`id`) ON DELETE NO ACTION ON UPDATE NO ACTION;

--
-- Constraints for table `status_comment`
--
ALTER TABLE `status_comment`
  ADD CONSTRAINT `fk_status_comment_room_body_comment1` FOREIGN KEY (`room_body_comment`) REFERENCES `room_body_comment` (`id`) ON DELETE NO ACTION ON UPDATE NO ACTION;

--
-- Constraints for table `status_sub_comment`
--
ALTER TABLE `status_sub_comment`
  ADD CONSTRAINT `fk_status_sub_comment_room_body_sub_comment1` FOREIGN KEY (`room_body_sub_comment`) REFERENCES `room_body_sub_comment` (`id`) ON DELETE NO ACTION ON UPDATE NO ACTION;

--
-- Constraints for table `sub_ultg`
--
ALTER TABLE `sub_ultg`
  ADD CONSTRAINT `fk_sub_ultg_ultg1` FOREIGN KEY (`ultg`) REFERENCES `ultg` (`id`) ON DELETE NO ACTION ON UPDATE NO ACTION;

--
-- Constraints for table `user_access_room`
--
ALTER TABLE `user_access_room`
  ADD CONSTRAINT `fk_user_access_room_access_category1` FOREIGN KEY (`access_category`) REFERENCES `access_category` (`id`) ON DELETE NO ACTION ON UPDATE NO ACTION,
  ADD CONSTRAINT `fk_user_access_room_room_body1` FOREIGN KEY (`room_body`) REFERENCES `room_body` (`id`) ON DELETE NO ACTION ON UPDATE NO ACTION,
  ADD CONSTRAINT `fk_user_access_room_user1` FOREIGN KEY (`user`) REFERENCES `user` (`id`) ON DELETE NO ACTION ON UPDATE NO ACTION;

--
-- Constraints for table `work_plan_item`
--
ALTER TABLE `work_plan_item`
  ADD CONSTRAINT `fk_work_plan_item_user1` FOREIGN KEY (`user`) REFERENCES `user` (`id`) ON DELETE NO ACTION ON UPDATE NO ACTION,
  ADD CONSTRAINT `fk_work_plan_item_work_plan1` FOREIGN KEY (`work_plan`) REFERENCES `work_plan` (`id`) ON DELETE NO ACTION ON UPDATE NO ACTION;

--
-- Constraints for table `work_plan_item_timeline`
--
ALTER TABLE `work_plan_item_timeline`
  ADD CONSTRAINT `fk_work_plan_item_timeline_work_plan_item1` FOREIGN KEY (`work_plan_item`) REFERENCES `work_plan_item` (`id`) ON DELETE NO ACTION ON UPDATE NO ACTION;

--
-- Constraints for table `work_plan_item_timeline_day`
--
ALTER TABLE `work_plan_item_timeline_day`
  ADD CONSTRAINT `fk_work_plan_item_timeline_day_work_plan_item_timeline1` FOREIGN KEY (`work_plan_item_timeline`) REFERENCES `work_plan_item_timeline` (`id`) ON DELETE NO ACTION ON UPDATE NO ACTION;

--
-- Constraints for table `work_plan_permission`
--
ALTER TABLE `work_plan_permission`
  ADD CONSTRAINT `fk_work_plan_permission_user1` FOREIGN KEY (`user`) REFERENCES `user` (`id`) ON DELETE NO ACTION ON UPDATE NO ACTION;

--
-- Constraints for table `work_plan_status`
--
ALTER TABLE `work_plan_status`
  ADD CONSTRAINT `fk_work_plan_status_work_plan1` FOREIGN KEY (`work_plan`) REFERENCES `work_plan` (`id`) ON DELETE NO ACTION ON UPDATE NO ACTION;
COMMIT;

/*!40101 SET CHARACTER_SET_CLIENT=@OLD_CHARACTER_SET_CLIENT */;
/*!40101 SET CHARACTER_SET_RESULTS=@OLD_CHARACTER_SET_RESULTS */;
/*!40101 SET COLLATION_CONNECTION=@OLD_COLLATION_CONNECTION */;
